Database,Schema,Table,Column,DataType,Nullable,Default,PrimaryKey,ForeignKeyReference,RelatedTables,Notes
katilim.crm,Crm,AccountingCodes,Uid,uniqueidentifier,Hayir,,Evet,,,
katilim.crm,Crm,AccountingCodes,UpdatedAt,datetime2(7),Evet,,Hayir,,,
katilim.crm,Crm,AccountingCodes,DeletedAt,datetime2(7),Evet,,Hayir,,,
katilim.crm,Crm,AccountingCodes,CreatedAt,datetime2(7),Hayir,,Hayir,,,
katilim.crm,Crm,AccountingCodes,CreatedBy,uniqueidentifier,Evet,,Hayir,,,
katilim.crm,Crm,AccountingCodes,UpdatedBy,uniqueidentifier,Evet,,Hayir,,,
katilim.crm,Crm,AccountingCodes,DeletedBy,uniqueidentifier,Evet,,Hayir,,,
katilim.crm,Crm,AccountingCodes,Deleted,bit,Hayir,,Hayir,,,
katilim.crm,Crm,AccountingCodes,Period,nvarchar(9),Hayir,,Hayir,,,
katilim.crm,Crm,AccountingCodes,Type,nvarchar(9),Hayir,,Hayir,,,
katilim.crm,Crm,AccountingCodes,Model,nvarchar(9),Hayir,,Hayir,,,
katilim.crm,Crm,AccountingCodes,DueType,nvarchar(9),Hayir,,Hayir,,,
katilim.crm,Crm,AccountingCodes,Key,nvarchar(20),Hayir,,Hayir,,,
katilim.crm,Crm,AccountingCodes,Code,nvarchar(20),Hayir,,Hayir,,,
katilim.crm,Crm,AccountingCodes,Description,nvarchar(100),Evet,,Hayir,,,
katilim.crm,Crm,Activities,Uid,uniqueidentifier,Hayir,,Evet,,Crm.ActivityRecords; Crm.ActivityTypes; Crm.Contracts; Crm.Customers; Crm.DrawCodes; Crm.LeadForms; Crm.Opportunities; Crm.QualityAnswers; Crm.QualityNotes; Crm.RepPointLogs; Crm.Users,
katilim.crm,Crm,Activities,UpdatedAt,datetime2(7),Evet,,Hayir,,Crm.ActivityRecords; Crm.ActivityTypes; Crm.Contracts; Crm.Customers; Crm.DrawCodes; Crm.LeadForms; Crm.Opportunities; Crm.QualityAnswers; Crm.QualityNotes; Crm.RepPointLogs; Crm.Users,
katilim.crm,Crm,Activities,DeletedAt,datetime2(7),Evet,,Hayir,,Crm.ActivityRecords; Crm.ActivityTypes; Crm.Contracts; Crm.Customers; Crm.DrawCodes; Crm.LeadForms; Crm.Opportunities; Crm.QualityAnswers; Crm.QualityNotes; Crm.RepPointLogs; Crm.Users,
katilim.crm,Crm,Activities,CreatedAt,datetime2(7),Hayir,,Hayir,,Crm.ActivityRecords; Crm.ActivityTypes; Crm.Contracts; Crm.Customers; Crm.DrawCodes; Crm.LeadForms; Crm.Opportunities; Crm.QualityAnswers; Crm.QualityNotes; Crm.RepPointLogs; Crm.Users,
katilim.crm,Crm,Activities,CreatedBy,uniqueidentifier,Evet,,Hayir,Crm.Users.Uid,Crm.ActivityRecords; Crm.ActivityTypes; Crm.Contracts; Crm.Customers; Crm.DrawCodes; Crm.LeadForms; Crm.Opportunities; Crm.QualityAnswers; Crm.QualityNotes; Crm.RepPointLogs; Crm.Users,
katilim.crm,Crm,Activities,UpdatedBy,uniqueidentifier,Evet,,Hayir,Crm.Users.Uid,Crm.ActivityRecords; Crm.ActivityTypes; Crm.Contracts; Crm.Customers; Crm.DrawCodes; Crm.LeadForms; Crm.Opportunities; Crm.QualityAnswers; Crm.QualityNotes; Crm.RepPointLogs; Crm.Users,
katilim.crm,Crm,Activities,DeletedBy,uniqueidentifier,Evet,,Hayir,Crm.Users.Uid,Crm.ActivityRecords; Crm.ActivityTypes; Crm.Contracts; Crm.Customers; Crm.DrawCodes; Crm.LeadForms; Crm.Opportunities; Crm.QualityAnswers; Crm.QualityNotes; Crm.RepPointLogs; Crm.Users,
katilim.crm,Crm,Activities,Deleted,bit,Hayir,,Hayir,,Crm.ActivityRecords; Crm.ActivityTypes; Crm.Contracts; Crm.Customers; Crm.DrawCodes; Crm.LeadForms; Crm.Opportunities; Crm.QualityAnswers; Crm.QualityNotes; Crm.RepPointLogs; Crm.Users,
katilim.crm,Crm,Activities,ActivityTypeUid,uniqueidentifier,Evet,,Hayir,Crm.ActivityTypes.Uid,Crm.ActivityRecords; Crm.ActivityTypes; Crm.Contracts; Crm.Customers; Crm.DrawCodes; Crm.LeadForms; Crm.Opportunities; Crm.QualityAnswers; Crm.QualityNotes; Crm.RepPointLogs; Crm.Users,
katilim.crm,Crm,Activities,ActivitySubTypeUid,uniqueidentifier,Evet,,Hayir,Crm.ActivityTypes.Uid,Crm.ActivityRecords; Crm.ActivityTypes; Crm.Contracts; Crm.Customers; Crm.DrawCodes; Crm.LeadForms; Crm.Opportunities; Crm.QualityAnswers; Crm.QualityNotes; Crm.RepPointLogs; Crm.Users,
katilim.crm,Crm,Activities,Status,nvarchar(1),Evet,,Hayir,,Crm.ActivityRecords; Crm.ActivityTypes; Crm.Contracts; Crm.Customers; Crm.DrawCodes; Crm.LeadForms; Crm.Opportunities; Crm.QualityAnswers; Crm.QualityNotes; Crm.RepPointLogs; Crm.Users,
katilim.crm,Crm,Activities,ResultType,nvarchar(2),Evet,,Hayir,,Crm.ActivityRecords; Crm.ActivityTypes; Crm.Contracts; Crm.Customers; Crm.DrawCodes; Crm.LeadForms; Crm.Opportunities; Crm.QualityAnswers; Crm.QualityNotes; Crm.RepPointLogs; Crm.Users,
katilim.crm,Crm,Activities,SuccessBy,uniqueidentifier,Evet,,Hayir,Crm.Users.Uid,Crm.ActivityRecords; Crm.ActivityTypes; Crm.Contracts; Crm.Customers; Crm.DrawCodes; Crm.LeadForms; Crm.Opportunities; Crm.QualityAnswers; Crm.QualityNotes; Crm.RepPointLogs; Crm.Users,
katilim.crm,Crm,Activities,CanceledBy,uniqueidentifier,Evet,,Hayir,Crm.Users.Uid,Crm.ActivityRecords; Crm.ActivityTypes; Crm.Contracts; Crm.Customers; Crm.DrawCodes; Crm.LeadForms; Crm.Opportunities; Crm.QualityAnswers; Crm.QualityNotes; Crm.RepPointLogs; Crm.Users,
katilim.crm,Crm,Activities,IsImportant,bit,Hayir,,Hayir,,Crm.ActivityRecords; Crm.ActivityTypes; Crm.Contracts; Crm.Customers; Crm.DrawCodes; Crm.LeadForms; Crm.Opportunities; Crm.QualityAnswers; Crm.QualityNotes; Crm.RepPointLogs; Crm.Users,
katilim.crm,Crm,Activities,StartDate,datetime2(7),Evet,,Hayir,,Crm.ActivityRecords; Crm.ActivityTypes; Crm.Contracts; Crm.Customers; Crm.DrawCodes; Crm.LeadForms; Crm.Opportunities; Crm.QualityAnswers; Crm.QualityNotes; Crm.RepPointLogs; Crm.Users,
katilim.crm,Crm,Activities,EndDate,datetime2(7),Evet,,Hayir,,Crm.ActivityRecords; Crm.ActivityTypes; Crm.Contracts; Crm.Customers; Crm.DrawCodes; Crm.LeadForms; Crm.Opportunities; Crm.QualityAnswers; Crm.QualityNotes; Crm.RepPointLogs; Crm.Users,
katilim.crm,Crm,Activities,Description,nvarchar(4000),Evet,,Hayir,,Crm.ActivityRecords; Crm.ActivityTypes; Crm.Contracts; Crm.Customers; Crm.DrawCodes; Crm.LeadForms; Crm.Opportunities; Crm.QualityAnswers; Crm.QualityNotes; Crm.RepPointLogs; Crm.Users,
katilim.crm,Crm,Activities,CustomerUid,uniqueidentifier,Evet,,Hayir,Crm.Customers.Uid,Crm.ActivityRecords; Crm.ActivityTypes; Crm.Contracts; Crm.Customers; Crm.DrawCodes; Crm.LeadForms; Crm.Opportunities; Crm.QualityAnswers; Crm.QualityNotes; Crm.RepPointLogs; Crm.Users,
katilim.crm,Crm,Activities,ContractUid,uniqueidentifier,Evet,,Hayir,Crm.Contracts.Uid,Crm.ActivityRecords; Crm.ActivityTypes; Crm.Contracts; Crm.Customers; Crm.DrawCodes; Crm.LeadForms; Crm.Opportunities; Crm.QualityAnswers; Crm.QualityNotes; Crm.RepPointLogs; Crm.Users,
katilim.crm,Crm,Activities,OwnerUid,uniqueidentifier,Evet,,Hayir,Crm.Users.Uid,Crm.ActivityRecords; Crm.ActivityTypes; Crm.Contracts; Crm.Customers; Crm.DrawCodes; Crm.LeadForms; Crm.Opportunities; Crm.QualityAnswers; Crm.QualityNotes; Crm.RepPointLogs; Crm.Users,
katilim.crm,Crm,Activities,DescriptionDone,nvarchar(4000),Evet,,Hayir,,Crm.ActivityRecords; Crm.ActivityTypes; Crm.Contracts; Crm.Customers; Crm.DrawCodes; Crm.LeadForms; Crm.Opportunities; Crm.QualityAnswers; Crm.QualityNotes; Crm.RepPointLogs; Crm.Users,
katilim.crm,Crm,Activities,IsAppointmentCall,bit,Hayir,((0)),Hayir,,Crm.ActivityRecords; Crm.ActivityTypes; Crm.Contracts; Crm.Customers; Crm.DrawCodes; Crm.LeadForms; Crm.Opportunities; Crm.QualityAnswers; Crm.QualityNotes; Crm.RepPointLogs; Crm.Users,
katilim.crm,Crm,Activities,IsAttendedTheMeeting,bit,Hayir,((0)),Hayir,,Crm.ActivityRecords; Crm.ActivityTypes; Crm.Contracts; Crm.Customers; Crm.DrawCodes; Crm.LeadForms; Crm.Opportunities; Crm.QualityAnswers; Crm.QualityNotes; Crm.RepPointLogs; Crm.Users,
katilim.crm,Crm,Activities,IsSequent,bit,Hayir,((0)),Hayir,,Crm.ActivityRecords; Crm.ActivityTypes; Crm.Contracts; Crm.Customers; Crm.DrawCodes; Crm.LeadForms; Crm.Opportunities; Crm.QualityAnswers; Crm.QualityNotes; Crm.RepPointLogs; Crm.Users,
katilim.crm,Crm,Activities,ReasonDescription,nvarchar(4000),Evet,,Hayir,,Crm.ActivityRecords; Crm.ActivityTypes; Crm.Contracts; Crm.Customers; Crm.DrawCodes; Crm.LeadForms; Crm.Opportunities; Crm.QualityAnswers; Crm.QualityNotes; Crm.RepPointLogs; Crm.Users,
katilim.crm,Crm,Activities,LeadUid,uniqueidentifier,Evet,,Hayir,,Crm.ActivityRecords; Crm.ActivityTypes; Crm.Contracts; Crm.Customers; Crm.DrawCodes; Crm.LeadForms; Crm.Opportunities; Crm.QualityAnswers; Crm.QualityNotes; Crm.RepPointLogs; Crm.Users,
katilim.crm,Crm,Activities,OpportunityUid,uniqueidentifier,Evet,,Hayir,Crm.Opportunities.Uid,Crm.ActivityRecords; Crm.ActivityTypes; Crm.Contracts; Crm.Customers; Crm.DrawCodes; Crm.LeadForms; Crm.Opportunities; Crm.QualityAnswers; Crm.QualityNotes; Crm.RepPointLogs; Crm.Users,
katilim.crm,Crm,Activities,OldCustomerUid,uniqueidentifier,Evet,,Hayir,,Crm.ActivityRecords; Crm.ActivityTypes; Crm.Contracts; Crm.Customers; Crm.DrawCodes; Crm.LeadForms; Crm.Opportunities; Crm.QualityAnswers; Crm.QualityNotes; Crm.RepPointLogs; Crm.Users,
katilim.crm,Crm,Activities,IsSMS,bit,Hayir,((0)),Hayir,,Crm.ActivityRecords; Crm.ActivityTypes; Crm.Contracts; Crm.Customers; Crm.DrawCodes; Crm.LeadForms; Crm.Opportunities; Crm.QualityAnswers; Crm.QualityNotes; Crm.RepPointLogs; Crm.Users,
katilim.crm,Crm,Activities,IsSoundRecord,bit,Hayir,((0)),Hayir,,Crm.ActivityRecords; Crm.ActivityTypes; Crm.Contracts; Crm.Customers; Crm.DrawCodes; Crm.LeadForms; Crm.Opportunities; Crm.QualityAnswers; Crm.QualityNotes; Crm.RepPointLogs; Crm.Users,
katilim.crm,Crm,Activities,ActivityUid,uniqueidentifier,Evet,,Hayir,,Crm.ActivityRecords; Crm.ActivityTypes; Crm.Contracts; Crm.Customers; Crm.DrawCodes; Crm.LeadForms; Crm.Opportunities; Crm.QualityAnswers; Crm.QualityNotes; Crm.RepPointLogs; Crm.Users,
katilim.crm,Crm,Activities,FirstAppointment,bit,Evet,,Hayir,,Crm.ActivityRecords; Crm.ActivityTypes; Crm.Contracts; Crm.Customers; Crm.DrawCodes; Crm.LeadForms; Crm.Opportunities; Crm.QualityAnswers; Crm.QualityNotes; Crm.RepPointLogs; Crm.Users,
katilim.crm,Crm,Activities,AppointmentAssignmentUid,uniqueidentifier,Evet,,Hayir,,Crm.ActivityRecords; Crm.ActivityTypes; Crm.Contracts; Crm.Customers; Crm.DrawCodes; Crm.LeadForms; Crm.Opportunities; Crm.QualityAnswers; Crm.QualityNotes; Crm.RepPointLogs; Crm.Users,
katilim.crm,Crm,Activities,WillAttend,bit,Evet,,Hayir,,Crm.ActivityRecords; Crm.ActivityTypes; Crm.Contracts; Crm.Customers; Crm.DrawCodes; Crm.LeadForms; Crm.Opportunities; Crm.QualityAnswers; Crm.QualityNotes; Crm.RepPointLogs; Crm.Users,
katilim.crm,Crm,Activities,ComplaintUid,uniqueidentifier,Evet,,Hayir,,Crm.ActivityRecords; Crm.ActivityTypes; Crm.Contracts; Crm.Customers; Crm.DrawCodes; Crm.LeadForms; Crm.Opportunities; Crm.QualityAnswers; Crm.QualityNotes; Crm.RepPointLogs; Crm.Users,
katilim.crm,Crm,Activities,MeskenUid,uniqueidentifier,Evet,,Hayir,,Crm.ActivityRecords; Crm.ActivityTypes; Crm.Contracts; Crm.Customers; Crm.DrawCodes; Crm.LeadForms; Crm.Opportunities; Crm.QualityAnswers; Crm.QualityNotes; Crm.RepPointLogs; Crm.Users,
katilim.crm,Crm,Activities,LastMoveMesken,bit,Evet,,Hayir,,Crm.ActivityRecords; Crm.ActivityTypes; Crm.Contracts; Crm.Customers; Crm.DrawCodes; Crm.LeadForms; Crm.Opportunities; Crm.QualityAnswers; Crm.QualityNotes; Crm.RepPointLogs; Crm.Users,
katilim.crm,Crm,Activities,CounterEndDate,datetime2(7),Evet,,Hayir,,Crm.ActivityRecords; Crm.ActivityTypes; Crm.Contracts; Crm.Customers; Crm.DrawCodes; Crm.LeadForms; Crm.Opportunities; Crm.QualityAnswers; Crm.QualityNotes; Crm.RepPointLogs; Crm.Users,
katilim.crm,Crm,ActivityRecords,Uid,uniqueidentifier,Hayir,,Evet,,Crm.Activities; Crm.Users,
katilim.crm,Crm,ActivityRecords,UpdatedAt,datetime2(7),Evet,,Hayir,,Crm.Activities; Crm.Users,
katilim.crm,Crm,ActivityRecords,DeletedAt,datetime2(7),Evet,,Hayir,,Crm.Activities; Crm.Users,
katilim.crm,Crm,ActivityRecords,CreatedAt,datetime2(7),Hayir,,Hayir,,Crm.Activities; Crm.Users,
katilim.crm,Crm,ActivityRecords,CreatedBy,uniqueidentifier,Evet,,Hayir,Crm.Users.Uid,Crm.Activities; Crm.Users,
katilim.crm,Crm,ActivityRecords,UpdatedBy,uniqueidentifier,Evet,,Hayir,Crm.Users.Uid,Crm.Activities; Crm.Users,
katilim.crm,Crm,ActivityRecords,DeletedBy,uniqueidentifier,Evet,,Hayir,Crm.Users.Uid,Crm.Activities; Crm.Users,
katilim.crm,Crm,ActivityRecords,Deleted,bit,Hayir,,Hayir,,Crm.Activities; Crm.Users,
katilim.crm,Crm,ActivityRecords,FileName,nvarchar(500),Evet,,Hayir,,Crm.Activities; Crm.Users,
katilim.crm,Crm,ActivityRecords,FileSize,"decimal(18,2)",Hayir,,Hayir,,Crm.Activities; Crm.Users,
katilim.crm,Crm,ActivityRecords,ActivityUid,uniqueidentifier,Hayir,,Hayir,Crm.Activities.Uid,Crm.Activities; Crm.Users,
katilim.crm,Crm,ActivityRecords,OwnerUid,uniqueidentifier,Hayir,,Hayir,Crm.Users.Uid,Crm.Activities; Crm.Users,
katilim.crm,Crm,ActivityRecords,Duration,int,Evet,,Hayir,,Crm.Activities; Crm.Users,
katilim.crm,Crm,ActivityRecords,NewFileName,nvarchar(500),Evet,,Hayir,,Crm.Activities; Crm.Users,
katilim.crm,Crm,ActivityTypes,Uid,uniqueidentifier,Hayir,,Evet,,Crm.Activities; Crm.ActivityTypes; Crm.Users,
katilim.crm,Crm,ActivityTypes,UpdatedAt,datetime2(7),Evet,,Hayir,,Crm.Activities; Crm.ActivityTypes; Crm.Users,
katilim.crm,Crm,ActivityTypes,DeletedAt,datetime2(7),Evet,,Hayir,,Crm.Activities; Crm.ActivityTypes; Crm.Users,
katilim.crm,Crm,ActivityTypes,CreatedAt,datetime2(7),Hayir,,Hayir,,Crm.Activities; Crm.ActivityTypes; Crm.Users,
katilim.crm,Crm,ActivityTypes,CreatedBy,uniqueidentifier,Evet,,Hayir,Crm.Users.Uid,Crm.Activities; Crm.ActivityTypes; Crm.Users,
katilim.crm,Crm,ActivityTypes,UpdatedBy,uniqueidentifier,Evet,,Hayir,Crm.Users.Uid,Crm.Activities; Crm.ActivityTypes; Crm.Users,
katilim.crm,Crm,ActivityTypes,DeletedBy,uniqueidentifier,Evet,,Hayir,Crm.Users.Uid,Crm.Activities; Crm.ActivityTypes; Crm.Users,
katilim.crm,Crm,ActivityTypes,Deleted,bit,Hayir,,Hayir,,Crm.Activities; Crm.ActivityTypes; Crm.Users,
katilim.crm,Crm,ActivityTypes,Name,nvarchar(100),Evet,,Hayir,,Crm.Activities; Crm.ActivityTypes; Crm.Users,
katilim.crm,Crm,ActivityTypes,Code,nvarchar(50),Evet,,Hayir,,Crm.Activities; Crm.ActivityTypes; Crm.Users,
katilim.crm,Crm,ActivityTypes,isSystem,bit,Hayir,,Hayir,,Crm.Activities; Crm.ActivityTypes; Crm.Users,
katilim.crm,Crm,ActivityTypes,ParentUid,uniqueidentifier,Evet,,Hayir,Crm.ActivityTypes.Uid,Crm.Activities; Crm.ActivityTypes; Crm.Users,
katilim.crm,Crm,AdForms,Uid,uniqueidentifier,Hayir,,Evet,,Crm.LeadForms; Crm.Users,
katilim.crm,Crm,AdForms,UpdatedAt,datetime2(7),Evet,,Hayir,,Crm.LeadForms; Crm.Users,
katilim.crm,Crm,AdForms,DeletedAt,datetime2(7),Evet,,Hayir,,Crm.LeadForms; Crm.Users,
katilim.crm,Crm,AdForms,CreatedAt,datetime2(7),Hayir,,Hayir,,Crm.LeadForms; Crm.Users,
katilim.crm,Crm,AdForms,CreatedBy,uniqueidentifier,Evet,,Hayir,Crm.Users.Uid,Crm.LeadForms; Crm.Users,
katilim.crm,Crm,AdForms,UpdatedBy,uniqueidentifier,Evet,,Hayir,Crm.Users.Uid,Crm.LeadForms; Crm.Users,
katilim.crm,Crm,AdForms,DeletedBy,uniqueidentifier,Evet,,Hayir,Crm.Users.Uid,Crm.LeadForms; Crm.Users,
katilim.crm,Crm,AdForms,Deleted,bit,Hayir,,Hayir,,Crm.LeadForms; Crm.Users,
katilim.crm,Crm,AdForms,Name,nvarchar(100),Evet,,Hayir,,Crm.LeadForms; Crm.Users,
katilim.crm,Crm,AdForms,Code,nvarchar(50),Evet,,Hayir,,Crm.LeadForms; Crm.Users,
katilim.crm,Crm,AdForms,Type,nvarchar(50),Evet,,Hayir,,Crm.LeadForms; Crm.Users,
katilim.crm,Crm,AdForms,LastUpdatedAt,datetime2(7),Evet,,Hayir,,Crm.LeadForms; Crm.Users,
katilim.crm,Crm,AdForms,LastUpdateCount,int,Hayir,((0)),Hayir,,Crm.LeadForms; Crm.Users,
katilim.crm,Crm,AdForms,BlockDate,datetime2(7),Evet,,Hayir,,Crm.LeadForms; Crm.Users,
katilim.crm,Crm,Advices,Uid,uniqueidentifier,Hayir,,Evet,,Crm.Areas; Crm.Customers; Crm.Users,
katilim.crm,Crm,Advices,UpdatedAt,datetime2(7),Evet,,Hayir,,Crm.Areas; Crm.Customers; Crm.Users,
katilim.crm,Crm,Advices,DeletedAt,datetime2(7),Evet,,Hayir,,Crm.Areas; Crm.Customers; Crm.Users,
katilim.crm,Crm,Advices,CreatedAt,datetime2(7),Hayir,,Hayir,,Crm.Areas; Crm.Customers; Crm.Users,
katilim.crm,Crm,Advices,CreatedBy,uniqueidentifier,Evet,,Hayir,Crm.Users.Uid,Crm.Areas; Crm.Customers; Crm.Users,
katilim.crm,Crm,Advices,UpdatedBy,uniqueidentifier,Evet,,Hayir,Crm.Users.Uid,Crm.Areas; Crm.Customers; Crm.Users,
katilim.crm,Crm,Advices,DeletedBy,uniqueidentifier,Evet,,Hayir,Crm.Users.Uid,Crm.Areas; Crm.Customers; Crm.Users,
katilim.crm,Crm,Advices,Deleted,bit,Hayir,,Hayir,,Crm.Areas; Crm.Customers; Crm.Users,
katilim.crm,Crm,Advices,CityUid,uniqueidentifier,Evet,,Hayir,Crm.Areas.Uid,Crm.Areas; Crm.Customers; Crm.Users,
katilim.crm,Crm,Advices,TownUid,uniqueidentifier,Evet,,Hayir,Crm.Areas.Uid,Crm.Areas; Crm.Customers; Crm.Users,
katilim.crm,Crm,Advices,CustomerUid,uniqueidentifier,Evet,,Hayir,Crm.Customers.Uid,Crm.Areas; Crm.Customers; Crm.Users,
katilim.crm,Crm,Advices,Name,nvarchar(100),Evet,,Hayir,,Crm.Areas; Crm.Customers; Crm.Users,
katilim.crm,Crm,Advices,Phone,nvarchar(50),Evet,,Hayir,,Crm.Areas; Crm.Customers; Crm.Users,
katilim.crm,Crm,Advices,LeadUid,uniqueidentifier,Evet,,Hayir,,Crm.Areas; Crm.Customers; Crm.Users,
katilim.crm,Crm,Advices,Description,nvarchar(4000),Evet,,Hayir,,Crm.Areas; Crm.Customers; Crm.Users,
katilim.crm,Crm,Advices,Type,nvarchar(50),Evet,,Hayir,,Crm.Areas; Crm.Customers; Crm.Users,
katilim.crm,Crm,Advices,Status,nvarchar(50),Evet,,Hayir,,Crm.Areas; Crm.Customers; Crm.Users,
katilim.crm,Crm,Advices,IsDetailShared,bit,Evet,,Hayir,,Crm.Areas; Crm.Customers; Crm.Users,
katilim.crm,Crm,Advices,OwnerRepUid,uniqueidentifier,Evet,,Hayir,,Crm.Areas; Crm.Customers; Crm.Users,
katilim.crm,Crm,Advices,SurName,nvarchar(100),Evet,,Hayir,,Crm.Areas; Crm.Customers; Crm.Users,
katilim.crm,Crm,Advices,IsBulkInvitation,bit,Evet,,Hayir,,Crm.Areas; Crm.Customers; Crm.Users,
katilim.crm,Crm,Advices,IsProductDetail,bit,Evet,,Hayir,,Crm.Areas; Crm.Customers; Crm.Users,
katilim.crm,Crm,Advices,ProductType,varchar(1),Evet,,Hayir,,Crm.Areas; Crm.Customers; Crm.Users,
katilim.crm,Crm,Advices,ProductPrice,varchar(10),Evet,,Hayir,,Crm.Areas; Crm.Customers; Crm.Users,
katilim.crm,Crm,Advices,InstallmentPrice,varchar(10),Evet,,Hayir,,Crm.Areas; Crm.Customers; Crm.Users,
katilim.crm,Crm,Advices,AdvancePayment,varchar(10),Evet,,Hayir,,Crm.Areas; Crm.Customers; Crm.Users,
katilim.crm,Crm,Advices,CancelledLink,bit,Evet,,Hayir,,Crm.Areas; Crm.Customers; Crm.Users,
katilim.crm,Crm,Advices,CancelledLinkDate,datetime,Evet,,Hayir,,Crm.Areas; Crm.Customers; Crm.Users,
katilim.crm,Crm,Advices,ProcessDate,datetime,Evet,,Hayir,,Crm.Areas; Crm.Customers; Crm.Users,
katilim.crm,Crm,Advices,MeskenUid,uniqueidentifier,Evet,,Hayir,,Crm.Areas; Crm.Customers; Crm.Users,
katilim.crm,Crm,AllGroupInfo,Uid,uniqueidentifier,Hayir,,Hayir,,,
katilim.crm,Crm,AllGroupInfo,Name,nvarchar(20),Hayir,,Hayir,,,
katilim.crm,Crm,AllGroupInfo,InstallmentCount,int,Hayir,,Hayir,,,
katilim.crm,Crm,AllGroupInfo,GroupDate,varchar(10),Evet,,Hayir,,,
katilim.crm,Crm,AllGroupInfo,IsOpen,bit,Hayir,,Hayir,,,
katilim.crm,Crm,AllGroupInfo,Type,nvarchar(3),Evet,,Hayir,,,
katilim.crm,Crm,AllGroupInfo,JokerCount,int,Hayir,,Hayir,,,
katilim.crm,Crm,AllGroupInfo,ContractCount,int,Hayir,,Hayir,,,
katilim.crm,Crm,AllGroupInfo,TotalSelectCount,int,Hayir,,Hayir,,,
katilim.crm,Crm,AllGroupInfo,ContractSelectCount,int,Hayir,,Hayir,,,
katilim.crm,Crm,AllGroupInfo,JokerSelectCount,int,Hayir,,Hayir,,,
katilim.crm,Crm,AllGroupInfo,MaxDeliveryDate,varchar(10),Evet,,Hayir,,,
katilim.crm,Crm,AllGroupInfo,SelectCount,int,Hayir,,Hayir,,,
katilim.crm,Crm,AllGroupInfo,LastOrganizationDate,varchar(10),Evet,,Hayir,,,
katilim.crm,Crm,AllGroupInfo,CreatedAt,datetime2(7),Evet,,Hayir,,,
katilim.crm,Crm,AllGroupInfo,MaxDeliveryLastInstallment,int,Hayir,,Hayir,,,
katilim.crm,Crm,AllGroupInfo,CreatedBy,nvarchar(100),Evet,,Hayir,,,
katilim.crm,Crm,AllGroupInfo,ClosedBy,nvarchar(100),Evet,,Hayir,,,
katilim.crm,Crm,AllGroupInfo,StartDate,varchar(10),Evet,,Hayir,,,
katilim.crm,Crm,AllGroupInfo,EndDate,varchar(10),Evet,,Hayir,,,
katilim.crm,Crm,AllGroupInfo,Status,nvarchar(3),Evet,,Hayir,,,
katilim.crm,Crm,AllGroupInfo,IsMesken,bit,Evet,,Hayir,,,
katilim.crm,Crm,AllGroupInfo,NextDraw,nvarchar(4),Evet,,Hayir,,,
katilim.crm,Crm,AllGroupInfo,MaxDeliveryMonth,int,Hayir,,Hayir,,,
katilim.crm,Crm,AllGroupInfo,FirstOrganizationDate,varchar(10),Evet,,Hayir,,,
katilim.crm,Crm,AllGroupInfo,LastDrawDate,varchar(10),Evet,,Hayir,,,
katilim.crm,Crm,AllGroupInfo,NextDrawDate,varchar(10),Evet,,Hayir,,,
katilim.crm,Crm,AllGroupInfo,NextDrawPeriod,nvarchar(4),Evet,,Hayir,,,
katilim.crm,Crm,AllGroupInfo,BallCount,int,Hayir,,Hayir,,,
katilim.crm,Crm,AllGroupInfo,TotalDrawBall,int,Hayir,,Hayir,,,
katilim.crm,Crm,Announcement,Uid,uniqueidentifier,Hayir,,Evet,,Crm.Users,
katilim.crm,Crm,Announcement,UpdatedAt,datetime2(7),Evet,,Hayir,,Crm.Users,
katilim.crm,Crm,Announcement,DeletedAt,datetime2(7),Evet,,Hayir,,Crm.Users,
katilim.crm,Crm,Announcement,CreatedAt,datetime2(7),Hayir,,Hayir,,Crm.Users,
katilim.crm,Crm,Announcement,CreatedBy,uniqueidentifier,Evet,,Hayir,Crm.Users.Uid,Crm.Users,
katilim.crm,Crm,Announcement,UpdatedBy,uniqueidentifier,Evet,,Hayir,Crm.Users.Uid,Crm.Users,
katilim.crm,Crm,Announcement,DeletedBy,uniqueidentifier,Evet,,Hayir,Crm.Users.Uid,Crm.Users,
katilim.crm,Crm,Announcement,Deleted,bit,Hayir,,Hayir,,Crm.Users,
katilim.crm,Crm,Announcement,Title,nvarchar(4000),Evet,,Hayir,,Crm.Users,
katilim.crm,Crm,Announcement,Image,nvarchar(500),Evet,,Hayir,,Crm.Users,
katilim.crm,Crm,Announcement,IsActive,bit,Hayir,,Hayir,,Crm.Users,
katilim.crm,Crm,Announcement,ShortDescription,nvarchar(4000),Evet,,Hayir,,Crm.Users,
katilim.crm,Crm,Announcement,Description,nvarchar(4000),Evet,,Hayir,,Crm.Users,
katilim.crm,Crm,Announcement,Channel,int,Evet,,Hayir,,Crm.Users,
katilim.crm,Crm,Announcement,IsPopup,bit,Evet,,Hayir,,Crm.Users,
katilim.crm,Crm,Announcement,AnnouncementType,int,Evet,,Hayir,,Crm.Users,
katilim.crm,Crm,Announcement,AnnouncementStartDate,datetime2(7),Evet,,Hayir,,Crm.Users,
katilim.crm,Crm,Announcement,AnnouncementEndDate,datetime2(7),Evet,,Hayir,,Crm.Users,
katilim.crm,Crm,ApplicationConfiguration,Uid,uniqueidentifier,Hayir,,Evet,,,
katilim.crm,Crm,ApplicationConfiguration,UpdatedAt,datetime2(7),Evet,,Hayir,,,
katilim.crm,Crm,ApplicationConfiguration,DeletedAt,datetime2(7),Evet,,Hayir,,,
katilim.crm,Crm,ApplicationConfiguration,CreatedAt,datetime2(7),Hayir,,Hayir,,,
katilim.crm,Crm,ApplicationConfiguration,CreatedBy,uniqueidentifier,Evet,,Hayir,,,
katilim.crm,Crm,ApplicationConfiguration,UpdatedBy,uniqueidentifier,Evet,,Hayir,,,
katilim.crm,Crm,ApplicationConfiguration,DeletedBy,uniqueidentifier,Evet,,Hayir,,,
katilim.crm,Crm,ApplicationConfiguration,Deleted,bit,Hayir,,Hayir,,,
katilim.crm,Crm,ApplicationConfiguration,Key,nvarchar(400),Evet,,Hayir,,,
katilim.crm,Crm,ApplicationConfiguration,Value,nvarchar(max),Evet,,Hayir,,,
katilim.crm,Crm,ApplicationConfiguration,Platform,smallint,Hayir,,Hayir,,,
katilim.crm,Crm,ApplicationConfiguration,Description,nvarchar(500),Evet,,Hayir,,,
katilim.crm,Crm,ApplicationLoginLogs,Uid,uniqueidentifier,Hayir,,Evet,,,
katilim.crm,Crm,ApplicationLoginLogs,UpdatedAt,datetime2(7),Evet,,Hayir,,,
katilim.crm,Crm,ApplicationLoginLogs,DeletedAt,datetime2(7),Evet,,Hayir,,,
katilim.crm,Crm,ApplicationLoginLogs,CreatedAt,datetime2(7),Hayir,,Hayir,,,
katilim.crm,Crm,ApplicationLoginLogs,CreatedBy,uniqueidentifier,Evet,,Hayir,,,
katilim.crm,Crm,ApplicationLoginLogs,UpdatedBy,uniqueidentifier,Evet,,Hayir,,,
katilim.crm,Crm,ApplicationLoginLogs,DeletedBy,uniqueidentifier,Evet,,Hayir,,,
katilim.crm,Crm,ApplicationLoginLogs,Deleted,bit,Hayir,,Hayir,,,
katilim.crm,Crm,ApplicationLoginLogs,AppId,smallint,Evet,,Hayir,,,
katilim.crm,Crm,ApplicationLoginLogs,PlatformId,smallint,Evet,,Hayir,,,
katilim.crm,Crm,ApplicationLoginLogs,AppVersion,nvarchar(10),Evet,,Hayir,,,
katilim.crm,Crm,ApplicationLoginLogs,IsFailed,bit,Hayir,,Hayir,,,
katilim.crm,Crm,ApplicationLoginLogs,Message,nvarchar(400),Evet,,Hayir,,,
katilim.crm,Crm,AppointmentAssignments,Uid,uniqueidentifier,Hayir,,Evet,,Crm.Customers; Crm.Leads; Crm.Organizations; Crm.Users,
katilim.crm,Crm,AppointmentAssignments,UpdatedAt,datetime2(7),Evet,,Hayir,,Crm.Customers; Crm.Leads; Crm.Organizations; Crm.Users,
katilim.crm,Crm,AppointmentAssignments,DeletedAt,datetime2(7),Evet,,Hayir,,Crm.Customers; Crm.Leads; Crm.Organizations; Crm.Users,
katilim.crm,Crm,AppointmentAssignments,CreatedAt,datetime2(7),Hayir,,Hayir,,Crm.Customers; Crm.Leads; Crm.Organizations; Crm.Users,
katilim.crm,Crm,AppointmentAssignments,CreatedBy,uniqueidentifier,Evet,,Hayir,Crm.Users.Uid,Crm.Customers; Crm.Leads; Crm.Organizations; Crm.Users,
katilim.crm,Crm,AppointmentAssignments,UpdatedBy,uniqueidentifier,Evet,,Hayir,Crm.Users.Uid,Crm.Customers; Crm.Leads; Crm.Organizations; Crm.Users,
katilim.crm,Crm,AppointmentAssignments,DeletedBy,uniqueidentifier,Evet,,Hayir,Crm.Users.Uid,Crm.Customers; Crm.Leads; Crm.Organizations; Crm.Users,
katilim.crm,Crm,AppointmentAssignments,Deleted,bit,Hayir,,Hayir,,Crm.Customers; Crm.Leads; Crm.Organizations; Crm.Users,
katilim.crm,Crm,AppointmentAssignments,LeadUid,uniqueidentifier,Evet,,Hayir,Crm.Leads.Uid,Crm.Customers; Crm.Leads; Crm.Organizations; Crm.Users,
katilim.crm,Crm,AppointmentAssignments,CustomerUid,uniqueidentifier,Evet,,Hayir,Crm.Customers.Uid,Crm.Customers; Crm.Leads; Crm.Organizations; Crm.Users,
katilim.crm,Crm,AppointmentAssignments,OrganizationUid,uniqueidentifier,Evet,,Hayir,Crm.Organizations.Uid,Crm.Customers; Crm.Leads; Crm.Organizations; Crm.Users,
katilim.crm,Crm,AppointmentAssignments,OwnerUid,uniqueidentifier,Evet,,Hayir,Crm.Users.Uid,Crm.Customers; Crm.Leads; Crm.Organizations; Crm.Users,
katilim.crm,Crm,AppointmentAssignments,ActivityUid,uniqueidentifier,Evet,,Hayir,,Crm.Customers; Crm.Leads; Crm.Organizations; Crm.Users,
katilim.crm,Crm,AppointmentAssignments,AssignDate,datetime2(7),Hayir,,Hayir,,Crm.Customers; Crm.Leads; Crm.Organizations; Crm.Users,
katilim.crm,Crm,AppointmentAssignments,LeaveDate,datetime2(7),Evet,,Hayir,,Crm.Customers; Crm.Leads; Crm.Organizations; Crm.Users,
katilim.crm,Crm,AppointmentAssignments,CustomerTypeId,int,Hayir,,Hayir,,Crm.Customers; Crm.Leads; Crm.Organizations; Crm.Users,
katilim.crm,Crm,Areas,Uid,uniqueidentifier,Hayir,,Evet,,Crm.Advices; Crm.Areas; Crm.Opportunities; Crm.OrganizationAreas; Crm.Organizations; Crm.Reps; Crm.Users,
katilim.crm,Crm,Areas,UpdatedAt,datetime2(7),Evet,,Hayir,,Crm.Advices; Crm.Areas; Crm.Opportunities; Crm.OrganizationAreas; Crm.Organizations; Crm.Reps; Crm.Users,
katilim.crm,Crm,Areas,DeletedAt,datetime2(7),Evet,,Hayir,,Crm.Advices; Crm.Areas; Crm.Opportunities; Crm.OrganizationAreas; Crm.Organizations; Crm.Reps; Crm.Users,
katilim.crm,Crm,Areas,CreatedAt,datetime2(7),Hayir,,Hayir,,Crm.Advices; Crm.Areas; Crm.Opportunities; Crm.OrganizationAreas; Crm.Organizations; Crm.Reps; Crm.Users,
katilim.crm,Crm,Areas,CreatedBy,uniqueidentifier,Evet,,Hayir,Crm.Users.Uid,Crm.Advices; Crm.Areas; Crm.Opportunities; Crm.OrganizationAreas; Crm.Organizations; Crm.Reps; Crm.Users,
katilim.crm,Crm,Areas,UpdatedBy,uniqueidentifier,Evet,,Hayir,Crm.Users.Uid,Crm.Advices; Crm.Areas; Crm.Opportunities; Crm.OrganizationAreas; Crm.Organizations; Crm.Reps; Crm.Users,
katilim.crm,Crm,Areas,DeletedBy,uniqueidentifier,Evet,,Hayir,Crm.Users.Uid,Crm.Advices; Crm.Areas; Crm.Opportunities; Crm.OrganizationAreas; Crm.Organizations; Crm.Reps; Crm.Users,
katilim.crm,Crm,Areas,Deleted,bit,Hayir,,Hayir,,Crm.Advices; Crm.Areas; Crm.Opportunities; Crm.OrganizationAreas; Crm.Organizations; Crm.Reps; Crm.Users,
katilim.crm,Crm,Areas,Name,nvarchar(100),Evet,,Hayir,,Crm.Advices; Crm.Areas; Crm.Opportunities; Crm.OrganizationAreas; Crm.Organizations; Crm.Reps; Crm.Users,
katilim.crm,Crm,Areas,NameEn,nvarchar(100),Evet,,Hayir,,Crm.Advices; Crm.Areas; Crm.Opportunities; Crm.OrganizationAreas; Crm.Organizations; Crm.Reps; Crm.Users,
katilim.crm,Crm,Areas,Code,nvarchar(20),Evet,,Hayir,,Crm.Advices; Crm.Areas; Crm.Opportunities; Crm.OrganizationAreas; Crm.Organizations; Crm.Reps; Crm.Users,
katilim.crm,Crm,Areas,Type,nvarchar(10),Evet,,Hayir,,Crm.Advices; Crm.Areas; Crm.Opportunities; Crm.OrganizationAreas; Crm.Organizations; Crm.Reps; Crm.Users,
katilim.crm,Crm,Areas,ParentUid,uniqueidentifier,Evet,,Hayir,Crm.Areas.Uid,Crm.Advices; Crm.Areas; Crm.Opportunities; Crm.OrganizationAreas; Crm.Organizations; Crm.Reps; Crm.Users,
katilim.crm,Crm,Areas,Point,int,Hayir,((0)),Hayir,,Crm.Advices; Crm.Areas; Crm.Opportunities; Crm.OrganizationAreas; Crm.Organizations; Crm.Reps; Crm.Users,
katilim.crm,Crm,AssignedBidApprovers,Uid,uniqueidentifier,Hayir,,Evet,,Crm.Bids; Crm.Users,
katilim.crm,Crm,AssignedBidApprovers,UpdatedAt,datetime2(7),Evet,,Hayir,,Crm.Bids; Crm.Users,
katilim.crm,Crm,AssignedBidApprovers,DeletedAt,datetime2(7),Evet,,Hayir,,Crm.Bids; Crm.Users,
katilim.crm,Crm,AssignedBidApprovers,CreatedAt,datetime2(7),Hayir,,Hayir,,Crm.Bids; Crm.Users,
katilim.crm,Crm,AssignedBidApprovers,CreatedBy,uniqueidentifier,Evet,,Hayir,Crm.Users.Uid,Crm.Bids; Crm.Users,
katilim.crm,Crm,AssignedBidApprovers,UpdatedBy,uniqueidentifier,Evet,,Hayir,Crm.Users.Uid,Crm.Bids; Crm.Users,
katilim.crm,Crm,AssignedBidApprovers,DeletedBy,uniqueidentifier,Evet,,Hayir,Crm.Users.Uid,Crm.Bids; Crm.Users,
katilim.crm,Crm,AssignedBidApprovers,Deleted,bit,Hayir,,Hayir,,Crm.Bids; Crm.Users,
katilim.crm,Crm,AssignedBidApprovers,ApproverUid,uniqueidentifier,Evet,,Hayir,,Crm.Bids; Crm.Users,
katilim.crm,Crm,AssignedBidApprovers,BidUid,uniqueidentifier,Evet,,Hayir,Crm.Bids.Uid,Crm.Bids; Crm.Users,
katilim.crm,Crm,AssignedBidApprovers,ProductPrice,"decimal(18,2)",Hayir,,Hayir,,Crm.Bids; Crm.Users,
katilim.crm,Crm,AssignedBidApprovers,ProductName,nvarchar(100),Evet,,Hayir,,Crm.Bids; Crm.Users,
katilim.crm,Crm,AssignedBidApprovers,ProductInstallmentCount,int,Hayir,,Hayir,,Crm.Bids; Crm.Users,
katilim.crm,Crm,AssignedBidApprovers,DeliveryFirstInstallment,int,Hayir,,Hayir,,Crm.Bids; Crm.Users,
katilim.crm,Crm,AssignedBidApprovers,DeliveryLastInstallment,int,Hayir,,Hayir,,Crm.Bids; Crm.Users,
katilim.crm,Crm,AssignedBidApprovers,BidCreatedAt,datetime2(7),Hayir,,Hayir,,Crm.Bids; Crm.Users,
katilim.crm,Crm,AssignedBidApprovers,Status,nvarchar(50),Evet,,Hayir,,Crm.Bids; Crm.Users,
katilim.crm,Crm,Authorities,Uid,uniqueidentifier,Hayir,,Evet,,Crm.ModuleAuths; Crm.Roles; Crm.Users,
katilim.crm,Crm,Authorities,UpdatedAt,datetime2(7),Evet,,Hayir,,Crm.ModuleAuths; Crm.Roles; Crm.Users,
katilim.crm,Crm,Authorities,DeletedAt,datetime2(7),Evet,,Hayir,,Crm.ModuleAuths; Crm.Roles; Crm.Users,
katilim.crm,Crm,Authorities,CreatedAt,datetime2(7),Hayir,,Hayir,,Crm.ModuleAuths; Crm.Roles; Crm.Users,
katilim.crm,Crm,Authorities,CreatedBy,uniqueidentifier,Evet,,Hayir,Crm.Users.Uid,Crm.ModuleAuths; Crm.Roles; Crm.Users,
katilim.crm,Crm,Authorities,UpdatedBy,uniqueidentifier,Evet,,Hayir,Crm.Users.Uid,Crm.ModuleAuths; Crm.Roles; Crm.Users,
katilim.crm,Crm,Authorities,DeletedBy,uniqueidentifier,Evet,,Hayir,Crm.Users.Uid,Crm.ModuleAuths; Crm.Roles; Crm.Users,
katilim.crm,Crm,Authorities,Deleted,bit,Hayir,,Hayir,,Crm.ModuleAuths; Crm.Roles; Crm.Users,
katilim.crm,Crm,Authorities,UserUid,uniqueidentifier,Evet,,Hayir,Crm.Users.Uid,Crm.ModuleAuths; Crm.Roles; Crm.Users,
katilim.crm,Crm,Authorities,RoleUid,uniqueidentifier,Evet,,Hayir,Crm.Roles.Uid,Crm.ModuleAuths; Crm.Roles; Crm.Users,
katilim.crm,Crm,Authorities,ModuleAuthUid,uniqueidentifier,Hayir,,Hayir,Crm.ModuleAuths.Uid,Crm.ModuleAuths; Crm.Roles; Crm.Users,
katilim.crm,Crm,Authorities,StartDate,datetime2(7),Evet,,Hayir,,Crm.ModuleAuths; Crm.Roles; Crm.Users,
katilim.crm,Crm,Authorities,EndDate,datetime2(7),Evet,,Hayir,,Crm.ModuleAuths; Crm.Roles; Crm.Users,
katilim.crm,Crm,BankDetails,Uid,uniqueidentifier,Hayir,,Evet,,Crm.Banks; Crm.Organizations; Crm.Users,
katilim.crm,Crm,BankDetails,UpdatedAt,datetime2(7),Evet,,Hayir,,Crm.Banks; Crm.Organizations; Crm.Users,
katilim.crm,Crm,BankDetails,DeletedAt,datetime2(7),Evet,,Hayir,,Crm.Banks; Crm.Organizations; Crm.Users,
katilim.crm,Crm,BankDetails,CreatedAt,datetime2(7),Evet,,Hayir,,Crm.Banks; Crm.Organizations; Crm.Users,
katilim.crm,Crm,BankDetails,CreatedBy,uniqueidentifier,Evet,,Hayir,Crm.Users.Uid,Crm.Banks; Crm.Organizations; Crm.Users,
katilim.crm,Crm,BankDetails,UpdatedBy,uniqueidentifier,Evet,,Hayir,Crm.Users.Uid,Crm.Banks; Crm.Organizations; Crm.Users,
katilim.crm,Crm,BankDetails,DeletedBy,uniqueidentifier,Evet,,Hayir,Crm.Users.Uid,Crm.Banks; Crm.Organizations; Crm.Users,
katilim.crm,Crm,BankDetails,Deleted,bit,Evet,,Hayir,,Crm.Banks; Crm.Organizations; Crm.Users,
katilim.crm,Crm,BankDetails,OrganizationUid,uniqueidentifier,Evet,,Hayir,Crm.Organizations.Uid,Crm.Banks; Crm.Organizations; Crm.Users,
katilim.crm,Crm,BankDetails,BankUid,uniqueidentifier,Evet,,Hayir,Crm.Banks.Uid,Crm.Banks; Crm.Organizations; Crm.Users,
katilim.crm,Crm,BankDetails,Code,nvarchar(50),Evet,,Hayir,,Crm.Banks; Crm.Organizations; Crm.Users,
katilim.crm,Crm,BankLogs,Uid,uniqueidentifier,Hayir,,Evet,,Crm.Contracts; Crm.Users,
katilim.crm,Crm,BankLogs,UpdatedAt,datetime2(7),Evet,,Hayir,,Crm.Contracts; Crm.Users,
katilim.crm,Crm,BankLogs,DeletedAt,datetime2(7),Evet,,Hayir,,Crm.Contracts; Crm.Users,
katilim.crm,Crm,BankLogs,CreatedAt,datetime2(7),Hayir,,Hayir,,Crm.Contracts; Crm.Users,
katilim.crm,Crm,BankLogs,CreatedBy,uniqueidentifier,Evet,,Hayir,Crm.Users.Uid,Crm.Contracts; Crm.Users,
katilim.crm,Crm,BankLogs,UpdatedBy,uniqueidentifier,Evet,,Hayir,Crm.Users.Uid,Crm.Contracts; Crm.Users,
katilim.crm,Crm,BankLogs,DeletedBy,uniqueidentifier,Evet,,Hayir,Crm.Users.Uid,Crm.Contracts; Crm.Users,
katilim.crm,Crm,BankLogs,Deleted,bit,Hayir,,Hayir,,Crm.Contracts; Crm.Users,
katilim.crm,Crm,BankLogs,ContractUid,uniqueidentifier,Evet,,Hayir,Crm.Contracts.Uid,Crm.Contracts; Crm.Users,
katilim.crm,Crm,BankLogs,MdStatus,int,Hayir,,Hayir,,Crm.Contracts; Crm.Users,
katilim.crm,Crm,BankLogs,TRANID,nvarchar(100),Evet,,Hayir,,Crm.Contracts; Crm.Users,
katilim.crm,Crm,BankLogs,PAResSyntaxOK,bit,Evet,,Hayir,,Crm.Contracts; Crm.Users,
katilim.crm,Crm,BankLogs,MerchantID,nvarchar(100),Evet,,Hayir,,Crm.Contracts; Crm.Users,
katilim.crm,Crm,BankLogs,MaskedCreditCard,nvarchar(100),Evet,,Hayir,,Crm.Contracts; Crm.Users,
katilim.crm,Crm,BankLogs,Amount,"decimal(18,2)",Hayir,,Hayir,,Crm.Contracts; Crm.Users,
katilim.crm,Crm,BankLogs,sID,int,Evet,,Hayir,,Crm.Contracts; Crm.Users,
katilim.crm,Crm,BankLogs,ACQBIN,nvarchar(100),Evet,,Hayir,,Crm.Contracts; Crm.Users,
katilim.crm,Crm,BankLogs,Ecom_Payment_Card_ExpDate_Year,int,Evet,,Hayir,,Crm.Contracts; Crm.Users,
katilim.crm,Crm,BankLogs,Ecom_Payment_Card_ExpDate_Month,int,Evet,,Hayir,,Crm.Contracts; Crm.Users,
katilim.crm,Crm,BankLogs,MaskedPan,nvarchar(100),Evet,,Hayir,,Crm.Contracts; Crm.Users,
katilim.crm,Crm,BankLogs,ClientIp,nvarchar(100),Evet,,Hayir,,Crm.Contracts; Crm.Users,
katilim.crm,Crm,BankLogs,iReqDetail,nvarchar(100),Evet,,Hayir,,Crm.Contracts; Crm.Users,
katilim.crm,Crm,BankLogs,Md,nvarchar(500),Evet,,Hayir,,Crm.Contracts; Crm.Users,
katilim.crm,Crm,BankLogs,VendorCode,nvarchar(100),Evet,,Hayir,,Crm.Contracts; Crm.Users,
katilim.crm,Crm,BankLogs,Storetype,nvarchar(100),Evet,,Hayir,,Crm.Contracts; Crm.Users,
katilim.crm,Crm,BankLogs,IReqCode,nvarchar(100),Evet,,Hayir,,Crm.Contracts; Crm.Users,
katilim.crm,Crm,BankLogs,MdErrorMsg,nvarchar(500),Evet,,Hayir,,Crm.Contracts; Crm.Users,
katilim.crm,Crm,BankLogs,PAResVerified,bit,Evet,,Hayir,,Crm.Contracts; Crm.Users,
katilim.crm,Crm,BankLogs,Cavv,nvarchar(100),Evet,,Hayir,,Crm.Contracts; Crm.Users,
katilim.crm,Crm,BankLogs,Digest,nvarchar(100),Evet,,Hayir,,Crm.Contracts; Crm.Users,
katilim.crm,Crm,BankLogs,CallbackCall,bit,Evet,,Hayir,,Crm.Contracts; Crm.Users,
katilim.crm,Crm,BankLogs,CavvAlgorithm,nvarchar(100),Evet,,Hayir,,Crm.Contracts; Crm.Users,
katilim.crm,Crm,BankLogs,Cid,nvarchar(max),Evet,,Hayir,,Crm.Contracts; Crm.Users,
katilim.crm,Crm,BankLogs,Encoding,nvarchar(100),Evet,,Hayir,,Crm.Contracts; Crm.Users,
katilim.crm,Crm,BankLogs,Currency,nvarchar(100),Evet,,Hayir,,Crm.Contracts; Crm.Users,
katilim.crm,Crm,BankLogs,DsId,nvarchar(100),Evet,,Hayir,,Crm.Contracts; Crm.Users,
katilim.crm,Crm,BankLogs,Eci,nvarchar(100),Evet,,Hayir,,Crm.Contracts; Crm.Users,
katilim.crm,Crm,BankLogs,Version,nvarchar(100),Evet,,Hayir,,Crm.Contracts; Crm.Users,
katilim.crm,Crm,BankLogs,Clientid,nvarchar(100),Evet,,Hayir,,Crm.Contracts; Crm.Users,
katilim.crm,Crm,BankLogs,Txstatus,nvarchar(100),Evet,,Hayir,,Crm.Contracts; Crm.Users,
katilim.crm,Crm,BankLogs,Charset,nvarchar(100),Evet,,Hayir,,Crm.Contracts; Crm.Users,
katilim.crm,Crm,BankLogs,Hash,nvarchar(100),Evet,,Hayir,,Crm.Contracts; Crm.Users,
katilim.crm,Crm,BankLogs,Rnd,nvarchar(100),Evet,,Hayir,,Crm.Contracts; Crm.Users,
katilim.crm,Crm,BankLogs,HASHPARAMS,nvarchar(500),Evet,,Hayir,,Crm.Contracts; Crm.Users,
katilim.crm,Crm,BankLogs,HASHPARAMSVAL,nvarchar(500),Evet,,Hayir,,Crm.Contracts; Crm.Users,
katilim.crm,Crm,BankLogs,ErrMsg,nvarchar(500),Evet,,Hayir,,Crm.Contracts; Crm.Users,
katilim.crm,Crm,BankLogs,Response,nvarchar(100),Evet,,Hayir,,Crm.Contracts; Crm.Users,
katilim.crm,Crm,BankLogs,ProcReturnCode,int,Hayir,,Hayir,,Crm.Contracts; Crm.Users,
katilim.crm,Crm,BankLogs,ErrCode,nvarchar(100),Evet,,Hayir,,Crm.Contracts; Crm.Users,
katilim.crm,Crm,BankLogs,FailUrl,nvarchar(100),Evet,,Hayir,,Crm.Contracts; Crm.Users,
katilim.crm,Crm,BankLogs,OkUrl,nvarchar(100),Evet,,Hayir,,Crm.Contracts; Crm.Users,
katilim.crm,Crm,BankLogs,Lang,nvarchar(100),Evet,,Hayir,,Crm.Contracts; Crm.Users,
katilim.crm,Crm,BankLogs,Xid,nvarchar(100),Evet,,Hayir,,Crm.Contracts; Crm.Users,
katilim.crm,Crm,BankLogs,OrderId,nvarchar(100),Evet,,Hayir,,Crm.Contracts; Crm.Users,
katilim.crm,Crm,BankLogs,AuthCode,nvarchar(100),Evet,,Hayir,,Crm.Contracts; Crm.Users,
katilim.crm,Crm,BankLogs,HostRefNum,nvarchar(100),Evet,,Hayir,,Crm.Contracts; Crm.Users,
katilim.crm,Crm,BankLogs,TransId,nvarchar(100),Evet,,Hayir,,Crm.Contracts; Crm.Users,
katilim.crm,Crm,BankLogs,HOSTMSG,nvarchar(100),Evet,,Hayir,,Crm.Contracts; Crm.Users,
katilim.crm,Crm,BankLogs,ProvisionNumber,nvarchar(200),Evet,,Hayir,,Crm.Contracts; Crm.Users,
katilim.crm,Crm,BankLogs,HashData,nvarchar(200),Evet,,Hayir,,Crm.Contracts; Crm.Users,
katilim.crm,Crm,BankLogs,RRN,nvarchar(200),Evet,,Hayir,,Crm.Contracts; Crm.Users,
katilim.crm,Crm,BankLogs,Stan,nvarchar(200),Evet,,Hayir,,Crm.Contracts; Crm.Users,
katilim.crm,Crm,BankLogs,ResponseMessage,nvarchar(200),Evet,,Hayir,,Crm.Contracts; Crm.Users,
katilim.crm,Crm,BankLogs,ResponseCode,nvarchar(200),Evet,,Hayir,,Crm.Contracts; Crm.Users,
katilim.crm,Crm,BankLogs,MerchantOrderId,nvarchar(200),Evet,,Hayir,,Crm.Contracts; Crm.Users,
katilim.crm,Crm,BankLogs,BankCode,nvarchar(200),Evet,,Hayir,,Crm.Contracts; Crm.Users,
katilim.crm,Crm,BankLogs,IsMesken,bit,Evet,,Hayir,,Crm.Contracts; Crm.Users,
katilim.crm,Crm,Banks,Uid,uniqueidentifier,Hayir,,Evet,,Crm.BankDetails; Crm.Users,
katilim.crm,Crm,Banks,UpdatedAt,datetime2(7),Evet,,Hayir,,Crm.BankDetails; Crm.Users,
katilim.crm,Crm,Banks,DeletedAt,datetime2(7),Evet,,Hayir,,Crm.BankDetails; Crm.Users,
katilim.crm,Crm,Banks,CreatedAt,datetime2(7),Hayir,,Hayir,,Crm.BankDetails; Crm.Users,
katilim.crm,Crm,Banks,CreatedBy,uniqueidentifier,Evet,,Hayir,Crm.Users.Uid,Crm.BankDetails; Crm.Users,
katilim.crm,Crm,Banks,UpdatedBy,uniqueidentifier,Evet,,Hayir,Crm.Users.Uid,Crm.BankDetails; Crm.Users,
katilim.crm,Crm,Banks,DeletedBy,uniqueidentifier,Evet,,Hayir,Crm.Users.Uid,Crm.BankDetails; Crm.Users,
katilim.crm,Crm,Banks,Deleted,bit,Hayir,,Hayir,,Crm.BankDetails; Crm.Users,
katilim.crm,Crm,Banks,Name,nvarchar(100),Evet,,Hayir,,Crm.BankDetails; Crm.Users,
katilim.crm,Crm,BidInstallments,Uid,uniqueidentifier,Hayir,,Evet,,Crm.Bids; Crm.Users,
katilim.crm,Crm,BidInstallments,UpdatedAt,datetime2(7),Evet,,Hayir,,Crm.Bids; Crm.Users,
katilim.crm,Crm,BidInstallments,DeletedAt,datetime2(7),Evet,,Hayir,,Crm.Bids; Crm.Users,
katilim.crm,Crm,BidInstallments,CreatedAt,datetime2(7),Hayir,,Hayir,,Crm.Bids; Crm.Users,
katilim.crm,Crm,BidInstallments,CreatedBy,uniqueidentifier,Evet,,Hayir,Crm.Users.Uid,Crm.Bids; Crm.Users,
katilim.crm,Crm,BidInstallments,UpdatedBy,uniqueidentifier,Evet,,Hayir,Crm.Users.Uid,Crm.Bids; Crm.Users,
katilim.crm,Crm,BidInstallments,DeletedBy,uniqueidentifier,Evet,,Hayir,Crm.Users.Uid,Crm.Bids; Crm.Users,
katilim.crm,Crm,BidInstallments,Deleted,bit,Hayir,,Hayir,,Crm.Bids; Crm.Users,
katilim.crm,Crm,BidInstallments,BidUid,uniqueidentifier,Evet,,Hayir,Crm.Bids.Uid,Crm.Bids; Crm.Users,
katilim.crm,Crm,BidInstallments,InstallmentNumber,int,Hayir,,Hayir,,Crm.Bids; Crm.Users,
katilim.crm,Crm,BidInstallments,Price,"decimal(18,2)",Evet,,Hayir,,Crm.Bids; Crm.Users,
katilim.crm,Crm,BidInstallments,DueDate,datetime2(7),Hayir,,Hayir,,Crm.Bids; Crm.Users,
katilim.crm,Crm,BidInstallments,Type,nvarchar(50),Evet,,Hayir,,Crm.Bids; Crm.Users,
katilim.crm,Crm,BidInstallments,Status,nvarchar(50),Evet,,Hayir,,Crm.Bids; Crm.Users,
katilim.crm,Crm,BidInstallments,IsLast,bit,Hayir,,Hayir,,Crm.Bids; Crm.Users,
katilim.crm,Crm,BidInstallments,RemainingAmount,"decimal(18,2)",Evet,,Hayir,,Crm.Bids; Crm.Users,
katilim.crm,Crm,BidInstallments,Editable,bit,Evet,,Hayir,,Crm.Bids; Crm.Users,
katilim.crm,Crm,BidInstallments,Sub_Type,nvarchar(10),Evet,,Hayir,,Crm.Bids; Crm.Users,
katilim.crm,Crm,BidInstallments,Sub_InstallmentNumber,int,Evet,,Hayir,,Crm.Bids; Crm.Users,
katilim.crm,Crm,Bids,Uid,uniqueidentifier,Hayir,,Evet,,Crm.AssignedBidApprovers; Crm.BidInstallments,
katilim.crm,Crm,Bids,UpdatedAt,datetime2(7),Evet,,Hayir,,Crm.AssignedBidApprovers; Crm.BidInstallments,
katilim.crm,Crm,Bids,DeletedAt,datetime2(7),Evet,,Hayir,,Crm.AssignedBidApprovers; Crm.BidInstallments,
katilim.crm,Crm,Bids,CreatedAt,datetime2(7),Hayir,,Hayir,,Crm.AssignedBidApprovers; Crm.BidInstallments,
katilim.crm,Crm,Bids,CreatedBy,uniqueidentifier,Evet,,Hayir,,Crm.AssignedBidApprovers; Crm.BidInstallments,
katilim.crm,Crm,Bids,UpdatedBy,uniqueidentifier,Evet,,Hayir,,Crm.AssignedBidApprovers; Crm.BidInstallments,
katilim.crm,Crm,Bids,DeletedBy,uniqueidentifier,Evet,,Hayir,,Crm.AssignedBidApprovers; Crm.BidInstallments,
katilim.crm,Crm,Bids,Deleted,bit,Hayir,,Hayir,,Crm.AssignedBidApprovers; Crm.BidInstallments,
katilim.crm,Crm,Bids,ProductUid,uniqueidentifier,Hayir,,Hayir,,Crm.AssignedBidApprovers; Crm.BidInstallments,
katilim.crm,Crm,Bids,SimulationUid,uniqueidentifier,Hayir,,Hayir,,Crm.AssignedBidApprovers; Crm.BidInstallments,
katilim.crm,Crm,Bids,ProductPrice,"decimal(18,2)",Hayir,,Hayir,,Crm.AssignedBidApprovers; Crm.BidInstallments,
katilim.crm,Crm,Bids,InstallmentPrice,"decimal(18,2)",Hayir,,Hayir,,Crm.AssignedBidApprovers; Crm.BidInstallments,
katilim.crm,Crm,Bids,CachePrice,"decimal(18,2)",Hayir,,Hayir,,Crm.AssignedBidApprovers; Crm.BidInstallments,
katilim.crm,Crm,Bids,Type,nvarchar(50),Evet,,Hayir,,Crm.AssignedBidApprovers; Crm.BidInstallments,
katilim.crm,Crm,Bids,ProductName,nvarchar(100),Evet,,Hayir,,Crm.AssignedBidApprovers; Crm.BidInstallments,
katilim.crm,Crm,Bids,ServiceRate,"decimal(18,2)",Hayir,,Hayir,,Crm.AssignedBidApprovers; Crm.BidInstallments,
katilim.crm,Crm,Bids,ServiceRateForRegion,"decimal(18,2)",Hayir,,Hayir,,Crm.AssignedBidApprovers; Crm.BidInstallments,
katilim.crm,Crm,Bids,ServiceRateForGeneralManager,"decimal(18,2)",Hayir,,Hayir,,Crm.AssignedBidApprovers; Crm.BidInstallments,
katilim.crm,Crm,Bids,ServiceRateForBranchLast,"decimal(18,2)",Hayir,,Hayir,,Crm.AssignedBidApprovers; Crm.BidInstallments,
katilim.crm,Crm,Bids,ServiceRateForRegionLast,"decimal(18,2)",Hayir,,Hayir,,Crm.AssignedBidApprovers; Crm.BidInstallments,
katilim.crm,Crm,Bids,ServiceRateForGeneralManagerLast,"decimal(18,2)",Hayir,,Hayir,,Crm.AssignedBidApprovers; Crm.BidInstallments,
katilim.crm,Crm,Bids,ServiceRateNotCampaign,"decimal(18,2)",Hayir,,Hayir,,Crm.AssignedBidApprovers; Crm.BidInstallments,
katilim.crm,Crm,Bids,ServiceRateNotCampaignLast,"decimal(18,2)",Hayir,,Hayir,,Crm.AssignedBidApprovers; Crm.BidInstallments,
katilim.crm,Crm,Bids,ServicePriceNotCampaign,"decimal(18,2)",Hayir,,Hayir,,Crm.AssignedBidApprovers; Crm.BidInstallments,
katilim.crm,Crm,Bids,ServicePriceNotCampaignLast,"decimal(18,2)",Hayir,,Hayir,,Crm.AssignedBidApprovers; Crm.BidInstallments,
katilim.crm,Crm,Bids,ServicePrice,"decimal(18,2)",Hayir,,Hayir,,Crm.AssignedBidApprovers; Crm.BidInstallments,
katilim.crm,Crm,Bids,ServicePriceLast,"decimal(18,2)",Hayir,,Hayir,,Crm.AssignedBidApprovers; Crm.BidInstallments,
katilim.crm,Crm,Bids,ServiceRateLast,"decimal(18,2)",Hayir,,Hayir,,Crm.AssignedBidApprovers; Crm.BidInstallments,
katilim.crm,Crm,Bids,ServiceType,nvarchar(50),Evet,,Hayir,,Crm.AssignedBidApprovers; Crm.BidInstallments,
katilim.crm,Crm,Bids,ServiceInstallmentCount,int,Hayir,,Hayir,,Crm.AssignedBidApprovers; Crm.BidInstallments,
katilim.crm,Crm,Bids,ServiceNewRate,"decimal(18,2)",Hayir,,Hayir,,Crm.AssignedBidApprovers; Crm.BidInstallments,
katilim.crm,Crm,Bids,ServiceNewPrice,"decimal(18,2)",Hayir,,Hayir,,Crm.AssignedBidApprovers; Crm.BidInstallments,
katilim.crm,Crm,Bids,ServiceNewInstallmentCount,int,Hayir,,Hayir,,Crm.AssignedBidApprovers; Crm.BidInstallments,
katilim.crm,Crm,Bids,ServiceMonthlyPrice,"decimal(18,2)",Hayir,,Hayir,,Crm.AssignedBidApprovers; Crm.BidInstallments,
katilim.crm,Crm,Bids,ServiceFirstInstallmentDate,datetime2(7),Hayir,,Hayir,,Crm.AssignedBidApprovers; Crm.BidInstallments,
katilim.crm,Crm,Bids,ServiceLastInstallmentDate,datetime2(7),Hayir,,Hayir,,Crm.AssignedBidApprovers; Crm.BidInstallments,
katilim.crm,Crm,Bids,ServiceError,bit,Hayir,,Hayir,,Crm.AssignedBidApprovers; Crm.BidInstallments,
katilim.crm,Crm,Bids,ServiceMessage,nvarchar(500),Evet,,Hayir,,Crm.AssignedBidApprovers; Crm.BidInstallments,
katilim.crm,Crm,Bids,ReelProductInstallmentCount,int,Hayir,,Hayir,,Crm.AssignedBidApprovers; Crm.BidInstallments,
katilim.crm,Crm,Bids,CashRate,"decimal(18,2)",Hayir,,Hayir,,Crm.AssignedBidApprovers; Crm.BidInstallments,
katilim.crm,Crm,Bids,CashRateForRegion,"decimal(18,2)",Hayir,,Hayir,,Crm.AssignedBidApprovers; Crm.BidInstallments,
katilim.crm,Crm,Bids,CashRateForGeneralManager,"decimal(18,2)",Hayir,,Hayir,,Crm.AssignedBidApprovers; Crm.BidInstallments,
katilim.crm,Crm,Bids,CashPrice,"decimal(18,2)",Hayir,,Hayir,,Crm.AssignedBidApprovers; Crm.BidInstallments,
katilim.crm,Crm,Bids,CashInstallmentCount,int,Hayir,,Hayir,,Crm.AssignedBidApprovers; Crm.BidInstallments,
katilim.crm,Crm,Bids,CashNewRate,"decimal(18,2)",Hayir,,Hayir,,Crm.AssignedBidApprovers; Crm.BidInstallments,
katilim.crm,Crm,Bids,CashNewPrice,"decimal(18,2)",Hayir,,Hayir,,Crm.AssignedBidApprovers; Crm.BidInstallments,
katilim.crm,Crm,Bids,CashNewInstallmentCount,int,Hayir,,Hayir,,Crm.AssignedBidApprovers; Crm.BidInstallments,
katilim.crm,Crm,Bids,CashMonthlyPrice,"decimal(18,2)",Hayir,,Hayir,,Crm.AssignedBidApprovers; Crm.BidInstallments,
katilim.crm,Crm,Bids,CashFirstInstallmentDate,datetime2(7),Hayir,,Hayir,,Crm.AssignedBidApprovers; Crm.BidInstallments,
katilim.crm,Crm,Bids,CashLastInstallmentDate,datetime2(7),Hayir,,Hayir,,Crm.AssignedBidApprovers; Crm.BidInstallments,
katilim.crm,Crm,Bids,CashError,bit,Hayir,,Hayir,,Crm.AssignedBidApprovers; Crm.BidInstallments,
katilim.crm,Crm,Bids,CashMessage,nvarchar(500),Evet,,Hayir,,Crm.AssignedBidApprovers; Crm.BidInstallments,
katilim.crm,Crm,Bids,Endeks,"decimal(18,2)",Hayir,,Hayir,,Crm.AssignedBidApprovers; Crm.BidInstallments,
katilim.crm,Crm,Bids,Total,"decimal(18,2)",Hayir,,Hayir,,Crm.AssignedBidApprovers; Crm.BidInstallments,
katilim.crm,Crm,Bids,ProductRate,"decimal(18,2)",Hayir,,Hayir,,Crm.AssignedBidApprovers; Crm.BidInstallments,
katilim.crm,Crm,Bids,ProductInstallmentCount,int,Hayir,,Hayir,,Crm.AssignedBidApprovers; Crm.BidInstallments,
katilim.crm,Crm,Bids,ProductInstallmentPrice,"decimal(18,2)",Evet,,Hayir,,Crm.AssignedBidApprovers; Crm.BidInstallments,
katilim.crm,Crm,Bids,ProductNewRate,"decimal(18,2)",Hayir,,Hayir,,Crm.AssignedBidApprovers; Crm.BidInstallments,
katilim.crm,Crm,Bids,ProductNewPrice,"decimal(18,2)",Hayir,,Hayir,,Crm.AssignedBidApprovers; Crm.BidInstallments,
katilim.crm,Crm,Bids,ProductNewInstallmentCount,int,Hayir,,Hayir,,Crm.AssignedBidApprovers; Crm.BidInstallments,
katilim.crm,Crm,Bids,ProductMonthlyPrice,"decimal(18,2)",Hayir,,Hayir,,Crm.AssignedBidApprovers; Crm.BidInstallments,
katilim.crm,Crm,Bids,FirstInstallmentRate,"decimal(18,2)",Hayir,,Hayir,,Crm.AssignedBidApprovers; Crm.BidInstallments,
katilim.crm,Crm,Bids,ProductFirstInstallmentDate,datetime2(7),Hayir,,Hayir,,Crm.AssignedBidApprovers; Crm.BidInstallments,
katilim.crm,Crm,Bids,ProductLastInstallmentDate,datetime2(7),Hayir,,Hayir,,Crm.AssignedBidApprovers; Crm.BidInstallments,
katilim.crm,Crm,Bids,ProductError,bit,Hayir,,Hayir,,Crm.AssignedBidApprovers; Crm.BidInstallments,
katilim.crm,Crm,Bids,ProductMessage,nvarchar(4000),Evet,,Hayir,,Crm.AssignedBidApprovers; Crm.BidInstallments,
katilim.crm,Crm,Bids,DeliveryFirstInstallment,int,Hayir,,Hayir,,Crm.AssignedBidApprovers; Crm.BidInstallments,
katilim.crm,Crm,Bids,DeliveryLastInstallment,int,Hayir,,Hayir,,Crm.AssignedBidApprovers; Crm.BidInstallments,
katilim.crm,Crm,Bids,DeliveryFirstInstallmentDate,datetime2(7),Hayir,,Hayir,,Crm.AssignedBidApprovers; Crm.BidInstallments,
katilim.crm,Crm,Bids,DeliveryLastInstallmentDate,datetime2(7),Hayir,,Hayir,,Crm.AssignedBidApprovers; Crm.BidInstallments,
katilim.crm,Crm,Bids,DeliveryFirstInstallmentNotCampaign,int,Hayir,,Hayir,,Crm.AssignedBidApprovers; Crm.BidInstallments,
katilim.crm,Crm,Bids,DeliveryLastInstallmentNotCampaign,int,Hayir,,Hayir,,Crm.AssignedBidApprovers; Crm.BidInstallments,
katilim.crm,Crm,Bids,DeliveryFirstInstallmentDateNotCampaign,datetime2(7),Hayir,,Hayir,,Crm.AssignedBidApprovers; Crm.BidInstallments,
katilim.crm,Crm,Bids,DeliveryLastInstallmentDateNotCampaign,datetime2(7),Hayir,,Hayir,,Crm.AssignedBidApprovers; Crm.BidInstallments,
katilim.crm,Crm,Bids,ServiceFirstInstallmentPrice,"decimal(18,2)",Hayir,,Hayir,,Crm.AssignedBidApprovers; Crm.BidInstallments,
katilim.crm,Crm,Bids,DelayingDeliveryMonth,int,Hayir,,Hayir,,Crm.AssignedBidApprovers; Crm.BidInstallments,
katilim.crm,Crm,Bids,ProductLog,nvarchar(500),Evet,,Hayir,,Crm.AssignedBidApprovers; Crm.BidInstallments,
katilim.crm,Crm,Bids,Status,nvarchar(50),Evet,,Hayir,,Crm.AssignedBidApprovers; Crm.BidInstallments,
katilim.crm,Crm,Bids,IsSMS,bit,Hayir,,Hayir,,Crm.AssignedBidApprovers; Crm.BidInstallments,
katilim.crm,Crm,Bids,IsContract,bit,Hayir,,Hayir,,Crm.AssignedBidApprovers; Crm.BidInstallments,
katilim.crm,Crm,Bids,IsActive,bit,Evet,,Hayir,,Crm.AssignedBidApprovers; Crm.BidInstallments,
katilim.crm,Crm,Bids,ApprovalRole,varchar(2),Evet,,Hayir,,Crm.AssignedBidApprovers; Crm.BidInstallments,
katilim.crm,Crm,Bids,ContractUid,uniqueidentifier,Evet,,Hayir,,Crm.AssignedBidApprovers; Crm.BidInstallments,
katilim.crm,Crm,Bids,ServiceRateForCEO,"decimal(18,2)",Hayir,((0)),Hayir,,Crm.AssignedBidApprovers; Crm.BidInstallments,
katilim.crm,Crm,Bids,ServiceRateForCEOLast,"decimal(18,2)",Evet,,Hayir,,Crm.AssignedBidApprovers; Crm.BidInstallments,
katilim.crm,Crm,Bids,ApproverUid,uniqueidentifier,Evet,,Hayir,,Crm.AssignedBidApprovers; Crm.BidInstallments,
katilim.crm,Crm,Bids,IsDistance,bit,Evet,,Hayir,,Crm.AssignedBidApprovers; Crm.BidInstallments,
katilim.crm,Crm,Bids,IsApproved,bit,Evet,,Hayir,,Crm.AssignedBidApprovers; Crm.BidInstallments,
katilim.crm,Crm,Bids,CustomerApprovalDate,datetime2(7),Evet,,Hayir,,Crm.AssignedBidApprovers; Crm.BidInstallments,
katilim.crm,Crm,Bids,ConvertToContractDate,datetime2(7),Evet,,Hayir,,Crm.AssignedBidApprovers; Crm.BidInstallments,
katilim.crm,Crm,Bids,IsCanBeEdited,bit,Evet,((1)),Hayir,,Crm.AssignedBidApprovers; Crm.BidInstallments,
katilim.crm,Crm,Bids,ServiceRateWithOutCashPrice,"decimal(18,2)",Evet,,Hayir,,Crm.AssignedBidApprovers; Crm.BidInstallments,
katilim.crm,Crm,Bids,MinServiceRateForBranch,"decimal(18,2)",Evet,,Hayir,,Crm.AssignedBidApprovers; Crm.BidInstallments,
katilim.crm,Crm,Bids,MinServicePriceForBranch,"decimal(18,2)",Evet,,Hayir,,Crm.AssignedBidApprovers; Crm.BidInstallments,
katilim.crm,Crm,Bids,IsFirstService,bit,Evet,,Hayir,,Crm.AssignedBidApprovers; Crm.BidInstallments,
katilim.crm,Crm,Bids,RejectReason,nvarchar(4000),Evet,,Hayir,,Crm.AssignedBidApprovers; Crm.BidInstallments,
katilim.crm,Crm,Bids,FirstProductPrice,"decimal(18,2)",Evet,,Hayir,,Crm.AssignedBidApprovers; Crm.BidInstallments,
katilim.crm,Crm,Bids,InflationIncreaseCount,int,Evet,,Hayir,,Crm.AssignedBidApprovers; Crm.BidInstallments,
katilim.crm,Crm,Bids,PreliminaryInformationDate,datetime2(7),Evet,,Hayir,,Crm.AssignedBidApprovers; Crm.BidInstallments,
katilim.crm,Crm,Bids,PreInfoIsApproved,bit,Evet,,Hayir,,Crm.AssignedBidApprovers; Crm.BidInstallments,
katilim.crm,Crm,Bids,OldProductPrice,"decimal(18,2)",Evet,,Hayir,,Crm.AssignedBidApprovers; Crm.BidInstallments,
katilim.crm,Crm,Bids,ContractDurationMonth,smallint,Evet,,Hayir,,Crm.AssignedBidApprovers; Crm.BidInstallments,
katilim.crm,Crm,Bids,PaidInstallmentCount,smallint,Evet,,Hayir,,Crm.AssignedBidApprovers; Crm.BidInstallments,
katilim.crm,Crm,Bids,RemainingServicePrice,"decimal(18,2)",Evet,,Hayir,,Crm.AssignedBidApprovers; Crm.BidInstallments,
katilim.crm,Crm,Bids,RemainingServiceInstallmentCount,smallint,Evet,,Hayir,,Crm.AssignedBidApprovers; Crm.BidInstallments,
katilim.crm,Crm,Bids,NewContractStartDate,datetime,Evet,,Hayir,,Crm.AssignedBidApprovers; Crm.BidInstallments,
katilim.crm,Crm,Bids,PaidServicePrice,"decimal(18,2)",Evet,,Hayir,,Crm.AssignedBidApprovers; Crm.BidInstallments,
katilim.crm,Crm,Bids,CachePriceAddition,"decimal(18,2)",Evet,,Hayir,,Crm.AssignedBidApprovers; Crm.BidInstallments,
katilim.crm,Crm,Bids,TmsfFirmId,smallint,Evet,,Hayir,,Crm.AssignedBidApprovers; Crm.BidInstallments,
katilim.crm,Crm,Bids,ServicePriceCreditCardMaxInstallmentCount,int,Evet,,Hayir,,Crm.AssignedBidApprovers; Crm.BidInstallments,
katilim.crm,Crm,Bids,FirstServicePriceCreditCardMaxInstallmentCount,int,Evet,,Hayir,,Crm.AssignedBidApprovers; Crm.BidInstallments,
katilim.crm,Crm,Bids,ServiceFirstInstallmentRate,"decimal(18,2)",Evet,,Hayir,,Crm.AssignedBidApprovers; Crm.BidInstallments,
katilim.crm,Crm,Bids,FragmentationServicePriceCreditCardMaxInstallmentCount,int,Evet,,Hayir,,Crm.AssignedBidApprovers; Crm.BidInstallments,
katilim.crm,Crm,BranchCategories,Uid,uniqueidentifier,Hayir,,Evet,,Crm.PremiumBranchRates; Crm.Premiums; Crm.Users,
katilim.crm,Crm,BranchCategories,UpdatedAt,datetime2(7),Evet,,Hayir,,Crm.PremiumBranchRates; Crm.Premiums; Crm.Users,
katilim.crm,Crm,BranchCategories,DeletedAt,datetime2(7),Evet,,Hayir,,Crm.PremiumBranchRates; Crm.Premiums; Crm.Users,
katilim.crm,Crm,BranchCategories,CreatedAt,datetime2(7),Hayir,,Hayir,,Crm.PremiumBranchRates; Crm.Premiums; Crm.Users,
katilim.crm,Crm,BranchCategories,CreatedBy,uniqueidentifier,Evet,,Hayir,Crm.Users.Uid,Crm.PremiumBranchRates; Crm.Premiums; Crm.Users,
katilim.crm,Crm,BranchCategories,UpdatedBy,uniqueidentifier,Evet,,Hayir,Crm.Users.Uid,Crm.PremiumBranchRates; Crm.Premiums; Crm.Users,
katilim.crm,Crm,BranchCategories,DeletedBy,uniqueidentifier,Evet,,Hayir,Crm.Users.Uid,Crm.PremiumBranchRates; Crm.Premiums; Crm.Users,
katilim.crm,Crm,BranchCategories,Deleted,bit,Hayir,,Hayir,,Crm.PremiumBranchRates; Crm.Premiums; Crm.Users,
katilim.crm,Crm,BranchCategories,Name,nvarchar(100),Evet,,Hayir,,Crm.PremiumBranchRates; Crm.Premiums; Crm.Users,
katilim.crm,Crm,CampaignBranches,Uid,uniqueidentifier,Hayir,,Evet,,Crm.Campaigns; Crm.Organizations; Crm.Users,
katilim.crm,Crm,CampaignBranches,UpdatedAt,datetime2(7),Evet,,Hayir,,Crm.Campaigns; Crm.Organizations; Crm.Users,
katilim.crm,Crm,CampaignBranches,DeletedAt,datetime2(7),Evet,,Hayir,,Crm.Campaigns; Crm.Organizations; Crm.Users,
katilim.crm,Crm,CampaignBranches,CreatedAt,datetime2(7),Hayir,,Hayir,,Crm.Campaigns; Crm.Organizations; Crm.Users,
katilim.crm,Crm,CampaignBranches,CreatedBy,uniqueidentifier,Evet,,Hayir,Crm.Users.Uid,Crm.Campaigns; Crm.Organizations; Crm.Users,
katilim.crm,Crm,CampaignBranches,UpdatedBy,uniqueidentifier,Evet,,Hayir,Crm.Users.Uid,Crm.Campaigns; Crm.Organizations; Crm.Users,
katilim.crm,Crm,CampaignBranches,DeletedBy,uniqueidentifier,Evet,,Hayir,Crm.Users.Uid,Crm.Campaigns; Crm.Organizations; Crm.Users,
katilim.crm,Crm,CampaignBranches,Deleted,bit,Hayir,,Hayir,,Crm.Campaigns; Crm.Organizations; Crm.Users,
katilim.crm,Crm,CampaignBranches,CampaignUid,uniqueidentifier,Hayir,,Hayir,Crm.Campaigns.Uid,Crm.Campaigns; Crm.Organizations; Crm.Users,
katilim.crm,Crm,CampaignBranches,BranchUid,uniqueidentifier,Hayir,,Hayir,Crm.Organizations.Uid,Crm.Campaigns; Crm.Organizations; Crm.Users,
katilim.crm,Crm,CampaignItems,Uid,uniqueidentifier,Hayir,,Evet,,Crm.CampaignSources; Crm.Users,
katilim.crm,Crm,CampaignItems,UpdatedAt,datetime2(7),Evet,,Hayir,,Crm.CampaignSources; Crm.Users,
katilim.crm,Crm,CampaignItems,DeletedAt,datetime2(7),Evet,,Hayir,,Crm.CampaignSources; Crm.Users,
katilim.crm,Crm,CampaignItems,CreatedAt,datetime2(7),Hayir,,Hayir,,Crm.CampaignSources; Crm.Users,
katilim.crm,Crm,CampaignItems,CreatedBy,uniqueidentifier,Evet,,Hayir,Crm.Users.Uid,Crm.CampaignSources; Crm.Users,
katilim.crm,Crm,CampaignItems,UpdatedBy,uniqueidentifier,Evet,,Hayir,Crm.Users.Uid,Crm.CampaignSources; Crm.Users,
katilim.crm,Crm,CampaignItems,DeletedBy,uniqueidentifier,Evet,,Hayir,Crm.Users.Uid,Crm.CampaignSources; Crm.Users,
katilim.crm,Crm,CampaignItems,Deleted,bit,Hayir,,Hayir,,Crm.CampaignSources; Crm.Users,
katilim.crm,Crm,CampaignItems,CampaignSourceUid,uniqueidentifier,Hayir,,Hayir,Crm.CampaignSources.Uid,Crm.CampaignSources; Crm.Users,
katilim.crm,Crm,CampaignItems,Name,nvarchar(100),Evet,,Hayir,,Crm.CampaignSources; Crm.Users,
katilim.crm,Crm,CampaignItems,Description,nvarchar(4000),Evet,,Hayir,,Crm.CampaignSources; Crm.Users,
katilim.crm,Crm,CampaignItems,Link,nvarchar(500),Evet,,Hayir,,Crm.CampaignSources; Crm.Users,
katilim.crm,Crm,CampaignItems,Code,nvarchar(50),Evet,,Hayir,,Crm.CampaignSources; Crm.Users,
katilim.crm,Crm,CampaignItems,Images,nvarchar(max),Evet,,Hayir,,Crm.CampaignSources; Crm.Users,
katilim.crm,Crm,CampaignName,CampaignNameHome,nvarchar(50),Evet,,Hayir,,,
katilim.crm,Crm,CampaignName,CampaignNameCar,nvarchar(50),Evet,,Hayir,,,
katilim.crm,Crm,CampaignName,UpdatedAt,datetime2(7),Evet,,Hayir,,,
katilim.crm,Crm,CampaignName,DeletedAt,datetime2(7),Evet,,Hayir,,,
katilim.crm,Crm,CampaignName,CreatedAt,datetime2(7),Evet,,Hayir,,,
katilim.crm,Crm,CampaignName,CreatedBy,uniqueidentifier,Evet,,Hayir,,,
katilim.crm,Crm,CampaignName,UpdatedBy,uniqueidentifier,Evet,,Hayir,,,
katilim.crm,Crm,CampaignName,DeletedBy,uniqueidentifier,Evet,,Hayir,,,
katilim.crm,Crm,CampaignName,Deleted,bit,Evet,,Hayir,,,
katilim.crm,Crm,CampaignName,Uid,uniqueidentifier,Evet,,Hayir,,,
katilim.crm,Crm,CampaignName,CreatedByUserUid,uniqueidentifier,Evet,,Hayir,,,
katilim.crm,Crm,CampaignName,UpdatedByUserUid,uniqueidentifier,Evet,,Hayir,,,
katilim.crm,Crm,CampaignName,DeletedByUserUid,uniqueidentifier,Evet,,Hayir,,,
katilim.crm,Crm,Campaigns,Uid,uniqueidentifier,Hayir,,Evet,,Crm.CampaignBranches; Crm.CampaignSources; Crm.Users,
katilim.crm,Crm,Campaigns,UpdatedAt,datetime2(7),Evet,,Hayir,,Crm.CampaignBranches; Crm.CampaignSources; Crm.Users,
katilim.crm,Crm,Campaigns,DeletedAt,datetime2(7),Evet,,Hayir,,Crm.CampaignBranches; Crm.CampaignSources; Crm.Users,
katilim.crm,Crm,Campaigns,CreatedAt,datetime2(7),Hayir,,Hayir,,Crm.CampaignBranches; Crm.CampaignSources; Crm.Users,
katilim.crm,Crm,Campaigns,CreatedBy,uniqueidentifier,Evet,,Hayir,Crm.Users.Uid,Crm.CampaignBranches; Crm.CampaignSources; Crm.Users,
katilim.crm,Crm,Campaigns,UpdatedBy,uniqueidentifier,Evet,,Hayir,Crm.Users.Uid,Crm.CampaignBranches; Crm.CampaignSources; Crm.Users,
katilim.crm,Crm,Campaigns,DeletedBy,uniqueidentifier,Evet,,Hayir,Crm.Users.Uid,Crm.CampaignBranches; Crm.CampaignSources; Crm.Users,
katilim.crm,Crm,Campaigns,Deleted,bit,Hayir,,Hayir,,Crm.CampaignBranches; Crm.CampaignSources; Crm.Users,
katilim.crm,Crm,Campaigns,Name,nvarchar(100),Evet,,Hayir,,Crm.CampaignBranches; Crm.CampaignSources; Crm.Users,
katilim.crm,Crm,Campaigns,Description,nvarchar(4000),Evet,,Hayir,,Crm.CampaignBranches; Crm.CampaignSources; Crm.Users,
katilim.crm,Crm,Campaigns,StartDate,datetime2(7),Hayir,,Hayir,,Crm.CampaignBranches; Crm.CampaignSources; Crm.Users,
katilim.crm,Crm,Campaigns,EndDate,datetime2(7),Evet,,Hayir,,Crm.CampaignBranches; Crm.CampaignSources; Crm.Users,
katilim.crm,Crm,Campaigns,CountOfTargetedAppeal,int,Evet,,Hayir,,Crm.CampaignBranches; Crm.CampaignSources; Crm.Users,
katilim.crm,Crm,Campaigns,CountOfTargetedLead,int,Evet,,Hayir,,Crm.CampaignBranches; Crm.CampaignSources; Crm.Users,
katilim.crm,Crm,Campaigns,CountOfTargetedOpportunity,int,Evet,,Hayir,,Crm.CampaignBranches; Crm.CampaignSources; Crm.Users,
katilim.crm,Crm,Campaigns,TargetedPotential,"decimal(18,2)",Evet,,Hayir,,Crm.CampaignBranches; Crm.CampaignSources; Crm.Users,
katilim.crm,Crm,Campaigns,TargetedGiro,"decimal(18,2)",Evet,,Hayir,,Crm.CampaignBranches; Crm.CampaignSources; Crm.Users,
katilim.crm,Crm,Campaigns,Budget,"decimal(18,2)",Evet,,Hayir,,Crm.CampaignBranches; Crm.CampaignSources; Crm.Users,
katilim.crm,Crm,Campaigns,Key,nvarchar(500),Evet,,Hayir,,Crm.CampaignBranches; Crm.CampaignSources; Crm.Users,
katilim.crm,Crm,CampaignSources,Uid,uniqueidentifier,Hayir,,Evet,,Crm.CampaignItems; Crm.Campaigns; Crm.CustomerSources; Crm.Users,
katilim.crm,Crm,CampaignSources,UpdatedAt,datetime2(7),Evet,,Hayir,,Crm.CampaignItems; Crm.Campaigns; Crm.CustomerSources; Crm.Users,
katilim.crm,Crm,CampaignSources,DeletedAt,datetime2(7),Evet,,Hayir,,Crm.CampaignItems; Crm.Campaigns; Crm.CustomerSources; Crm.Users,
katilim.crm,Crm,CampaignSources,CreatedAt,datetime2(7),Hayir,,Hayir,,Crm.CampaignItems; Crm.Campaigns; Crm.CustomerSources; Crm.Users,
katilim.crm,Crm,CampaignSources,CreatedBy,uniqueidentifier,Evet,,Hayir,Crm.Users.Uid,Crm.CampaignItems; Crm.Campaigns; Crm.CustomerSources; Crm.Users,
katilim.crm,Crm,CampaignSources,UpdatedBy,uniqueidentifier,Evet,,Hayir,Crm.Users.Uid,Crm.CampaignItems; Crm.Campaigns; Crm.CustomerSources; Crm.Users,
katilim.crm,Crm,CampaignSources,DeletedBy,uniqueidentifier,Evet,,Hayir,Crm.Users.Uid,Crm.CampaignItems; Crm.Campaigns; Crm.CustomerSources; Crm.Users,
katilim.crm,Crm,CampaignSources,Deleted,bit,Hayir,,Hayir,,Crm.CampaignItems; Crm.Campaigns; Crm.CustomerSources; Crm.Users,
katilim.crm,Crm,CampaignSources,CampaignUid,uniqueidentifier,Hayir,,Hayir,Crm.Campaigns.Uid,Crm.CampaignItems; Crm.Campaigns; Crm.CustomerSources; Crm.Users,
katilim.crm,Crm,CampaignSources,SourceUid,uniqueidentifier,Hayir,,Hayir,Crm.CustomerSources.Uid,Crm.CampaignItems; Crm.Campaigns; Crm.CustomerSources; Crm.Users,
katilim.crm,Crm,CashPriceIntervalRates,Uid,uniqueidentifier,Hayir,,Evet,,Crm.Products; Crm.Users,
katilim.crm,Crm,CashPriceIntervalRates,UpdatedAt,datetime2(7),Evet,,Hayir,,Crm.Products; Crm.Users,
katilim.crm,Crm,CashPriceIntervalRates,DeletedAt,datetime2(7),Evet,,Hayir,,Crm.Products; Crm.Users,
katilim.crm,Crm,CashPriceIntervalRates,CreatedAt,datetime2(7),Hayir,,Hayir,,Crm.Products; Crm.Users,
katilim.crm,Crm,CashPriceIntervalRates,CreatedBy,uniqueidentifier,Evet,,Hayir,Crm.Users.Uid,Crm.Products; Crm.Users,
katilim.crm,Crm,CashPriceIntervalRates,UpdatedBy,uniqueidentifier,Evet,,Hayir,Crm.Users.Uid,Crm.Products; Crm.Users,
katilim.crm,Crm,CashPriceIntervalRates,DeletedBy,uniqueidentifier,Evet,,Hayir,Crm.Users.Uid,Crm.Products; Crm.Users,
katilim.crm,Crm,CashPriceIntervalRates,Deleted,bit,Hayir,,Hayir,,Crm.Products; Crm.Users,
katilim.crm,Crm,CashPriceIntervalRates,StartRate,"decimal(18,2)",Hayir,,Hayir,,Crm.Products; Crm.Users,
katilim.crm,Crm,CashPriceIntervalRates,EndRate,"decimal(18,2)",Hayir,,Hayir,,Crm.Products; Crm.Users,
katilim.crm,Crm,CashPriceIntervalRates,ReelRate,"decimal(18,2)",Hayir,,Hayir,,Crm.Products; Crm.Users,
katilim.crm,Crm,CashPriceIntervalRates,ProductUid,uniqueidentifier,Hayir,,Hayir,Crm.Products.Uid,Crm.Products; Crm.Users,
katilim.crm,Crm,CodeExplanations,Uid,int,Hayir,,Evet,,,Identity
katilim.crm,Crm,CodeExplanations,Description,varchar(100),Evet,,Hayir,,,
katilim.crm,Crm,CodeExplanations,Type,tinyint,Hayir,,Hayir,,,
katilim.crm,Crm,CodeExplanations,No,tinyint,Hayir,,Hayir,,,
katilim.crm,Crm,CodeExplanations,Code,varchar(20),Hayir,,Hayir,,,
katilim.crm,Crm,CodeExplanations,Name,varchar(100),Hayir,,Hayir,,,
katilim.crm,Crm,CodeExplanations,Explanation,varchar(100),Evet,,Hayir,,,
katilim.crm,Crm,ComplaintHistories,Uid,uniqueidentifier,Hayir,,Evet,,,
katilim.crm,Crm,ComplaintHistories,UpdatedAt,datetime2(7),Evet,,Hayir,,,
katilim.crm,Crm,ComplaintHistories,DeletedAt,datetime2(7),Evet,,Hayir,,,
katilim.crm,Crm,ComplaintHistories,CreatedAt,datetime2(7),Hayir,,Hayir,,,
katilim.crm,Crm,ComplaintHistories,CreatedBy,uniqueidentifier,Evet,,Hayir,,,
katilim.crm,Crm,ComplaintHistories,UpdatedBy,uniqueidentifier,Evet,,Hayir,,,
katilim.crm,Crm,ComplaintHistories,DeletedBy,uniqueidentifier,Evet,,Hayir,,,
katilim.crm,Crm,ComplaintHistories,Deleted,bit,Hayir,,Hayir,,,
katilim.crm,Crm,ComplaintHistories,CustomerUid,uniqueidentifier,Evet,,Hayir,,,
katilim.crm,Crm,ComplaintHistories,UserUid,uniqueidentifier,Evet,,Hayir,,,
katilim.crm,Crm,ComplaintHistories,Subject,nvarchar(4000),Evet,,Hayir,,,
katilim.crm,Crm,ComplaintHistories,Explanation,nvarchar(4000),Evet,,Hayir,,,
katilim.crm,Crm,ComplaintHistories,IsAnswer,bit,Hayir,,Hayir,,,
katilim.crm,Crm,ComplaintHistories,Type,nvarchar(50),Evet,,Hayir,,,
katilim.crm,Crm,ComplaintHistories,Answer,nvarchar(4000),Evet,,Hayir,,,
katilim.crm,Crm,ComplaintHistories,RepUid,uniqueidentifier,Evet,,Hayir,,,
katilim.crm,Crm,ComplaintHistories,AnswerDate,datetime2(7),Evet,,Hayir,,,
katilim.crm,Crm,ComplaintHistories,DepartmentUid,uniqueidentifier,Evet,,Hayir,,,
katilim.crm,Crm,ComplaintHistories,DirectDate,datetime2(7),Evet,,Hayir,,,
katilim.crm,Crm,ComplaintHistories,LeadUid,uniqueidentifier,Evet,,Hayir,,,
katilim.crm,Crm,ComplaintHistories,ComplaintUid,uniqueidentifier,Hayir,,Hayir,,,
katilim.crm,Crm,ComplaintHistories,AssignedPersonUid,uniqueidentifier,Evet,,Hayir,,,
katilim.crm,Crm,ComplaintHistories,Status,varchar(2),Evet,,Hayir,,,
katilim.crm,Crm,ComplaintHistories,SubStatus,varchar(2),Evet,,Hayir,,,
katilim.crm,Crm,ComplaintHistories,FieldNameText,nvarchar(100),Evet,,Hayir,,,
katilim.crm,Crm,ComplaintHistories,OldValueText,nvarchar(100),Evet,,Hayir,,,
katilim.crm,Crm,ComplaintHistories,NewValueText,nvarchar(100),Evet,,Hayir,,,
katilim.crm,Crm,ComplaintHistories,TransactionName,nvarchar(100),Evet,,Hayir,,,
katilim.crm,Crm,ComplaintHistories,OldValue,nvarchar(4000),Evet,,Hayir,,,
katilim.crm,Crm,ComplaintHistories,NewValue,nvarchar(4000),Evet,,Hayir,,,
katilim.crm,Crm,ComplaintNotes,Uid,uniqueidentifier,Hayir,,Evet,,Crm.Complaints; Crm.Users,
katilim.crm,Crm,ComplaintNotes,ComplaintUid,uniqueidentifier,Hayir,,Hayir,Crm.Complaints.Uid,Crm.Complaints; Crm.Users,
katilim.crm,Crm,ComplaintNotes,UpdatedAt,datetime2(7),Evet,,Hayir,,Crm.Complaints; Crm.Users,
katilim.crm,Crm,ComplaintNotes,DeletedAt,datetime2(7),Evet,,Hayir,,Crm.Complaints; Crm.Users,
katilim.crm,Crm,ComplaintNotes,CreatedAt,datetime2(7),Hayir,,Hayir,,Crm.Complaints; Crm.Users,
katilim.crm,Crm,ComplaintNotes,CreatedBy,uniqueidentifier,Evet,,Hayir,Crm.Users.Uid,Crm.Complaints; Crm.Users,
katilim.crm,Crm,ComplaintNotes,UpdatedBy,uniqueidentifier,Evet,,Hayir,Crm.Users.Uid,Crm.Complaints; Crm.Users,
katilim.crm,Crm,ComplaintNotes,DeletedBy,uniqueidentifier,Evet,,Hayir,Crm.Users.Uid,Crm.Complaints; Crm.Users,
katilim.crm,Crm,ComplaintNotes,Deleted,bit,Hayir,((0)),Hayir,,Crm.Complaints; Crm.Users,
katilim.crm,Crm,ComplaintNotes,Name,nvarchar(1000),Evet,,Hayir,,Crm.Complaints; Crm.Users,
katilim.crm,Crm,ComplaintNotes,UserUid,uniqueidentifier,Evet,,Hayir,Crm.Users.Uid,Crm.Complaints; Crm.Users,
katilim.crm,Crm,ComplaintNotes,DepartmentUid,uniqueidentifier,Evet,,Hayir,,Crm.Complaints; Crm.Users,
katilim.crm,Crm,Complaints,Uid,uniqueidentifier,Hayir,,Evet,,Crm.ComplaintNotes; Crm.Customers; Crm.Users,
katilim.crm,Crm,Complaints,UpdatedAt,datetime2(7),Evet,,Hayir,,Crm.ComplaintNotes; Crm.Customers; Crm.Users,
katilim.crm,Crm,Complaints,DeletedAt,datetime2(7),Evet,,Hayir,,Crm.ComplaintNotes; Crm.Customers; Crm.Users,
katilim.crm,Crm,Complaints,CreatedAt,datetime2(7),Hayir,,Hayir,,Crm.ComplaintNotes; Crm.Customers; Crm.Users,
katilim.crm,Crm,Complaints,CreatedBy,uniqueidentifier,Evet,,Hayir,Crm.Users.Uid,Crm.ComplaintNotes; Crm.Customers; Crm.Users,
katilim.crm,Crm,Complaints,UpdatedBy,uniqueidentifier,Evet,,Hayir,Crm.Users.Uid,Crm.ComplaintNotes; Crm.Customers; Crm.Users,
katilim.crm,Crm,Complaints,DeletedBy,uniqueidentifier,Evet,,Hayir,Crm.Users.Uid,Crm.ComplaintNotes; Crm.Customers; Crm.Users,
katilim.crm,Crm,Complaints,Deleted,bit,Hayir,,Hayir,,Crm.ComplaintNotes; Crm.Customers; Crm.Users,
katilim.crm,Crm,Complaints,CustomerUid,uniqueidentifier,Evet,,Hayir,Crm.Customers.Uid,Crm.ComplaintNotes; Crm.Customers; Crm.Users,
katilim.crm,Crm,Complaints,UserUid,uniqueidentifier,Evet,,Hayir,Crm.Users.Uid,Crm.ComplaintNotes; Crm.Customers; Crm.Users,
katilim.crm,Crm,Complaints,Subject,nvarchar(4000),Evet,,Hayir,,Crm.ComplaintNotes; Crm.Customers; Crm.Users,
katilim.crm,Crm,Complaints,Explanation,nvarchar(4000),Evet,,Hayir,,Crm.ComplaintNotes; Crm.Customers; Crm.Users,
katilim.crm,Crm,Complaints,IsAnswer,bit,Hayir,,Hayir,,Crm.ComplaintNotes; Crm.Customers; Crm.Users,
katilim.crm,Crm,Complaints,Type,nvarchar(50),Evet,,Hayir,,Crm.ComplaintNotes; Crm.Customers; Crm.Users,
katilim.crm,Crm,Complaints,Answer,nvarchar(4000),Evet,,Hayir,,Crm.ComplaintNotes; Crm.Customers; Crm.Users,
katilim.crm,Crm,Complaints,RepUid,uniqueidentifier,Evet,,Hayir,,Crm.ComplaintNotes; Crm.Customers; Crm.Users,
katilim.crm,Crm,Complaints,AnswerDate,datetime2(7),Evet,,Hayir,,Crm.ComplaintNotes; Crm.Customers; Crm.Users,
katilim.crm,Crm,Complaints,DepartmentUid,uniqueidentifier,Evet,,Hayir,,Crm.ComplaintNotes; Crm.Customers; Crm.Users,
katilim.crm,Crm,Complaints,DirectDate,datetime2(7),Evet,,Hayir,,Crm.ComplaintNotes; Crm.Customers; Crm.Users,
katilim.crm,Crm,Complaints,LeadUid,uniqueidentifier,Evet,,Hayir,,Crm.ComplaintNotes; Crm.Customers; Crm.Users,
katilim.crm,Crm,Complaints,Status,varchar(2),Evet,,Hayir,,Crm.ComplaintNotes; Crm.Customers; Crm.Users,
katilim.crm,Crm,Complaints,AssignedPersonUid,uniqueidentifier,Evet,,Hayir,,Crm.ComplaintNotes; Crm.Customers; Crm.Users,
katilim.crm,Crm,Complaints,Source,nvarchar(50),Evet,,Hayir,,Crm.ComplaintNotes; Crm.Customers; Crm.Users,
katilim.crm,Crm,Complaints,Priority,nvarchar(50),Evet,,Hayir,,Crm.ComplaintNotes; Crm.Customers; Crm.Users,
katilim.crm,Crm,Complaints,CancellationReason,nvarchar(50),Evet,,Hayir,,Crm.ComplaintNotes; Crm.Customers; Crm.Users,
katilim.crm,Crm,Complaints,ComplaintNo,nvarchar(8),Evet,,Hayir,,Crm.ComplaintNotes; Crm.Customers; Crm.Users,
katilim.crm,Crm,Complaints,DirectCompleteDate,datetime2(7),Evet,,Hayir,,Crm.ComplaintNotes; Crm.Customers; Crm.Users,
katilim.crm,Crm,Complaints,SubStatus,nvarchar(2),Evet,,Hayir,,Crm.ComplaintNotes; Crm.Customers; Crm.Users,
katilim.crm,Crm,Complaints,Referrer,uniqueidentifier,Evet,,Hayir,,Crm.ComplaintNotes; Crm.Customers; Crm.Users,
katilim.crm,Crm,Complaints,ReferrersDepartment,uniqueidentifier,Evet,,Hayir,,Crm.ComplaintNotes; Crm.Customers; Crm.Users,
katilim.crm,Crm,Complaints,RelatedComplaints,uniqueidentifier,Evet,,Hayir,,Crm.ComplaintNotes; Crm.Customers; Crm.Users,
katilim.crm,Crm,Complaints,SmsCount,int,Evet,,Hayir,,Crm.ComplaintNotes; Crm.Customers; Crm.Users,
katilim.crm,Crm,Complaints,OutBandCallUid,uniqueidentifier,Evet,,Hayir,,Crm.ComplaintNotes; Crm.Customers; Crm.Users,
katilim.crm,Crm,Complaints,CallCount,int,Evet,,Hayir,,Crm.ComplaintNotes; Crm.Customers; Crm.Users,
katilim.crm,Crm,Complaints,SubjectCategoryUid,uniqueidentifier,Evet,,Hayir,,Crm.ComplaintNotes; Crm.Customers; Crm.Users,
katilim.crm,Crm,Complaints,SikayetvarNo,int,Evet,,Hayir,,Crm.ComplaintNotes; Crm.Customers; Crm.Users,
katilim.crm,Crm,Complaints,SikayetvarName,nvarchar(255),Evet,,Hayir,,Crm.ComplaintNotes; Crm.Customers; Crm.Users,
katilim.crm,Crm,ComplaintsSubjectCategories,Uid,uniqueidentifier,Hayir,,Hayir,,,
katilim.crm,Crm,ComplaintsSubjectCategories,Type,char(1),Hayir,,Hayir,,,
katilim.crm,Crm,ComplaintsSubjectCategories,SubjectCategoryName,nvarchar(250),Hayir,,Hayir,,,
katilim.crm,Crm,ComplaintsSubjectCategories,IsPassive,bit,Hayir,((0)),Hayir,,,
katilim.crm,Crm,ComplaintsSubjectCategories,CreatedAt,datetime2(7),Hayir,,Hayir,,,
katilim.crm,Crm,ComplaintsSubjectCategories,CreatedBy,uniqueidentifier,Evet,,Hayir,,,
katilim.crm,Crm,ComplaintsSubjectCategories,UpdatedAt,datetime2(7),Evet,,Hayir,,,
katilim.crm,Crm,ComplaintsSubjectCategories,UpdatedBy,uniqueidentifier,Evet,,Hayir,,,
katilim.crm,Crm,ComplaintsSubjectCategories,DeletedAt,datetime2(7),Evet,,Hayir,,,
katilim.crm,Crm,ComplaintsSubjectCategories,DeletedBy,uniqueidentifier,Evet,,Hayir,,,
katilim.crm,Crm,ComplaintsSubjectCategories,Deleted,bit,Hayir,,Hayir,,,
katilim.crm,Crm,ContractDocumentIssues,Uid,uniqueidentifier,Hayir,,Hayir,,,
katilim.crm,Crm,ContractDocumentIssues,ContractUid,uniqueidentifier,Hayir,,Hayir,,,
katilim.crm,Crm,ContractDocumentIssues,Description,nvarchar(max),Evet,,Hayir,,,
katilim.crm,Crm,ContractDocumentIssues,UpdatedAt,datetime2(7),Evet,,Hayir,,,
katilim.crm,Crm,ContractDocumentIssues,DeletedAt,datetime2(7),Evet,,Hayir,,,
katilim.crm,Crm,ContractDocumentIssues,CreatedAt,datetime2(7),Hayir,,Hayir,,,
katilim.crm,Crm,ContractDocumentIssues,CreatedBy,uniqueidentifier,Evet,,Hayir,,,
katilim.crm,Crm,ContractDocumentIssues,UpdatedBy,uniqueidentifier,Evet,,Hayir,,,
katilim.crm,Crm,ContractDocumentIssues,DeletedBy,uniqueidentifier,Evet,,Hayir,,,
katilim.crm,Crm,ContractDocumentIssues,Deleted,bit,Hayir,,Hayir,,,
katilim.crm,Crm,ContractDocumentIssues,Status,int,Hayir,,Hayir,,,
katilim.crm,Crm,ContractIBANs,Uid,uniqueidentifier,Hayir,,Evet,,Crm.ETesisTerkinContractIbans,
katilim.crm,Crm,ContractIBANs,UpdatedAt,datetime2(7),Evet,,Hayir,,Crm.ETesisTerkinContractIbans,
katilim.crm,Crm,ContractIBANs,DeletedAt,datetime2(7),Evet,,Hayir,,Crm.ETesisTerkinContractIbans,
katilim.crm,Crm,ContractIBANs,CreatedAt,datetime2(7),Hayir,,Hayir,,Crm.ETesisTerkinContractIbans,
katilim.crm,Crm,ContractIBANs,CreatedBy,uniqueidentifier,Evet,,Hayir,,Crm.ETesisTerkinContractIbans,
katilim.crm,Crm,ContractIBANs,UpdatedBy,uniqueidentifier,Evet,,Hayir,,Crm.ETesisTerkinContractIbans,
katilim.crm,Crm,ContractIBANs,DeletedBy,uniqueidentifier,Evet,,Hayir,,Crm.ETesisTerkinContractIbans,
katilim.crm,Crm,ContractIBANs,Deleted,bit,Hayir,,Hayir,,Crm.ETesisTerkinContractIbans,
katilim.crm,Crm,ContractIBANs,ContractUid,uniqueidentifier,Hayir,,Hayir,,Crm.ETesisTerkinContractIbans,
katilim.crm,Crm,ContractIBANs,IBAN,nvarchar(150),Evet,,Hayir,,Crm.ETesisTerkinContractIbans,
katilim.crm,Crm,ContractIBANs,BankName,nvarchar(150),Evet,,Hayir,,Crm.ETesisTerkinContractIbans,
katilim.crm,Crm,ContractIBANs,Name,nvarchar(150),Evet,,Hayir,,Crm.ETesisTerkinContractIbans,
katilim.crm,Crm,ContractIBANs,Surname,nvarchar(150),Evet,,Hayir,,Crm.ETesisTerkinContractIbans,
katilim.crm,Crm,ContractIBANs,SellerIBAN,nvarchar(150),Evet,,Hayir,,Crm.ETesisTerkinContractIbans,
katilim.crm,Crm,ContractIBANs,SellerBankName,nvarchar(250),Evet,,Hayir,,Crm.ETesisTerkinContractIbans,
katilim.crm,Crm,ContractIBANs,Phone,nvarchar(50),Evet,,Hayir,,Crm.ETesisTerkinContractIbans,
katilim.crm,Crm,ContractIBANs,FatherName,nvarchar(100),Evet,,Hayir,,Crm.ETesisTerkinContractIbans,
katilim.crm,Crm,ContractIBANs,Type,smallint,Hayir,((1)),Hayir,,Crm.ETesisTerkinContractIbans,
katilim.crm,Crm,ContractIBANs,IsCompany,bit,Evet,,Hayir,,Crm.ETesisTerkinContractIbans,
katilim.crm,Crm,ContractIBANs,SalesPrice,"decimal(18,2)",Evet,,Hayir,,Crm.ETesisTerkinContractIbans,
katilim.crm,Crm,ContractIBANs,SellerTckno,nvarchar(11),Evet,,Hayir,,Crm.ETesisTerkinContractIbans,
katilim.crm,Crm,ContractIBANs,SellerTaxNo,nvarchar(10),Evet,,Hayir,,Crm.ETesisTerkinContractIbans,
katilim.crm,Crm,ContractLeavingLogs,Uid,uniqueidentifier,Hayir,,Evet,,Crm.Contracts; Crm.Users,
katilim.crm,Crm,ContractLeavingLogs,UpdatedAt,datetime2(7),Evet,,Hayir,,Crm.Contracts; Crm.Users,
katilim.crm,Crm,ContractLeavingLogs,DeletedAt,datetime2(7),Evet,,Hayir,,Crm.Contracts; Crm.Users,
katilim.crm,Crm,ContractLeavingLogs,CreatedAt,datetime2(7),Hayir,,Hayir,,Crm.Contracts; Crm.Users,
katilim.crm,Crm,ContractLeavingLogs,CreatedBy,uniqueidentifier,Evet,,Hayir,Crm.Users.Uid,Crm.Contracts; Crm.Users,
katilim.crm,Crm,ContractLeavingLogs,UpdatedBy,uniqueidentifier,Evet,,Hayir,Crm.Users.Uid,Crm.Contracts; Crm.Users,
katilim.crm,Crm,ContractLeavingLogs,DeletedBy,uniqueidentifier,Evet,,Hayir,Crm.Users.Uid,Crm.Contracts; Crm.Users,
katilim.crm,Crm,ContractLeavingLogs,Deleted,bit,Hayir,,Hayir,,Crm.Contracts; Crm.Users,
katilim.crm,Crm,ContractLeavingLogs,ContractLeavingLogType,smallint,Evet,,Hayir,,Crm.Contracts; Crm.Users,
katilim.crm,Crm,ContractLeavingLogs,Department,nvarchar(100),Evet,,Hayir,,Crm.Contracts; Crm.Users,
katilim.crm,Crm,ContractLeavingLogs,ContractUid,uniqueidentifier,Evet,,Hayir,Crm.Contracts.Uid,Crm.Contracts; Crm.Users,
katilim.crm,Crm,ContractLeavingLogs,Description,nvarchar(4000),Evet,,Hayir,,Crm.Contracts; Crm.Users,
katilim.crm,Crm,ContractLeavings,Uid,uniqueidentifier,Hayir,,Evet,,Crm.Contracts; Crm.Users,
katilim.crm,Crm,ContractLeavings,UpdatedAt,datetime2(7),Evet,,Hayir,,Crm.Contracts; Crm.Users,
katilim.crm,Crm,ContractLeavings,DeletedAt,datetime2(7),Evet,,Hayir,,Crm.Contracts; Crm.Users,
katilim.crm,Crm,ContractLeavings,CreatedAt,datetime2(7),Hayir,,Hayir,,Crm.Contracts; Crm.Users,
katilim.crm,Crm,ContractLeavings,CreatedBy,uniqueidentifier,Evet,,Hayir,Crm.Users.Uid,Crm.Contracts; Crm.Users,
katilim.crm,Crm,ContractLeavings,UpdatedBy,uniqueidentifier,Evet,,Hayir,Crm.Users.Uid,Crm.Contracts; Crm.Users,
katilim.crm,Crm,ContractLeavings,DeletedBy,uniqueidentifier,Evet,,Hayir,Crm.Users.Uid,Crm.Contracts; Crm.Users,
katilim.crm,Crm,ContractLeavings,Deleted,bit,Hayir,,Hayir,,Crm.Contracts; Crm.Users,
katilim.crm,Crm,ContractLeavings,ContractUid,uniqueidentifier,Evet,,Hayir,Crm.Contracts.Uid,Crm.Contracts; Crm.Users,
katilim.crm,Crm,ContractLeavings,BeforeReturnContractStatus,nvarchar(50),Evet,,Hayir,,Crm.Contracts; Crm.Users,
katilim.crm,Crm,ContractLeavings,BeforeReturnGroupUid,uniqueidentifier,Evet,,Hayir,,Crm.Contracts; Crm.Users,
katilim.crm,Crm,ContractLeavings,ReturnStartDate,datetime2(7),Evet,,Hayir,,Crm.Contracts; Crm.Users,
katilim.crm,Crm,ContractLeavings,ReturnMoneyH,"decimal(18,2)",Evet,,Hayir,,Crm.Contracts; Crm.Users,
katilim.crm,Crm,ContractLeavings,ReturnMoneyO,"decimal(18,2)",Evet,,Hayir,,Crm.Contracts; Crm.Users,
katilim.crm,Crm,ContractLeavings,ReturnMoneyP,"decimal(18,2)",Evet,,Hayir,,Crm.Contracts; Crm.Users,
katilim.crm,Crm,ContractLeavings,ReturnMoneyA,"decimal(18,2)",Evet,,Hayir,,Crm.Contracts; Crm.Users,
katilim.crm,Crm,ContractLeavings,ReturnMoneyS,"decimal(18,2)",Evet,,Hayir,,Crm.Contracts; Crm.Users,
katilim.crm,Crm,ContractLeavings,InternalAudit,smallint,Evet,,Hayir,,Crm.Contracts; Crm.Users,
katilim.crm,Crm,ContractLeavings,InternalAuditProcessDate,datetime2(7),Evet,,Hayir,,Crm.Contracts; Crm.Users,
katilim.crm,Crm,ContractLeavings,InternalAuditProcessedBy,uniqueidentifier,Evet,,Hayir,,Crm.Contracts; Crm.Users,
katilim.crm,Crm,ContractProductDeliveryRange,Uid,uniqueidentifier,Hayir,,Evet,,Crm.ContractProducts; Crm.Users,
katilim.crm,Crm,ContractProductDeliveryRange,UpdatedAt,datetime2(7),Evet,,Hayir,,Crm.ContractProducts; Crm.Users,
katilim.crm,Crm,ContractProductDeliveryRange,DeletedAt,datetime2(7),Evet,,Hayir,,Crm.ContractProducts; Crm.Users,
katilim.crm,Crm,ContractProductDeliveryRange,CreatedAt,datetime2(7),Hayir,,Hayir,,Crm.ContractProducts; Crm.Users,
katilim.crm,Crm,ContractProductDeliveryRange,CreatedBy,uniqueidentifier,Evet,,Hayir,Crm.Users.Uid,Crm.ContractProducts; Crm.Users,
katilim.crm,Crm,ContractProductDeliveryRange,UpdatedBy,uniqueidentifier,Evet,,Hayir,Crm.Users.Uid,Crm.ContractProducts; Crm.Users,
katilim.crm,Crm,ContractProductDeliveryRange,DeletedBy,uniqueidentifier,Evet,,Hayir,Crm.Users.Uid,Crm.ContractProducts; Crm.Users,
katilim.crm,Crm,ContractProductDeliveryRange,Deleted,bit,Hayir,,Hayir,,Crm.ContractProducts; Crm.Users,
katilim.crm,Crm,ContractProductDeliveryRange,StartMonth,int,Hayir,,Hayir,,Crm.ContractProducts; Crm.Users,
katilim.crm,Crm,ContractProductDeliveryRange,EndMonth,int,Hayir,,Hayir,,Crm.ContractProducts; Crm.Users,
katilim.crm,Crm,ContractProductDeliveryRange,StartMonthNotCampaign,int,Hayir,,Hayir,,Crm.ContractProducts; Crm.Users,
katilim.crm,Crm,ContractProductDeliveryRange,EndMonthNotCampaign,int,Hayir,,Hayir,,Crm.ContractProducts; Crm.Users,
katilim.crm,Crm,ContractProductDeliveryRange,StartRate,"decimal(18,2)",Hayir,,Hayir,,Crm.ContractProducts; Crm.Users,
katilim.crm,Crm,ContractProductDeliveryRange,EndRate,"decimal(18,2)",Hayir,,Hayir,,Crm.ContractProducts; Crm.Users,
katilim.crm,Crm,ContractProductDeliveryRange,ContractProductUid,uniqueidentifier,Hayir,,Hayir,Crm.ContractProducts.Uid,Crm.ContractProducts; Crm.Users,
katilim.crm,Crm,ContractProducts,Uid,uniqueidentifier,Hayir,,Evet,,Crm.ContractProductDeliveryRange; Crm.Users,
katilim.crm,Crm,ContractProducts,UpdatedAt,datetime2(7),Evet,,Hayir,,Crm.ContractProductDeliveryRange; Crm.Users,
katilim.crm,Crm,ContractProducts,DeletedAt,datetime2(7),Evet,,Hayir,,Crm.ContractProductDeliveryRange; Crm.Users,
katilim.crm,Crm,ContractProducts,CreatedAt,datetime2(7),Hayir,,Hayir,,Crm.ContractProductDeliveryRange; Crm.Users,
katilim.crm,Crm,ContractProducts,CreatedBy,uniqueidentifier,Evet,,Hayir,Crm.Users.Uid,Crm.ContractProductDeliveryRange; Crm.Users,
katilim.crm,Crm,ContractProducts,UpdatedBy,uniqueidentifier,Evet,,Hayir,,Crm.ContractProductDeliveryRange; Crm.Users,
katilim.crm,Crm,ContractProducts,DeletedBy,uniqueidentifier,Evet,,Hayir,Crm.Users.Uid,Crm.ContractProductDeliveryRange; Crm.Users,
katilim.crm,Crm,ContractProducts,Deleted,bit,Hayir,,Hayir,,Crm.ContractProductDeliveryRange; Crm.Users,
katilim.crm,Crm,ContractProducts,CashInstallmentCount,int,Hayir,,Hayir,,Crm.ContractProductDeliveryRange; Crm.Users,
katilim.crm,Crm,ContractProducts,CashRateForBranch,"decimal(18,2)",Hayir,,Hayir,,Crm.ContractProductDeliveryRange; Crm.Users,
katilim.crm,Crm,ContractProducts,CashRateForGeneralManager,"decimal(18,2)",Hayir,,Hayir,,Crm.ContractProductDeliveryRange; Crm.Users,
katilim.crm,Crm,ContractProducts,CashRateForRegion,"decimal(18,2)",Hayir,,Hayir,,Crm.ContractProductDeliveryRange; Crm.Users,
katilim.crm,Crm,ContractProducts,ContractHtml,nvarchar(max),Evet,,Hayir,,Crm.ContractProductDeliveryRange; Crm.Users,
katilim.crm,Crm,ContractProducts,DeliveryMonth,int,Hayir,,Hayir,,Crm.ContractProductDeliveryRange; Crm.Users,
katilim.crm,Crm,ContractProducts,VariableIndexGroupUid,uniqueidentifier,Evet,,Hayir,,Crm.ContractProductDeliveryRange; Crm.Users,
katilim.crm,Crm,ContractProducts,Type,nvarchar(50),Evet,,Hayir,,Crm.ContractProductDeliveryRange; Crm.Users,
katilim.crm,Crm,ContractProducts,ServiceRateForRegion,"decimal(18,2)",Hayir,,Hayir,,Crm.ContractProductDeliveryRange; Crm.Users,
katilim.crm,Crm,ContractProducts,ServiceRateForGeneralManager,"decimal(18,2)",Hayir,,Hayir,,Crm.ContractProductDeliveryRange; Crm.Users,
katilim.crm,Crm,ContractProducts,ServiceRateForBranch,"decimal(18,2)",Hayir,,Hayir,,Crm.ContractProductDeliveryRange; Crm.Users,
katilim.crm,Crm,ContractProducts,ServiceInstallmentCount,int,Hayir,,Hayir,,Crm.ContractProductDeliveryRange; Crm.Users,
katilim.crm,Crm,ContractProducts,Name,nvarchar(100),Evet,,Hayir,,Crm.ContractProductDeliveryRange; Crm.Users,
katilim.crm,Crm,ContractProducts,Model,nvarchar(50),Evet,,Hayir,,Crm.ContractProductDeliveryRange; Crm.Users,
katilim.crm,Crm,ContractProducts,InstallmentCount,int,Hayir,,Hayir,,Crm.ContractProductDeliveryRange; Crm.Users,
katilim.crm,Crm,ContractProducts,IncreaseRateAfterDelivery,"decimal(18,2)",Hayir,,Hayir,,Crm.ContractProductDeliveryRange; Crm.Users,
katilim.crm,Crm,ContractProducts,FixedIndex,"decimal(18,2)",Evet,,Hayir,,Crm.ContractProductDeliveryRange; Crm.Users,
katilim.crm,Crm,ContractProducts,VariableIndexGroup,nvarchar(50),Evet,,Hayir,,Crm.ContractProductDeliveryRange; Crm.Users,
katilim.crm,Crm,ContractProducts,ContractUid,uniqueidentifier,Evet,,Hayir,,Crm.ContractProductDeliveryRange; Crm.Users,
katilim.crm,Crm,ContractProducts,FirstInstallmentRate,"decimal(18,2)",Evet,,Hayir,,Crm.ContractProductDeliveryRange; Crm.Users,
katilim.crm,Crm,ContractProducts,Status,nvarchar(max),Evet,,Hayir,,Crm.ContractProductDeliveryRange; Crm.Users,
katilim.crm,Crm,ContractProducts,ServiceRateForCEO,"decimal(18,2)",Evet,,Hayir,,Crm.ContractProductDeliveryRange; Crm.Users,
katilim.crm,Crm,ContractProducts,ServiceRateNotCampaign,"decimal(18,2)",Evet,,Hayir,,Crm.ContractProductDeliveryRange; Crm.Users,
katilim.crm,Crm,ContractProducts,DistributedCashRate,int,Evet,,Hayir,,Crm.ContractProductDeliveryRange; Crm.Users,
katilim.crm,Crm,ContractProducts,ServiceRateForBranchFirst,"decimal(18,2)",Evet,,Hayir,,Crm.ContractProductDeliveryRange; Crm.Users,
katilim.crm,Crm,ContractProducts,ServiceRateForRegionFirst,"decimal(18,2)",Evet,,Hayir,,Crm.ContractProductDeliveryRange; Crm.Users,
katilim.crm,Crm,ContractProducts,ServiceRateForGeneralManagerFirst,"decimal(18,2)",Evet,,Hayir,,Crm.ContractProductDeliveryRange; Crm.Users,
katilim.crm,Crm,ContractProducts,IsServicePriceDivided,bit,Evet,,Hayir,,Crm.ContractProductDeliveryRange; Crm.Users,
katilim.crm,Crm,ContractProducts,ServiceRateForCEOFirst,"decimal(18,2)",Evet,,Hayir,,Crm.ContractProductDeliveryRange; Crm.Users,
katilim.crm,Crm,ContractProducts,ServiceRateForBranchLast,"decimal(18,2)",Evet,,Hayir,,Crm.ContractProductDeliveryRange; Crm.Users,
katilim.crm,Crm,ContractProducts,ServiceRateForRegionLast,"decimal(18,2)",Evet,,Hayir,,Crm.ContractProductDeliveryRange; Crm.Users,
katilim.crm,Crm,ContractProducts,ServiceRateForGeneralManagerLast,"decimal(18,2)",Evet,,Hayir,,Crm.ContractProductDeliveryRange; Crm.Users,
katilim.crm,Crm,ContractProducts,ServiceRateForCEOLast,"decimal(18,2)",Evet,,Hayir,,Crm.ContractProductDeliveryRange; Crm.Users,
katilim.crm,Crm,ContractProducts,ServiceRateDividedNotCampaignLast,"decimal(18,2)",Evet,,Hayir,,Crm.ContractProductDeliveryRange; Crm.Users,
katilim.crm,Crm,ContractProducts,ServiceRateDividedNotCampaignFirst,"decimal(18,2)",Evet,,Hayir,,Crm.ContractProductDeliveryRange; Crm.Users,
katilim.crm,Crm,ContractProducts,IsServicePriceDividedUntilDelivery,bit,Evet,,Hayir,,Crm.ContractProductDeliveryRange; Crm.Users,
katilim.crm,Crm,ContractProducts,ServicePriceDividedUntilDeliveryRateForBranch,"decimal(18,2)",Evet,,Hayir,,Crm.ContractProductDeliveryRange; Crm.Users,
katilim.crm,Crm,ContractProducts,ServicePriceDividedUntilDeliveryRateForRegion,"decimal(18,2)",Evet,,Hayir,,Crm.ContractProductDeliveryRange; Crm.Users,
katilim.crm,Crm,ContractProducts,ServicePriceDividedUntilDeliveryRateForGeneralManager,"decimal(18,2)",Evet,,Hayir,,Crm.ContractProductDeliveryRange; Crm.Users,
katilim.crm,Crm,ContractProducts,ServicePriceDividedUntilDeliveryRateForCEO,"decimal(18,2)",Evet,,Hayir,,Crm.ContractProductDeliveryRange; Crm.Users,
katilim.crm,Crm,ContractProducts,ServicePriceDividedUntilDeliveryNotCampaign,"decimal(18,2)",Evet,,Hayir,,Crm.ContractProductDeliveryRange; Crm.Users,
katilim.crm,Crm,ContractProducts,MinProductPriceForDeliveryDistributed,"decimal(18,2)",Evet,,Hayir,,Crm.ContractProductDeliveryRange; Crm.Users,
katilim.crm,Crm,ContractProducts,IsServicePriceChargedBeforeDelivery,bit,Evet,,Hayir,,Crm.ContractProductDeliveryRange; Crm.Users,
katilim.crm,Crm,ContractProducts,ServicePriceChargedBeforeDeliveryRateForBranch,"decimal(18,2)",Evet,,Hayir,,Crm.ContractProductDeliveryRange; Crm.Users,
katilim.crm,Crm,ContractProducts,ServicePriceChargedBeforeDeliveryRateForRegion,"decimal(18,2)",Evet,,Hayir,,Crm.ContractProductDeliveryRange; Crm.Users,
katilim.crm,Crm,ContractProducts,ServicePriceChargedBeforeDeliveryRateForGeneralManager,"decimal(18,2)",Evet,,Hayir,,Crm.ContractProductDeliveryRange; Crm.Users,
katilim.crm,Crm,ContractProducts,ServicePriceChargedBeforeDeliveryNotCampaign,"decimal(18,2)",Evet,,Hayir,,Crm.ContractProductDeliveryRange; Crm.Users,
katilim.crm,Crm,ContractProducts,ServicePriceChargedBeforeDeliveryRateForCEO,"decimal(18,2)",Evet,,Hayir,,Crm.ContractProductDeliveryRange; Crm.Users,
katilim.crm,Crm,ContractProducts,IsServicePriceDistributed,bit,Evet,,Hayir,,Crm.ContractProductDeliveryRange; Crm.Users,
katilim.crm,Crm,ContractProducts,ServicePriceDistributedRateForBranch,"decimal(18,2)",Evet,,Hayir,,Crm.ContractProductDeliveryRange; Crm.Users,
katilim.crm,Crm,ContractProducts,ServicePriceDistributedRateForRegion,"decimal(18,2)",Evet,,Hayir,,Crm.ContractProductDeliveryRange; Crm.Users,
katilim.crm,Crm,ContractProducts,ServicePriceDistributedRateForGeneralManager,"decimal(18,2)",Evet,,Hayir,,Crm.ContractProductDeliveryRange; Crm.Users,
katilim.crm,Crm,ContractProducts,ServicePriceDistributedNotCampaign,"decimal(18,2)",Evet,,Hayir,,Crm.ContractProductDeliveryRange; Crm.Users,
katilim.crm,Crm,ContractProducts,MinProductPriceForDistributed,"decimal(18,2)",Evet,,Hayir,,Crm.ContractProductDeliveryRange; Crm.Users,
katilim.crm,Crm,ContractProducts,ServicePriceDistributedRateForCEO,"decimal(18,2)",Evet,,Hayir,,Crm.ContractProductDeliveryRange; Crm.Users,
katilim.crm,Crm,ContractProducts,FlexibleDeliveryRate,"decimal(18,2)",Evet,,Hayir,,Crm.ContractProductDeliveryRange; Crm.Users,
katilim.crm,Crm,ContractProducts,IsActive,bit,Evet,,Hayir,,Crm.ContractProductDeliveryRange; Crm.Users,
katilim.crm,Crm,ContractProducts,PremiumRate,"decimal(18,2)",Evet,,Hayir,,Crm.ContractProductDeliveryRange; Crm.Users,
katilim.crm,Crm,ContractProducts,IncreaseRateBeforeDelivery,"decimal(18,2)",Evet,,Hayir,,Crm.ContractProductDeliveryRange; Crm.Users,
katilim.crm,Crm,ContractProducts,IncreaseRateAfterDeliveryArray,nvarchar(max),Evet,,Hayir,,Crm.ContractProductDeliveryRange; Crm.Users,
katilim.crm,Crm,ContractProducts,MinProductPrice,"decimal(18,2)",Evet,,Hayir,,Crm.ContractProductDeliveryRange; Crm.Users,
katilim.crm,Crm,ContractProducts,MaxProductPrice,"decimal(18,2)",Evet,,Hayir,,Crm.ContractProductDeliveryRange; Crm.Users,
katilim.crm,Crm,ContractProducts,GroupLimit,int,Evet,,Hayir,,Crm.ContractProductDeliveryRange; Crm.Users,
katilim.crm,Crm,ContractProducts,DownPaymentUpperLimit,int,Evet,,Hayir,,Crm.ContractProductDeliveryRange; Crm.Users,
katilim.crm,Crm,ContractProducts,ServicePriceLoweLimit,int,Evet,,Hayir,,Crm.ContractProductDeliveryRange; Crm.Users,
katilim.crm,Crm,ContractProducts,Featured,bit,Evet,,Hayir,,Crm.ContractProductDeliveryRange; Crm.Users,
katilim.crm,Crm,ContractProducts,PointServiceRateLimit,"decimal(18,2)",Evet,,Hayir,,Crm.ContractProductDeliveryRange; Crm.Users,
katilim.crm,Crm,ContractProducts,ServicePriceDividedUntilDeliveryNotCampaignFirst,"decimal(18,2)",Evet,,Hayir,,Crm.ContractProductDeliveryRange; Crm.Users,
katilim.crm,Crm,ContractRevisions,Uid,uniqueidentifier,Hayir,,Evet,,Crm.Contracts; Crm.Files; Crm.Users,
katilim.crm,Crm,ContractRevisions,UpdatedAt,datetime2(7),Evet,,Hayir,,Crm.Contracts; Crm.Files; Crm.Users,
katilim.crm,Crm,ContractRevisions,DeletedAt,datetime2(7),Evet,,Hayir,,Crm.Contracts; Crm.Files; Crm.Users,
katilim.crm,Crm,ContractRevisions,CreatedAt,datetime2(7),Hayir,,Hayir,,Crm.Contracts; Crm.Files; Crm.Users,
katilim.crm,Crm,ContractRevisions,CreatedByUserUid,uniqueidentifier,Evet,,Hayir,Crm.Users.Uid,Crm.Contracts; Crm.Files; Crm.Users,
katilim.crm,Crm,ContractRevisions,CreatedBy,uniqueidentifier,Evet,,Hayir,,Crm.Contracts; Crm.Files; Crm.Users,
katilim.crm,Crm,ContractRevisions,UpdatedByUserUid,uniqueidentifier,Evet,,Hayir,Crm.Users.Uid,Crm.Contracts; Crm.Files; Crm.Users,
katilim.crm,Crm,ContractRevisions,UpdatedBy,uniqueidentifier,Evet,,Hayir,,Crm.Contracts; Crm.Files; Crm.Users,
katilim.crm,Crm,ContractRevisions,DeletedByUserUid,uniqueidentifier,Evet,,Hayir,Crm.Users.Uid,Crm.Contracts; Crm.Files; Crm.Users,
katilim.crm,Crm,ContractRevisions,DeletedBy,uniqueidentifier,Evet,,Hayir,,Crm.Contracts; Crm.Files; Crm.Users,
katilim.crm,Crm,ContractRevisions,Deleted,bit,Hayir,,Hayir,,Crm.Contracts; Crm.Files; Crm.Users,
katilim.crm,Crm,ContractRevisions,ContractUid,uniqueidentifier,Hayir,,Hayir,Crm.Contracts.Uid,Crm.Contracts; Crm.Files; Crm.Users,
katilim.crm,Crm,ContractRevisions,Type,nvarchar(50),Evet,,Hayir,,Crm.Contracts; Crm.Files; Crm.Users,
katilim.crm,Crm,ContractRevisions,Status,nvarchar(50),Evet,,Hayir,,Crm.Contracts; Crm.Files; Crm.Users,
katilim.crm,Crm,ContractRevisions,Month,int,Hayir,,Hayir,,Crm.Contracts; Crm.Files; Crm.Users,
katilim.crm,Crm,ContractRevisions,Price,"decimal(18,2)",Hayir,,Hayir,,Crm.Contracts; Crm.Files; Crm.Users,
katilim.crm,Crm,ContractRevisions,ProccesType,nvarchar(50),Evet,,Hayir,,Crm.Contracts; Crm.Files; Crm.Users,
katilim.crm,Crm,ContractRevisions,Description,nvarchar(4000),Evet,,Hayir,,Crm.Contracts; Crm.Files; Crm.Users,
katilim.crm,Crm,ContractRevisions,FileUid,uniqueidentifier,Evet,,Hayir,Crm.Files.Uid,Crm.Contracts; Crm.Files; Crm.Users,
katilim.crm,Crm,ContractRevisions,ControllerUid,uniqueidentifier,Evet,,Hayir,Crm.Users.Uid,Crm.Contracts; Crm.Files; Crm.Users,
katilim.crm,Crm,ContractRevisions,ControllerDate,datetime2(7),Evet,,Hayir,,Crm.Contracts; Crm.Files; Crm.Users,
katilim.crm,Crm,ContractRevisions,ExtraServicePrice,"decimal(18,2)",Hayir,,Hayir,,Crm.Contracts; Crm.Files; Crm.Users,
katilim.crm,Crm,ContractRevisions,ExtraCashPrice,"decimal(18,2)",Hayir,,Hayir,,Crm.Contracts; Crm.Files; Crm.Users,
katilim.crm,Crm,ContractRevisions,ExtraProductMonthlyPrice,"decimal(18,2)",Hayir,,Hayir,,Crm.Contracts; Crm.Files; Crm.Users,
katilim.crm,Crm,ContractRevisions,TotalExtraPrice,"decimal(18,2)",Hayir,,Hayir,,Crm.Contracts; Crm.Files; Crm.Users,
katilim.crm,Crm,ContractRevisions,NewDeliveryDateRange,nvarchar(200),Evet,,Hayir,,Crm.Contracts; Crm.Files; Crm.Users,
katilim.crm,Crm,ContractRevisions,NewDeliveryMonth,int,Evet,,Hayir,,Crm.Contracts; Crm.Files; Crm.Users,
katilim.crm,Crm,ContractRevisions,DeliveryFirstInstallmentDate,datetime2(7),Evet,,Hayir,,Crm.Contracts; Crm.Files; Crm.Users,
katilim.crm,Crm,ContractRevisions,DeliveryLastInstallmentDate,datetime2(7),Evet,,Hayir,,Crm.Contracts; Crm.Files; Crm.Users,
katilim.crm,Crm,ContractRevisions,ScheduledDeliveryDate,datetime2(7),Evet,,Hayir,,Crm.Contracts; Crm.Files; Crm.Users,
katilim.crm,Crm,ContractRevisions,NewContractNo,nvarchar(20),Evet,,Hayir,,Crm.Contracts; Crm.Files; Crm.Users,
katilim.crm,Crm,ContractRevisions,OldContractUid,uniqueidentifier,Evet,,Hayir,,Crm.Contracts; Crm.Files; Crm.Users,
katilim.crm,Crm,ContractRevisions,IsMesken,bit,Evet,,Hayir,,Crm.Contracts; Crm.Files; Crm.Users,
katilim.crm,Crm,ContractRevisions,TransferedPrice,"decimal(18,2)",Evet,,Hayir,,Crm.Contracts; Crm.Files; Crm.Users,
katilim.crm,Crm,ContractRevisions,SnapshotContractPrice,"decimal(18,2)",Evet,,Hayir,,Crm.Contracts; Crm.Files; Crm.Users,
katilim.crm,Crm,ContractRevisions,Direction,smallint,Evet,,Hayir,,Crm.Contracts; Crm.Files; Crm.Users,
katilim.crm,Crm,ContractRevisions,DataCorrectionType,smallint,Evet,,Hayir,,Crm.Contracts; Crm.Files; Crm.Users,
katilim.crm,Crm,ContractRevisions,RevisionAt,datetime2(7),Evet,,Hayir,,Crm.Contracts; Crm.Files; Crm.Users,
katilim.crm,Crm,ContractRevisions,RevisionDate,datetime2(7),Evet,,Hayir,,Crm.Contracts; Crm.Files; Crm.Users,
katilim.crm,Crm,ContractRevisions,DescriptionOld,nvarchar(4000),Evet,,Hayir,,Crm.Contracts; Crm.Files; Crm.Users,
katilim.crm,Crm,ContractRevisions,OtherPrice,"decimal(18,2)",Evet,,Hayir,,Crm.Contracts; Crm.Files; Crm.Users,
katilim.crm,Crm,Contracts,Uid,uniqueidentifier,Hayir,,Evet,,Crm.Activities; Crm.BankLogs; Crm.ContractLeavingLogs; Crm.ContractLeavings; Crm.ContractRevisions; Crm.DataAnalysisLogs; Crm.Deliveries; Crm.DeliveryCalls; Crm.DeliveryDocumentApprovals; Crm.DeliveryFiles; Crm.Distraints; Crm.DrawCodes; Crm.ETesisTerkinIntegrations; Crm.Files; Crm.Guarantors; Crm.InvoiceLogoLogs; Crm.Mortgages; Crm.NotaryLists; Crm.PosPayments; Crm.PremiumContracts; Crm.RepContracts; Crm.RepPointLogs; Crm.SmsLogs; Crm.SustainabilityReports,
katilim.crm,Crm,Contracts,UpdatedAt,datetime2(7),Evet,,Hayir,,Crm.Activities; Crm.BankLogs; Crm.ContractLeavingLogs; Crm.ContractLeavings; Crm.ContractRevisions; Crm.DataAnalysisLogs; Crm.Deliveries; Crm.DeliveryCalls; Crm.DeliveryDocumentApprovals; Crm.DeliveryFiles; Crm.Distraints; Crm.DrawCodes; Crm.ETesisTerkinIntegrations; Crm.Files; Crm.Guarantors; Crm.InvoiceLogoLogs; Crm.Mortgages; Crm.NotaryLists; Crm.PosPayments; Crm.PremiumContracts; Crm.RepContracts; Crm.RepPointLogs; Crm.SmsLogs; Crm.SustainabilityReports,
katilim.crm,Crm,Contracts,DeletedAt,datetime2(7),Evet,,Hayir,,Crm.Activities; Crm.BankLogs; Crm.ContractLeavingLogs; Crm.ContractLeavings; Crm.ContractRevisions; Crm.DataAnalysisLogs; Crm.Deliveries; Crm.DeliveryCalls; Crm.DeliveryDocumentApprovals; Crm.DeliveryFiles; Crm.Distraints; Crm.DrawCodes; Crm.ETesisTerkinIntegrations; Crm.Files; Crm.Guarantors; Crm.InvoiceLogoLogs; Crm.Mortgages; Crm.NotaryLists; Crm.PosPayments; Crm.PremiumContracts; Crm.RepContracts; Crm.RepPointLogs; Crm.SmsLogs; Crm.SustainabilityReports,
katilim.crm,Crm,Contracts,CreatedAt,datetime2(7),Hayir,,Hayir,,Crm.Activities; Crm.BankLogs; Crm.ContractLeavingLogs; Crm.ContractLeavings; Crm.ContractRevisions; Crm.DataAnalysisLogs; Crm.Deliveries; Crm.DeliveryCalls; Crm.DeliveryDocumentApprovals; Crm.DeliveryFiles; Crm.Distraints; Crm.DrawCodes; Crm.ETesisTerkinIntegrations; Crm.Files; Crm.Guarantors; Crm.InvoiceLogoLogs; Crm.Mortgages; Crm.NotaryLists; Crm.PosPayments; Crm.PremiumContracts; Crm.RepContracts; Crm.RepPointLogs; Crm.SmsLogs; Crm.SustainabilityReports,
katilim.crm,Crm,Contracts,CreatedBy,uniqueidentifier,Evet,,Hayir,,Crm.Activities; Crm.BankLogs; Crm.ContractLeavingLogs; Crm.ContractLeavings; Crm.ContractRevisions; Crm.DataAnalysisLogs; Crm.Deliveries; Crm.DeliveryCalls; Crm.DeliveryDocumentApprovals; Crm.DeliveryFiles; Crm.Distraints; Crm.DrawCodes; Crm.ETesisTerkinIntegrations; Crm.Files; Crm.Guarantors; Crm.InvoiceLogoLogs; Crm.Mortgages; Crm.NotaryLists; Crm.PosPayments; Crm.PremiumContracts; Crm.RepContracts; Crm.RepPointLogs; Crm.SmsLogs; Crm.SustainabilityReports,
katilim.crm,Crm,Contracts,UpdatedBy,uniqueidentifier,Evet,,Hayir,,Crm.Activities; Crm.BankLogs; Crm.ContractLeavingLogs; Crm.ContractLeavings; Crm.ContractRevisions; Crm.DataAnalysisLogs; Crm.Deliveries; Crm.DeliveryCalls; Crm.DeliveryDocumentApprovals; Crm.DeliveryFiles; Crm.Distraints; Crm.DrawCodes; Crm.ETesisTerkinIntegrations; Crm.Files; Crm.Guarantors; Crm.InvoiceLogoLogs; Crm.Mortgages; Crm.NotaryLists; Crm.PosPayments; Crm.PremiumContracts; Crm.RepContracts; Crm.RepPointLogs; Crm.SmsLogs; Crm.SustainabilityReports,
katilim.crm,Crm,Contracts,DeletedBy,uniqueidentifier,Evet,,Hayir,,Crm.Activities; Crm.BankLogs; Crm.ContractLeavingLogs; Crm.ContractLeavings; Crm.ContractRevisions; Crm.DataAnalysisLogs; Crm.Deliveries; Crm.DeliveryCalls; Crm.DeliveryDocumentApprovals; Crm.DeliveryFiles; Crm.Distraints; Crm.DrawCodes; Crm.ETesisTerkinIntegrations; Crm.Files; Crm.Guarantors; Crm.InvoiceLogoLogs; Crm.Mortgages; Crm.NotaryLists; Crm.PosPayments; Crm.PremiumContracts; Crm.RepContracts; Crm.RepPointLogs; Crm.SmsLogs; Crm.SustainabilityReports,
katilim.crm,Crm,Contracts,Deleted,bit,Hayir,,Hayir,,Crm.Activities; Crm.BankLogs; Crm.ContractLeavingLogs; Crm.ContractLeavings; Crm.ContractRevisions; Crm.DataAnalysisLogs; Crm.Deliveries; Crm.DeliveryCalls; Crm.DeliveryDocumentApprovals; Crm.DeliveryFiles; Crm.Distraints; Crm.DrawCodes; Crm.ETesisTerkinIntegrations; Crm.Files; Crm.Guarantors; Crm.InvoiceLogoLogs; Crm.Mortgages; Crm.NotaryLists; Crm.PosPayments; Crm.PremiumContracts; Crm.RepContracts; Crm.RepPointLogs; Crm.SmsLogs; Crm.SustainabilityReports,
katilim.crm,Crm,Contracts,ContractNo,nvarchar(450),Evet,,Hayir,,Crm.Activities; Crm.BankLogs; Crm.ContractLeavingLogs; Crm.ContractLeavings; Crm.ContractRevisions; Crm.DataAnalysisLogs; Crm.Deliveries; Crm.DeliveryCalls; Crm.DeliveryDocumentApprovals; Crm.DeliveryFiles; Crm.Distraints; Crm.DrawCodes; Crm.ETesisTerkinIntegrations; Crm.Files; Crm.Guarantors; Crm.InvoiceLogoLogs; Crm.Mortgages; Crm.NotaryLists; Crm.PosPayments; Crm.PremiumContracts; Crm.RepContracts; Crm.RepPointLogs; Crm.SmsLogs; Crm.SustainabilityReports,
katilim.crm,Crm,Contracts,CustomerUid,uniqueidentifier,Hayir,,Hayir,,Crm.Activities; Crm.BankLogs; Crm.ContractLeavingLogs; Crm.ContractLeavings; Crm.ContractRevisions; Crm.DataAnalysisLogs; Crm.Deliveries; Crm.DeliveryCalls; Crm.DeliveryDocumentApprovals; Crm.DeliveryFiles; Crm.Distraints; Crm.DrawCodes; Crm.ETesisTerkinIntegrations; Crm.Files; Crm.Guarantors; Crm.InvoiceLogoLogs; Crm.Mortgages; Crm.NotaryLists; Crm.PosPayments; Crm.PremiumContracts; Crm.RepContracts; Crm.RepPointLogs; Crm.SmsLogs; Crm.SustainabilityReports,
katilim.crm,Crm,Contracts,ProductUid,uniqueidentifier,Hayir,,Hayir,,Crm.Activities; Crm.BankLogs; Crm.ContractLeavingLogs; Crm.ContractLeavings; Crm.ContractRevisions; Crm.DataAnalysisLogs; Crm.Deliveries; Crm.DeliveryCalls; Crm.DeliveryDocumentApprovals; Crm.DeliveryFiles; Crm.Distraints; Crm.DrawCodes; Crm.ETesisTerkinIntegrations; Crm.Files; Crm.Guarantors; Crm.InvoiceLogoLogs; Crm.Mortgages; Crm.NotaryLists; Crm.PosPayments; Crm.PremiumContracts; Crm.RepContracts; Crm.RepPointLogs; Crm.SmsLogs; Crm.SustainabilityReports,
katilim.crm,Crm,Contracts,GroupUid,uniqueidentifier,Evet,,Hayir,,Crm.Activities; Crm.BankLogs; Crm.ContractLeavingLogs; Crm.ContractLeavings; Crm.ContractRevisions; Crm.DataAnalysisLogs; Crm.Deliveries; Crm.DeliveryCalls; Crm.DeliveryDocumentApprovals; Crm.DeliveryFiles; Crm.Distraints; Crm.DrawCodes; Crm.ETesisTerkinIntegrations; Crm.Files; Crm.Guarantors; Crm.InvoiceLogoLogs; Crm.Mortgages; Crm.NotaryLists; Crm.PosPayments; Crm.PremiumContracts; Crm.RepContracts; Crm.RepPointLogs; Crm.SmsLogs; Crm.SustainabilityReports,
katilim.crm,Crm,Contracts,ProductPrice,"decimal(18,2)",Hayir,,Hayir,,Crm.Activities; Crm.BankLogs; Crm.ContractLeavingLogs; Crm.ContractLeavings; Crm.ContractRevisions; Crm.DataAnalysisLogs; Crm.Deliveries; Crm.DeliveryCalls; Crm.DeliveryDocumentApprovals; Crm.DeliveryFiles; Crm.Distraints; Crm.DrawCodes; Crm.ETesisTerkinIntegrations; Crm.Files; Crm.Guarantors; Crm.InvoiceLogoLogs; Crm.Mortgages; Crm.NotaryLists; Crm.PosPayments; Crm.PremiumContracts; Crm.RepContracts; Crm.RepPointLogs; Crm.SmsLogs; Crm.SustainabilityReports,
katilim.crm,Crm,Contracts,ReelProductPrice,"decimal(18,2)",Hayir,,Hayir,,Crm.Activities; Crm.BankLogs; Crm.ContractLeavingLogs; Crm.ContractLeavings; Crm.ContractRevisions; Crm.DataAnalysisLogs; Crm.Deliveries; Crm.DeliveryCalls; Crm.DeliveryDocumentApprovals; Crm.DeliveryFiles; Crm.Distraints; Crm.DrawCodes; Crm.ETesisTerkinIntegrations; Crm.Files; Crm.Guarantors; Crm.InvoiceLogoLogs; Crm.Mortgages; Crm.NotaryLists; Crm.PosPayments; Crm.PremiumContracts; Crm.RepContracts; Crm.RepPointLogs; Crm.SmsLogs; Crm.SustainabilityReports,
katilim.crm,Crm,Contracts,ServiceRate,"decimal(18,2)",Hayir,,Hayir,,Crm.Activities; Crm.BankLogs; Crm.ContractLeavingLogs; Crm.ContractLeavings; Crm.ContractRevisions; Crm.DataAnalysisLogs; Crm.Deliveries; Crm.DeliveryCalls; Crm.DeliveryDocumentApprovals; Crm.DeliveryFiles; Crm.Distraints; Crm.DrawCodes; Crm.ETesisTerkinIntegrations; Crm.Files; Crm.Guarantors; Crm.InvoiceLogoLogs; Crm.Mortgages; Crm.NotaryLists; Crm.PosPayments; Crm.PremiumContracts; Crm.RepContracts; Crm.RepPointLogs; Crm.SmsLogs; Crm.SustainabilityReports,
katilim.crm,Crm,Contracts,ServicePrice,"decimal(18,2)",Hayir,,Hayir,,Crm.Activities; Crm.BankLogs; Crm.ContractLeavingLogs; Crm.ContractLeavings; Crm.ContractRevisions; Crm.DataAnalysisLogs; Crm.Deliveries; Crm.DeliveryCalls; Crm.DeliveryDocumentApprovals; Crm.DeliveryFiles; Crm.Distraints; Crm.DrawCodes; Crm.ETesisTerkinIntegrations; Crm.Files; Crm.Guarantors; Crm.InvoiceLogoLogs; Crm.Mortgages; Crm.NotaryLists; Crm.PosPayments; Crm.PremiumContracts; Crm.RepContracts; Crm.RepPointLogs; Crm.SmsLogs; Crm.SustainabilityReports,
katilim.crm,Crm,Contracts,ServiceInstallmentCount,int,Hayir,,Hayir,,Crm.Activities; Crm.BankLogs; Crm.ContractLeavingLogs; Crm.ContractLeavings; Crm.ContractRevisions; Crm.DataAnalysisLogs; Crm.Deliveries; Crm.DeliveryCalls; Crm.DeliveryDocumentApprovals; Crm.DeliveryFiles; Crm.Distraints; Crm.DrawCodes; Crm.ETesisTerkinIntegrations; Crm.Files; Crm.Guarantors; Crm.InvoiceLogoLogs; Crm.Mortgages; Crm.NotaryLists; Crm.PosPayments; Crm.PremiumContracts; Crm.RepContracts; Crm.RepPointLogs; Crm.SmsLogs; Crm.SustainabilityReports,
katilim.crm,Crm,Contracts,InstallmentCount,int,Hayir,,Hayir,,Crm.Activities; Crm.BankLogs; Crm.ContractLeavingLogs; Crm.ContractLeavings; Crm.ContractRevisions; Crm.DataAnalysisLogs; Crm.Deliveries; Crm.DeliveryCalls; Crm.DeliveryDocumentApprovals; Crm.DeliveryFiles; Crm.Distraints; Crm.DrawCodes; Crm.ETesisTerkinIntegrations; Crm.Files; Crm.Guarantors; Crm.InvoiceLogoLogs; Crm.Mortgages; Crm.NotaryLists; Crm.PosPayments; Crm.PremiumContracts; Crm.RepContracts; Crm.RepPointLogs; Crm.SmsLogs; Crm.SustainabilityReports,
katilim.crm,Crm,Contracts,CashRate,"decimal(18,2)",Hayir,,Hayir,,Crm.Activities; Crm.BankLogs; Crm.ContractLeavingLogs; Crm.ContractLeavings; Crm.ContractRevisions; Crm.DataAnalysisLogs; Crm.Deliveries; Crm.DeliveryCalls; Crm.DeliveryDocumentApprovals; Crm.DeliveryFiles; Crm.Distraints; Crm.DrawCodes; Crm.ETesisTerkinIntegrations; Crm.Files; Crm.Guarantors; Crm.InvoiceLogoLogs; Crm.Mortgages; Crm.NotaryLists; Crm.PosPayments; Crm.PremiumContracts; Crm.RepContracts; Crm.RepPointLogs; Crm.SmsLogs; Crm.SustainabilityReports,
katilim.crm,Crm,Contracts,CashPrice,"decimal(18,2)",Hayir,,Hayir,,Crm.Activities; Crm.BankLogs; Crm.ContractLeavingLogs; Crm.ContractLeavings; Crm.ContractRevisions; Crm.DataAnalysisLogs; Crm.Deliveries; Crm.DeliveryCalls; Crm.DeliveryDocumentApprovals; Crm.DeliveryFiles; Crm.Distraints; Crm.DrawCodes; Crm.ETesisTerkinIntegrations; Crm.Files; Crm.Guarantors; Crm.InvoiceLogoLogs; Crm.Mortgages; Crm.NotaryLists; Crm.PosPayments; Crm.PremiumContracts; Crm.RepContracts; Crm.RepPointLogs; Crm.SmsLogs; Crm.SustainabilityReports,
katilim.crm,Crm,Contracts,CashInstallmentCount,int,Hayir,,Hayir,,Crm.Activities; Crm.BankLogs; Crm.ContractLeavingLogs; Crm.ContractLeavings; Crm.ContractRevisions; Crm.DataAnalysisLogs; Crm.Deliveries; Crm.DeliveryCalls; Crm.DeliveryDocumentApprovals; Crm.DeliveryFiles; Crm.Distraints; Crm.DrawCodes; Crm.ETesisTerkinIntegrations; Crm.Files; Crm.Guarantors; Crm.InvoiceLogoLogs; Crm.Mortgages; Crm.NotaryLists; Crm.PosPayments; Crm.PremiumContracts; Crm.RepContracts; Crm.RepPointLogs; Crm.SmsLogs; Crm.SustainabilityReports,
katilim.crm,Crm,Contracts,FinanceControllerUid,uniqueidentifier,Evet,,Hayir,,Crm.Activities; Crm.BankLogs; Crm.ContractLeavingLogs; Crm.ContractLeavings; Crm.ContractRevisions; Crm.DataAnalysisLogs; Crm.Deliveries; Crm.DeliveryCalls; Crm.DeliveryDocumentApprovals; Crm.DeliveryFiles; Crm.Distraints; Crm.DrawCodes; Crm.ETesisTerkinIntegrations; Crm.Files; Crm.Guarantors; Crm.InvoiceLogoLogs; Crm.Mortgages; Crm.NotaryLists; Crm.PosPayments; Crm.PremiumContracts; Crm.RepContracts; Crm.RepPointLogs; Crm.SmsLogs; Crm.SustainabilityReports,
katilim.crm,Crm,Contracts,FinanceControllerDate,datetime2(7),Hayir,,Hayir,,Crm.Activities; Crm.BankLogs; Crm.ContractLeavingLogs; Crm.ContractLeavings; Crm.ContractRevisions; Crm.DataAnalysisLogs; Crm.Deliveries; Crm.DeliveryCalls; Crm.DeliveryDocumentApprovals; Crm.DeliveryFiles; Crm.Distraints; Crm.DrawCodes; Crm.ETesisTerkinIntegrations; Crm.Files; Crm.Guarantors; Crm.InvoiceLogoLogs; Crm.Mortgages; Crm.NotaryLists; Crm.PosPayments; Crm.PremiumContracts; Crm.RepContracts; Crm.RepPointLogs; Crm.SmsLogs; Crm.SustainabilityReports,
katilim.crm,Crm,Contracts,Status,nvarchar(50),Evet,,Hayir,,Crm.Activities; Crm.BankLogs; Crm.ContractLeavingLogs; Crm.ContractLeavings; Crm.ContractRevisions; Crm.DataAnalysisLogs; Crm.Deliveries; Crm.DeliveryCalls; Crm.DeliveryDocumentApprovals; Crm.DeliveryFiles; Crm.Distraints; Crm.DrawCodes; Crm.ETesisTerkinIntegrations; Crm.Files; Crm.Guarantors; Crm.InvoiceLogoLogs; Crm.Mortgages; Crm.NotaryLists; Crm.PosPayments; Crm.PremiumContracts; Crm.RepContracts; Crm.RepPointLogs; Crm.SmsLogs; Crm.SustainabilityReports,
katilim.crm,Crm,Contracts,IsJoker,bit,Hayir,,Hayir,,Crm.Activities; Crm.BankLogs; Crm.ContractLeavingLogs; Crm.ContractLeavings; Crm.ContractRevisions; Crm.DataAnalysisLogs; Crm.Deliveries; Crm.DeliveryCalls; Crm.DeliveryDocumentApprovals; Crm.DeliveryFiles; Crm.Distraints; Crm.DrawCodes; Crm.ETesisTerkinIntegrations; Crm.Files; Crm.Guarantors; Crm.InvoiceLogoLogs; Crm.Mortgages; Crm.NotaryLists; Crm.PosPayments; Crm.PremiumContracts; Crm.RepContracts; Crm.RepPointLogs; Crm.SmsLogs; Crm.SustainabilityReports,
katilim.crm,Crm,Contracts,DeliveryMonth,int,Evet,,Hayir,,Crm.Activities; Crm.BankLogs; Crm.ContractLeavingLogs; Crm.ContractLeavings; Crm.ContractRevisions; Crm.DataAnalysisLogs; Crm.Deliveries; Crm.DeliveryCalls; Crm.DeliveryDocumentApprovals; Crm.DeliveryFiles; Crm.Distraints; Crm.DrawCodes; Crm.ETesisTerkinIntegrations; Crm.Files; Crm.Guarantors; Crm.InvoiceLogoLogs; Crm.Mortgages; Crm.NotaryLists; Crm.PosPayments; Crm.PremiumContracts; Crm.RepContracts; Crm.RepPointLogs; Crm.SmsLogs; Crm.SustainabilityReports,
katilim.crm,Crm,Contracts,ScheduledDeliveryDate,datetime2(7),Evet,,Hayir,,Crm.Activities; Crm.BankLogs; Crm.ContractLeavingLogs; Crm.ContractLeavings; Crm.ContractRevisions; Crm.DataAnalysisLogs; Crm.Deliveries; Crm.DeliveryCalls; Crm.DeliveryDocumentApprovals; Crm.DeliveryFiles; Crm.Distraints; Crm.DrawCodes; Crm.ETesisTerkinIntegrations; Crm.Files; Crm.Guarantors; Crm.InvoiceLogoLogs; Crm.Mortgages; Crm.NotaryLists; Crm.PosPayments; Crm.PremiumContracts; Crm.RepContracts; Crm.RepPointLogs; Crm.SmsLogs; Crm.SustainabilityReports,
katilim.crm,Crm,Contracts,FinanceDeliveryDate,datetime2(7),Evet,,Hayir,,Crm.Activities; Crm.BankLogs; Crm.ContractLeavingLogs; Crm.ContractLeavings; Crm.ContractRevisions; Crm.DataAnalysisLogs; Crm.Deliveries; Crm.DeliveryCalls; Crm.DeliveryDocumentApprovals; Crm.DeliveryFiles; Crm.Distraints; Crm.DrawCodes; Crm.ETesisTerkinIntegrations; Crm.Files; Crm.Guarantors; Crm.InvoiceLogoLogs; Crm.Mortgages; Crm.NotaryLists; Crm.PosPayments; Crm.PremiumContracts; Crm.RepContracts; Crm.RepPointLogs; Crm.SmsLogs; Crm.SustainabilityReports,
katilim.crm,Crm,Contracts,ReelDeliveryDate,datetime2(7),Evet,,Hayir,,Crm.Activities; Crm.BankLogs; Crm.ContractLeavingLogs; Crm.ContractLeavings; Crm.ContractRevisions; Crm.DataAnalysisLogs; Crm.Deliveries; Crm.DeliveryCalls; Crm.DeliveryDocumentApprovals; Crm.DeliveryFiles; Crm.Distraints; Crm.DrawCodes; Crm.ETesisTerkinIntegrations; Crm.Files; Crm.Guarantors; Crm.InvoiceLogoLogs; Crm.Mortgages; Crm.NotaryLists; Crm.PosPayments; Crm.PremiumContracts; Crm.RepContracts; Crm.RepPointLogs; Crm.SmsLogs; Crm.SustainabilityReports,
katilim.crm,Crm,Contracts,DeliveryStartDate,datetime2(7),Evet,,Hayir,,Crm.Activities; Crm.BankLogs; Crm.ContractLeavingLogs; Crm.ContractLeavings; Crm.ContractRevisions; Crm.DataAnalysisLogs; Crm.Deliveries; Crm.DeliveryCalls; Crm.DeliveryDocumentApprovals; Crm.DeliveryFiles; Crm.Distraints; Crm.DrawCodes; Crm.ETesisTerkinIntegrations; Crm.Files; Crm.Guarantors; Crm.InvoiceLogoLogs; Crm.Mortgages; Crm.NotaryLists; Crm.PosPayments; Crm.PremiumContracts; Crm.RepContracts; Crm.RepPointLogs; Crm.SmsLogs; Crm.SustainabilityReports,
katilim.crm,Crm,Contracts,DeliveryEndDate,datetime2(7),Evet,,Hayir,,Crm.Activities; Crm.BankLogs; Crm.ContractLeavingLogs; Crm.ContractLeavings; Crm.ContractRevisions; Crm.DataAnalysisLogs; Crm.Deliveries; Crm.DeliveryCalls; Crm.DeliveryDocumentApprovals; Crm.DeliveryFiles; Crm.Distraints; Crm.DrawCodes; Crm.ETesisTerkinIntegrations; Crm.Files; Crm.Guarantors; Crm.InvoiceLogoLogs; Crm.Mortgages; Crm.NotaryLists; Crm.PosPayments; Crm.PremiumContracts; Crm.RepContracts; Crm.RepPointLogs; Crm.SmsLogs; Crm.SustainabilityReports,
katilim.crm,Crm,Contracts,FinanceDeliveryControllerUid,uniqueidentifier,Evet,,Hayir,,Crm.Activities; Crm.BankLogs; Crm.ContractLeavingLogs; Crm.ContractLeavings; Crm.ContractRevisions; Crm.DataAnalysisLogs; Crm.Deliveries; Crm.DeliveryCalls; Crm.DeliveryDocumentApprovals; Crm.DeliveryFiles; Crm.Distraints; Crm.DrawCodes; Crm.ETesisTerkinIntegrations; Crm.Files; Crm.Guarantors; Crm.InvoiceLogoLogs; Crm.Mortgages; Crm.NotaryLists; Crm.PosPayments; Crm.PremiumContracts; Crm.RepContracts; Crm.RepPointLogs; Crm.SmsLogs; Crm.SustainabilityReports,
katilim.crm,Crm,Contracts,FinanceDeliveryControllerDate,datetime2(7),Evet,,Hayir,,Crm.Activities; Crm.BankLogs; Crm.ContractLeavingLogs; Crm.ContractLeavings; Crm.ContractRevisions; Crm.DataAnalysisLogs; Crm.Deliveries; Crm.DeliveryCalls; Crm.DeliveryDocumentApprovals; Crm.DeliveryFiles; Crm.Distraints; Crm.DrawCodes; Crm.ETesisTerkinIntegrations; Crm.Files; Crm.Guarantors; Crm.InvoiceLogoLogs; Crm.Mortgages; Crm.NotaryLists; Crm.PosPayments; Crm.PremiumContracts; Crm.RepContracts; Crm.RepPointLogs; Crm.SmsLogs; Crm.SustainabilityReports,
katilim.crm,Crm,Contracts,OperationDeliveryControllerUid,uniqueidentifier,Evet,,Hayir,,Crm.Activities; Crm.BankLogs; Crm.ContractLeavingLogs; Crm.ContractLeavings; Crm.ContractRevisions; Crm.DataAnalysisLogs; Crm.Deliveries; Crm.DeliveryCalls; Crm.DeliveryDocumentApprovals; Crm.DeliveryFiles; Crm.Distraints; Crm.DrawCodes; Crm.ETesisTerkinIntegrations; Crm.Files; Crm.Guarantors; Crm.InvoiceLogoLogs; Crm.Mortgages; Crm.NotaryLists; Crm.PosPayments; Crm.PremiumContracts; Crm.RepContracts; Crm.RepPointLogs; Crm.SmsLogs; Crm.SustainabilityReports,
katilim.crm,Crm,Contracts,OperationDeliveryControllerDate,datetime2(7),Evet,,Hayir,,Crm.Activities; Crm.BankLogs; Crm.ContractLeavingLogs; Crm.ContractLeavings; Crm.ContractRevisions; Crm.DataAnalysisLogs; Crm.Deliveries; Crm.DeliveryCalls; Crm.DeliveryDocumentApprovals; Crm.DeliveryFiles; Crm.Distraints; Crm.DrawCodes; Crm.ETesisTerkinIntegrations; Crm.Files; Crm.Guarantors; Crm.InvoiceLogoLogs; Crm.Mortgages; Crm.NotaryLists; Crm.PosPayments; Crm.PremiumContracts; Crm.RepContracts; Crm.RepPointLogs; Crm.SmsLogs; Crm.SustainabilityReports,
katilim.crm,Crm,Contracts,CancellationReason,nvarchar(100),Evet,,Hayir,,Crm.Activities; Crm.BankLogs; Crm.ContractLeavingLogs; Crm.ContractLeavings; Crm.ContractRevisions; Crm.DataAnalysisLogs; Crm.Deliveries; Crm.DeliveryCalls; Crm.DeliveryDocumentApprovals; Crm.DeliveryFiles; Crm.Distraints; Crm.DrawCodes; Crm.ETesisTerkinIntegrations; Crm.Files; Crm.Guarantors; Crm.InvoiceLogoLogs; Crm.Mortgages; Crm.NotaryLists; Crm.PosPayments; Crm.PremiumContracts; Crm.RepContracts; Crm.RepPointLogs; Crm.SmsLogs; Crm.SustainabilityReports,
katilim.crm,Crm,Contracts,CompletionReason,nvarchar(4000),Evet,,Hayir,,Crm.Activities; Crm.BankLogs; Crm.ContractLeavingLogs; Crm.ContractLeavings; Crm.ContractRevisions; Crm.DataAnalysisLogs; Crm.Deliveries; Crm.DeliveryCalls; Crm.DeliveryDocumentApprovals; Crm.DeliveryFiles; Crm.Distraints; Crm.DrawCodes; Crm.ETesisTerkinIntegrations; Crm.Files; Crm.Guarantors; Crm.InvoiceLogoLogs; Crm.Mortgages; Crm.NotaryLists; Crm.PosPayments; Crm.PremiumContracts; Crm.RepContracts; Crm.RepPointLogs; Crm.SmsLogs; Crm.SustainabilityReports,
katilim.crm,Crm,Contracts,ServiceMonthlyPrice,"decimal(18,2)",Hayir,,Hayir,,Crm.Activities; Crm.BankLogs; Crm.ContractLeavingLogs; Crm.ContractLeavings; Crm.ContractRevisions; Crm.DataAnalysisLogs; Crm.Deliveries; Crm.DeliveryCalls; Crm.DeliveryDocumentApprovals; Crm.DeliveryFiles; Crm.Distraints; Crm.DrawCodes; Crm.ETesisTerkinIntegrations; Crm.Files; Crm.Guarantors; Crm.InvoiceLogoLogs; Crm.Mortgages; Crm.NotaryLists; Crm.PosPayments; Crm.PremiumContracts; Crm.RepContracts; Crm.RepPointLogs; Crm.SmsLogs; Crm.SustainabilityReports,
katilim.crm,Crm,Contracts,CashMonthlyPrice,"decimal(18,2)",Hayir,,Hayir,,Crm.Activities; Crm.BankLogs; Crm.ContractLeavingLogs; Crm.ContractLeavings; Crm.ContractRevisions; Crm.DataAnalysisLogs; Crm.Deliveries; Crm.DeliveryCalls; Crm.DeliveryDocumentApprovals; Crm.DeliveryFiles; Crm.Distraints; Crm.DrawCodes; Crm.ETesisTerkinIntegrations; Crm.Files; Crm.Guarantors; Crm.InvoiceLogoLogs; Crm.Mortgages; Crm.NotaryLists; Crm.PosPayments; Crm.PremiumContracts; Crm.RepContracts; Crm.RepPointLogs; Crm.SmsLogs; Crm.SustainabilityReports,
katilim.crm,Crm,Contracts,ProductMonthlyPrice,"decimal(18,2)",Hayir,,Hayir,,Crm.Activities; Crm.BankLogs; Crm.ContractLeavingLogs; Crm.ContractLeavings; Crm.ContractRevisions; Crm.DataAnalysisLogs; Crm.Deliveries; Crm.DeliveryCalls; Crm.DeliveryDocumentApprovals; Crm.DeliveryFiles; Crm.Distraints; Crm.DrawCodes; Crm.ETesisTerkinIntegrations; Crm.Files; Crm.Guarantors; Crm.InvoiceLogoLogs; Crm.Mortgages; Crm.NotaryLists; Crm.PosPayments; Crm.PremiumContracts; Crm.RepContracts; Crm.RepPointLogs; Crm.SmsLogs; Crm.SustainabilityReports,
katilim.crm,Crm,Contracts,OrganizationUid,uniqueidentifier,Evet,,Hayir,,Crm.Activities; Crm.BankLogs; Crm.ContractLeavingLogs; Crm.ContractLeavings; Crm.ContractRevisions; Crm.DataAnalysisLogs; Crm.Deliveries; Crm.DeliveryCalls; Crm.DeliveryDocumentApprovals; Crm.DeliveryFiles; Crm.Distraints; Crm.DrawCodes; Crm.ETesisTerkinIntegrations; Crm.Files; Crm.Guarantors; Crm.InvoiceLogoLogs; Crm.Mortgages; Crm.NotaryLists; Crm.PosPayments; Crm.PremiumContracts; Crm.RepContracts; Crm.RepPointLogs; Crm.SmsLogs; Crm.SustainabilityReports,
katilim.crm,Crm,Contracts,DeliveryFirstInstallment,int,Hayir,,Hayir,,Crm.Activities; Crm.BankLogs; Crm.ContractLeavingLogs; Crm.ContractLeavings; Crm.ContractRevisions; Crm.DataAnalysisLogs; Crm.Deliveries; Crm.DeliveryCalls; Crm.DeliveryDocumentApprovals; Crm.DeliveryFiles; Crm.Distraints; Crm.DrawCodes; Crm.ETesisTerkinIntegrations; Crm.Files; Crm.Guarantors; Crm.InvoiceLogoLogs; Crm.Mortgages; Crm.NotaryLists; Crm.PosPayments; Crm.PremiumContracts; Crm.RepContracts; Crm.RepPointLogs; Crm.SmsLogs; Crm.SustainabilityReports,
katilim.crm,Crm,Contracts,DeliveryLastInstallment,int,Hayir,,Hayir,,Crm.Activities; Crm.BankLogs; Crm.ContractLeavingLogs; Crm.ContractLeavings; Crm.ContractRevisions; Crm.DataAnalysisLogs; Crm.Deliveries; Crm.DeliveryCalls; Crm.DeliveryDocumentApprovals; Crm.DeliveryFiles; Crm.Distraints; Crm.DrawCodes; Crm.ETesisTerkinIntegrations; Crm.Files; Crm.Guarantors; Crm.InvoiceLogoLogs; Crm.Mortgages; Crm.NotaryLists; Crm.PosPayments; Crm.PremiumContracts; Crm.RepContracts; Crm.RepPointLogs; Crm.SmsLogs; Crm.SustainabilityReports,
katilim.crm,Crm,Contracts,DeliveryFirstInstallmentDate,datetime2(7),Hayir,,Hayir,,Crm.Activities; Crm.BankLogs; Crm.ContractLeavingLogs; Crm.ContractLeavings; Crm.ContractRevisions; Crm.DataAnalysisLogs; Crm.Deliveries; Crm.DeliveryCalls; Crm.DeliveryDocumentApprovals; Crm.DeliveryFiles; Crm.Distraints; Crm.DrawCodes; Crm.ETesisTerkinIntegrations; Crm.Files; Crm.Guarantors; Crm.InvoiceLogoLogs; Crm.Mortgages; Crm.NotaryLists; Crm.PosPayments; Crm.PremiumContracts; Crm.RepContracts; Crm.RepPointLogs; Crm.SmsLogs; Crm.SustainabilityReports,
katilim.crm,Crm,Contracts,DeliveryLastInstallmentDate,datetime2(7),Hayir,,Hayir,,Crm.Activities; Crm.BankLogs; Crm.ContractLeavingLogs; Crm.ContractLeavings; Crm.ContractRevisions; Crm.DataAnalysisLogs; Crm.Deliveries; Crm.DeliveryCalls; Crm.DeliveryDocumentApprovals; Crm.DeliveryFiles; Crm.Distraints; Crm.DrawCodes; Crm.ETesisTerkinIntegrations; Crm.Files; Crm.Guarantors; Crm.InvoiceLogoLogs; Crm.Mortgages; Crm.NotaryLists; Crm.PosPayments; Crm.PremiumContracts; Crm.RepContracts; Crm.RepPointLogs; Crm.SmsLogs; Crm.SustainabilityReports,
katilim.crm,Crm,Contracts,Guarantor1Name,nvarchar(100),Evet,,Hayir,,Crm.Activities; Crm.BankLogs; Crm.ContractLeavingLogs; Crm.ContractLeavings; Crm.ContractRevisions; Crm.DataAnalysisLogs; Crm.Deliveries; Crm.DeliveryCalls; Crm.DeliveryDocumentApprovals; Crm.DeliveryFiles; Crm.Distraints; Crm.DrawCodes; Crm.ETesisTerkinIntegrations; Crm.Files; Crm.Guarantors; Crm.InvoiceLogoLogs; Crm.Mortgages; Crm.NotaryLists; Crm.PosPayments; Crm.PremiumContracts; Crm.RepContracts; Crm.RepPointLogs; Crm.SmsLogs; Crm.SustainabilityReports,
katilim.crm,Crm,Contracts,Guarantor1Tckno,nvarchar(20),Evet,,Hayir,,Crm.Activities; Crm.BankLogs; Crm.ContractLeavingLogs; Crm.ContractLeavings; Crm.ContractRevisions; Crm.DataAnalysisLogs; Crm.Deliveries; Crm.DeliveryCalls; Crm.DeliveryDocumentApprovals; Crm.DeliveryFiles; Crm.Distraints; Crm.DrawCodes; Crm.ETesisTerkinIntegrations; Crm.Files; Crm.Guarantors; Crm.InvoiceLogoLogs; Crm.Mortgages; Crm.NotaryLists; Crm.PosPayments; Crm.PremiumContracts; Crm.RepContracts; Crm.RepPointLogs; Crm.SmsLogs; Crm.SustainabilityReports,
katilim.crm,Crm,Contracts,Guarantor1Phone,nvarchar(20),Evet,,Hayir,,Crm.Activities; Crm.BankLogs; Crm.ContractLeavingLogs; Crm.ContractLeavings; Crm.ContractRevisions; Crm.DataAnalysisLogs; Crm.Deliveries; Crm.DeliveryCalls; Crm.DeliveryDocumentApprovals; Crm.DeliveryFiles; Crm.Distraints; Crm.DrawCodes; Crm.ETesisTerkinIntegrations; Crm.Files; Crm.Guarantors; Crm.InvoiceLogoLogs; Crm.Mortgages; Crm.NotaryLists; Crm.PosPayments; Crm.PremiumContracts; Crm.RepContracts; Crm.RepPointLogs; Crm.SmsLogs; Crm.SustainabilityReports,
katilim.crm,Crm,Contracts,Guarantor1Address,nvarchar(500),Evet,,Hayir,,Crm.Activities; Crm.BankLogs; Crm.ContractLeavingLogs; Crm.ContractLeavings; Crm.ContractRevisions; Crm.DataAnalysisLogs; Crm.Deliveries; Crm.DeliveryCalls; Crm.DeliveryDocumentApprovals; Crm.DeliveryFiles; Crm.Distraints; Crm.DrawCodes; Crm.ETesisTerkinIntegrations; Crm.Files; Crm.Guarantors; Crm.InvoiceLogoLogs; Crm.Mortgages; Crm.NotaryLists; Crm.PosPayments; Crm.PremiumContracts; Crm.RepContracts; Crm.RepPointLogs; Crm.SmsLogs; Crm.SustainabilityReports,
katilim.crm,Crm,Contracts,Guarantor2Name,nvarchar(100),Evet,,Hayir,,Crm.Activities; Crm.BankLogs; Crm.ContractLeavingLogs; Crm.ContractLeavings; Crm.ContractRevisions; Crm.DataAnalysisLogs; Crm.Deliveries; Crm.DeliveryCalls; Crm.DeliveryDocumentApprovals; Crm.DeliveryFiles; Crm.Distraints; Crm.DrawCodes; Crm.ETesisTerkinIntegrations; Crm.Files; Crm.Guarantors; Crm.InvoiceLogoLogs; Crm.Mortgages; Crm.NotaryLists; Crm.PosPayments; Crm.PremiumContracts; Crm.RepContracts; Crm.RepPointLogs; Crm.SmsLogs; Crm.SustainabilityReports,
katilim.crm,Crm,Contracts,Guarantor2Tckno,nvarchar(20),Evet,,Hayir,,Crm.Activities; Crm.BankLogs; Crm.ContractLeavingLogs; Crm.ContractLeavings; Crm.ContractRevisions; Crm.DataAnalysisLogs; Crm.Deliveries; Crm.DeliveryCalls; Crm.DeliveryDocumentApprovals; Crm.DeliveryFiles; Crm.Distraints; Crm.DrawCodes; Crm.ETesisTerkinIntegrations; Crm.Files; Crm.Guarantors; Crm.InvoiceLogoLogs; Crm.Mortgages; Crm.NotaryLists; Crm.PosPayments; Crm.PremiumContracts; Crm.RepContracts; Crm.RepPointLogs; Crm.SmsLogs; Crm.SustainabilityReports,
katilim.crm,Crm,Contracts,Guarantor2Phone,nvarchar(20),Evet,,Hayir,,Crm.Activities; Crm.BankLogs; Crm.ContractLeavingLogs; Crm.ContractLeavings; Crm.ContractRevisions; Crm.DataAnalysisLogs; Crm.Deliveries; Crm.DeliveryCalls; Crm.DeliveryDocumentApprovals; Crm.DeliveryFiles; Crm.Distraints; Crm.DrawCodes; Crm.ETesisTerkinIntegrations; Crm.Files; Crm.Guarantors; Crm.InvoiceLogoLogs; Crm.Mortgages; Crm.NotaryLists; Crm.PosPayments; Crm.PremiumContracts; Crm.RepContracts; Crm.RepPointLogs; Crm.SmsLogs; Crm.SustainabilityReports,
katilim.crm,Crm,Contracts,Guarantor2Address,nvarchar(500),Evet,,Hayir,,Crm.Activities; Crm.BankLogs; Crm.ContractLeavingLogs; Crm.ContractLeavings; Crm.ContractRevisions; Crm.DataAnalysisLogs; Crm.Deliveries; Crm.DeliveryCalls; Crm.DeliveryDocumentApprovals; Crm.DeliveryFiles; Crm.Distraints; Crm.DrawCodes; Crm.ETesisTerkinIntegrations; Crm.Files; Crm.Guarantors; Crm.InvoiceLogoLogs; Crm.Mortgages; Crm.NotaryLists; Crm.PosPayments; Crm.PremiumContracts; Crm.RepContracts; Crm.RepPointLogs; Crm.SmsLogs; Crm.SustainabilityReports,
katilim.crm,Crm,Contracts,PortfolioUid,uniqueidentifier,Evet,,Hayir,,Crm.Activities; Crm.BankLogs; Crm.ContractLeavingLogs; Crm.ContractLeavings; Crm.ContractRevisions; Crm.DataAnalysisLogs; Crm.Deliveries; Crm.DeliveryCalls; Crm.DeliveryDocumentApprovals; Crm.DeliveryFiles; Crm.Distraints; Crm.DrawCodes; Crm.ETesisTerkinIntegrations; Crm.Files; Crm.Guarantors; Crm.InvoiceLogoLogs; Crm.Mortgages; Crm.NotaryLists; Crm.PosPayments; Crm.PremiumContracts; Crm.RepContracts; Crm.RepPointLogs; Crm.SmsLogs; Crm.SustainabilityReports,
katilim.crm,Crm,Contracts,UserUid,uniqueidentifier,Evet,,Hayir,,Crm.Activities; Crm.BankLogs; Crm.ContractLeavingLogs; Crm.ContractLeavings; Crm.ContractRevisions; Crm.DataAnalysisLogs; Crm.Deliveries; Crm.DeliveryCalls; Crm.DeliveryDocumentApprovals; Crm.DeliveryFiles; Crm.Distraints; Crm.DrawCodes; Crm.ETesisTerkinIntegrations; Crm.Files; Crm.Guarantors; Crm.InvoiceLogoLogs; Crm.Mortgages; Crm.NotaryLists; Crm.PosPayments; Crm.PremiumContracts; Crm.RepContracts; Crm.RepPointLogs; Crm.SmsLogs; Crm.SustainabilityReports,
katilim.crm,Crm,Contracts,ContractInput,varchar(max),Evet,,Hayir,,Crm.Activities; Crm.BankLogs; Crm.ContractLeavingLogs; Crm.ContractLeavings; Crm.ContractRevisions; Crm.DataAnalysisLogs; Crm.Deliveries; Crm.DeliveryCalls; Crm.DeliveryDocumentApprovals; Crm.DeliveryFiles; Crm.Distraints; Crm.DrawCodes; Crm.ETesisTerkinIntegrations; Crm.Files; Crm.Guarantors; Crm.InvoiceLogoLogs; Crm.Mortgages; Crm.NotaryLists; Crm.PosPayments; Crm.PremiumContracts; Crm.RepContracts; Crm.RepPointLogs; Crm.SmsLogs; Crm.SustainabilityReports,
katilim.crm,Crm,Contracts,ContractOutput,varchar(max),Evet,,Hayir,,Crm.Activities; Crm.BankLogs; Crm.ContractLeavingLogs; Crm.ContractLeavings; Crm.ContractRevisions; Crm.DataAnalysisLogs; Crm.Deliveries; Crm.DeliveryCalls; Crm.DeliveryDocumentApprovals; Crm.DeliveryFiles; Crm.Distraints; Crm.DrawCodes; Crm.ETesisTerkinIntegrations; Crm.Files; Crm.Guarantors; Crm.InvoiceLogoLogs; Crm.Mortgages; Crm.NotaryLists; Crm.PosPayments; Crm.PremiumContracts; Crm.RepContracts; Crm.RepPointLogs; Crm.SmsLogs; Crm.SustainabilityReports,
katilim.crm,Crm,Contracts,ContractProduct,varchar(max),Evet,,Hayir,,Crm.Activities; Crm.BankLogs; Crm.ContractLeavingLogs; Crm.ContractLeavings; Crm.ContractRevisions; Crm.DataAnalysisLogs; Crm.Deliveries; Crm.DeliveryCalls; Crm.DeliveryDocumentApprovals; Crm.DeliveryFiles; Crm.Distraints; Crm.DrawCodes; Crm.ETesisTerkinIntegrations; Crm.Files; Crm.Guarantors; Crm.InvoiceLogoLogs; Crm.Mortgages; Crm.NotaryLists; Crm.PosPayments; Crm.PremiumContracts; Crm.RepContracts; Crm.RepPointLogs; Crm.SmsLogs; Crm.SustainabilityReports,
katilim.crm,Crm,Contracts,IsOperationApproval,bit,Hayir,((0)),Hayir,,Crm.Activities; Crm.BankLogs; Crm.ContractLeavingLogs; Crm.ContractLeavings; Crm.ContractRevisions; Crm.DataAnalysisLogs; Crm.Deliveries; Crm.DeliveryCalls; Crm.DeliveryDocumentApprovals; Crm.DeliveryFiles; Crm.Distraints; Crm.DrawCodes; Crm.ETesisTerkinIntegrations; Crm.Files; Crm.Guarantors; Crm.InvoiceLogoLogs; Crm.Mortgages; Crm.NotaryLists; Crm.PosPayments; Crm.PremiumContracts; Crm.RepContracts; Crm.RepPointLogs; Crm.SmsLogs; Crm.SustainabilityReports,
katilim.crm,Crm,Contracts,IsInvoice,bit,Hayir,((0)),Hayir,,Crm.Activities; Crm.BankLogs; Crm.ContractLeavingLogs; Crm.ContractLeavings; Crm.ContractRevisions; Crm.DataAnalysisLogs; Crm.Deliveries; Crm.DeliveryCalls; Crm.DeliveryDocumentApprovals; Crm.DeliveryFiles; Crm.Distraints; Crm.DrawCodes; Crm.ETesisTerkinIntegrations; Crm.Files; Crm.Guarantors; Crm.InvoiceLogoLogs; Crm.Mortgages; Crm.NotaryLists; Crm.PosPayments; Crm.PremiumContracts; Crm.RepContracts; Crm.RepPointLogs; Crm.SmsLogs; Crm.SustainabilityReports,
katilim.crm,Crm,Contracts,RelatedContractUid,uniqueidentifier,Evet,,Hayir,,Crm.Activities; Crm.BankLogs; Crm.ContractLeavingLogs; Crm.ContractLeavings; Crm.ContractRevisions; Crm.DataAnalysisLogs; Crm.Deliveries; Crm.DeliveryCalls; Crm.DeliveryDocumentApprovals; Crm.DeliveryFiles; Crm.Distraints; Crm.DrawCodes; Crm.ETesisTerkinIntegrations; Crm.Files; Crm.Guarantors; Crm.InvoiceLogoLogs; Crm.Mortgages; Crm.NotaryLists; Crm.PosPayments; Crm.PremiumContracts; Crm.RepContracts; Crm.RepPointLogs; Crm.SmsLogs; Crm.SustainabilityReports,
katilim.crm,Crm,Contracts,ServiceType,nvarchar(50),Evet,,Hayir,,Crm.Activities; Crm.BankLogs; Crm.ContractLeavingLogs; Crm.ContractLeavings; Crm.ContractRevisions; Crm.DataAnalysisLogs; Crm.Deliveries; Crm.DeliveryCalls; Crm.DeliveryDocumentApprovals; Crm.DeliveryFiles; Crm.Distraints; Crm.DrawCodes; Crm.ETesisTerkinIntegrations; Crm.Files; Crm.Guarantors; Crm.InvoiceLogoLogs; Crm.Mortgages; Crm.NotaryLists; Crm.PosPayments; Crm.PremiumContracts; Crm.RepContracts; Crm.RepPointLogs; Crm.SmsLogs; Crm.SustainabilityReports,
katilim.crm,Crm,Contracts,ServicePriceLast,"decimal(18,2)",Evet,,Hayir,,Crm.Activities; Crm.BankLogs; Crm.ContractLeavingLogs; Crm.ContractLeavings; Crm.ContractRevisions; Crm.DataAnalysisLogs; Crm.Deliveries; Crm.DeliveryCalls; Crm.DeliveryDocumentApprovals; Crm.DeliveryFiles; Crm.Distraints; Crm.DrawCodes; Crm.ETesisTerkinIntegrations; Crm.Files; Crm.Guarantors; Crm.InvoiceLogoLogs; Crm.Mortgages; Crm.NotaryLists; Crm.PosPayments; Crm.PremiumContracts; Crm.RepContracts; Crm.RepPointLogs; Crm.SmsLogs; Crm.SustainabilityReports,
katilim.crm,Crm,Contracts,ServiceRateLast,"decimal(18,2)",Evet,,Hayir,,Crm.Activities; Crm.BankLogs; Crm.ContractLeavingLogs; Crm.ContractLeavings; Crm.ContractRevisions; Crm.DataAnalysisLogs; Crm.Deliveries; Crm.DeliveryCalls; Crm.DeliveryDocumentApprovals; Crm.DeliveryFiles; Crm.Distraints; Crm.DrawCodes; Crm.ETesisTerkinIntegrations; Crm.Files; Crm.Guarantors; Crm.InvoiceLogoLogs; Crm.Mortgages; Crm.NotaryLists; Crm.PosPayments; Crm.PremiumContracts; Crm.RepContracts; Crm.RepPointLogs; Crm.SmsLogs; Crm.SustainabilityReports,
katilim.crm,Crm,Contracts,OpportunityUid,uniqueidentifier,Evet,,Hayir,,Crm.Activities; Crm.BankLogs; Crm.ContractLeavingLogs; Crm.ContractLeavings; Crm.ContractRevisions; Crm.DataAnalysisLogs; Crm.Deliveries; Crm.DeliveryCalls; Crm.DeliveryDocumentApprovals; Crm.DeliveryFiles; Crm.Distraints; Crm.DrawCodes; Crm.ETesisTerkinIntegrations; Crm.Files; Crm.Guarantors; Crm.InvoiceLogoLogs; Crm.Mortgages; Crm.NotaryLists; Crm.PosPayments; Crm.PremiumContracts; Crm.RepContracts; Crm.RepPointLogs; Crm.SmsLogs; Crm.SustainabilityReports,
katilim.crm,Crm,Contracts,DelayingDeliveryMonth,int,Hayir,((0)),Hayir,,Crm.Activities; Crm.BankLogs; Crm.ContractLeavingLogs; Crm.ContractLeavings; Crm.ContractRevisions; Crm.DataAnalysisLogs; Crm.Deliveries; Crm.DeliveryCalls; Crm.DeliveryDocumentApprovals; Crm.DeliveryFiles; Crm.Distraints; Crm.DrawCodes; Crm.ETesisTerkinIntegrations; Crm.Files; Crm.Guarantors; Crm.InvoiceLogoLogs; Crm.Mortgages; Crm.NotaryLists; Crm.PosPayments; Crm.PremiumContracts; Crm.RepContracts; Crm.RepPointLogs; Crm.SmsLogs; Crm.SustainabilityReports,
katilim.crm,Crm,Contracts,PriceDiff,"decimal(18,2)",Hayir,((0)),Hayir,,Crm.Activities; Crm.BankLogs; Crm.ContractLeavingLogs; Crm.ContractLeavings; Crm.ContractRevisions; Crm.DataAnalysisLogs; Crm.Deliveries; Crm.DeliveryCalls; Crm.DeliveryDocumentApprovals; Crm.DeliveryFiles; Crm.Distraints; Crm.DrawCodes; Crm.ETesisTerkinIntegrations; Crm.Files; Crm.Guarantors; Crm.InvoiceLogoLogs; Crm.Mortgages; Crm.NotaryLists; Crm.PosPayments; Crm.PremiumContracts; Crm.RepContracts; Crm.RepPointLogs; Crm.SmsLogs; Crm.SustainabilityReports,
katilim.crm,Crm,Contracts,OldGroupUid,uniqueidentifier,Evet,,Hayir,,Crm.Activities; Crm.BankLogs; Crm.ContractLeavingLogs; Crm.ContractLeavings; Crm.ContractRevisions; Crm.DataAnalysisLogs; Crm.Deliveries; Crm.DeliveryCalls; Crm.DeliveryDocumentApprovals; Crm.DeliveryFiles; Crm.Distraints; Crm.DrawCodes; Crm.ETesisTerkinIntegrations; Crm.Files; Crm.Guarantors; Crm.InvoiceLogoLogs; Crm.Mortgages; Crm.NotaryLists; Crm.PosPayments; Crm.PremiumContracts; Crm.RepContracts; Crm.RepPointLogs; Crm.SmsLogs; Crm.SustainabilityReports,
katilim.crm,Crm,Contracts,PassiveDegree,int,Hayir,((0)),Hayir,,Crm.Activities; Crm.BankLogs; Crm.ContractLeavingLogs; Crm.ContractLeavings; Crm.ContractRevisions; Crm.DataAnalysisLogs; Crm.Deliveries; Crm.DeliveryCalls; Crm.DeliveryDocumentApprovals; Crm.DeliveryFiles; Crm.Distraints; Crm.DrawCodes; Crm.ETesisTerkinIntegrations; Crm.Files; Crm.Guarantors; Crm.InvoiceLogoLogs; Crm.Mortgages; Crm.NotaryLists; Crm.PosPayments; Crm.PremiumContracts; Crm.RepContracts; Crm.RepPointLogs; Crm.SmsLogs; Crm.SustainabilityReports,
katilim.crm,Crm,Contracts,IsPassive,bit,Hayir,((0)),Hayir,,Crm.Activities; Crm.BankLogs; Crm.ContractLeavingLogs; Crm.ContractLeavings; Crm.ContractRevisions; Crm.DataAnalysisLogs; Crm.Deliveries; Crm.DeliveryCalls; Crm.DeliveryDocumentApprovals; Crm.DeliveryFiles; Crm.Distraints; Crm.DrawCodes; Crm.ETesisTerkinIntegrations; Crm.Files; Crm.Guarantors; Crm.InvoiceLogoLogs; Crm.Mortgages; Crm.NotaryLists; Crm.PosPayments; Crm.PremiumContracts; Crm.RepContracts; Crm.RepPointLogs; Crm.SmsLogs; Crm.SustainabilityReports,
katilim.crm,Crm,Contracts,ServiceFirstInstallmentPrice,"decimal(18,2)",Evet,,Hayir,,Crm.Activities; Crm.BankLogs; Crm.ContractLeavingLogs; Crm.ContractLeavings; Crm.ContractRevisions; Crm.DataAnalysisLogs; Crm.Deliveries; Crm.DeliveryCalls; Crm.DeliveryDocumentApprovals; Crm.DeliveryFiles; Crm.Distraints; Crm.DrawCodes; Crm.ETesisTerkinIntegrations; Crm.Files; Crm.Guarantors; Crm.InvoiceLogoLogs; Crm.Mortgages; Crm.NotaryLists; Crm.PosPayments; Crm.PremiumContracts; Crm.RepContracts; Crm.RepPointLogs; Crm.SmsLogs; Crm.SustainabilityReports,
katilim.crm,Crm,Contracts,InstallmentPrice,"decimal(18,2)",Evet,,Hayir,,Crm.Activities; Crm.BankLogs; Crm.ContractLeavingLogs; Crm.ContractLeavings; Crm.ContractRevisions; Crm.DataAnalysisLogs; Crm.Deliveries; Crm.DeliveryCalls; Crm.DeliveryDocumentApprovals; Crm.DeliveryFiles; Crm.Distraints; Crm.DrawCodes; Crm.ETesisTerkinIntegrations; Crm.Files; Crm.Guarantors; Crm.InvoiceLogoLogs; Crm.Mortgages; Crm.NotaryLists; Crm.PosPayments; Crm.PremiumContracts; Crm.RepContracts; Crm.RepPointLogs; Crm.SmsLogs; Crm.SustainabilityReports,
katilim.crm,Crm,Contracts,ExpertiseDate,datetime2(7),Evet,,Hayir,,Crm.Activities; Crm.BankLogs; Crm.ContractLeavingLogs; Crm.ContractLeavings; Crm.ContractRevisions; Crm.DataAnalysisLogs; Crm.Deliveries; Crm.DeliveryCalls; Crm.DeliveryDocumentApprovals; Crm.DeliveryFiles; Crm.Distraints; Crm.DrawCodes; Crm.ETesisTerkinIntegrations; Crm.Files; Crm.Guarantors; Crm.InvoiceLogoLogs; Crm.Mortgages; Crm.NotaryLists; Crm.PosPayments; Crm.PremiumContracts; Crm.RepContracts; Crm.RepPointLogs; Crm.SmsLogs; Crm.SustainabilityReports,
katilim.crm,Crm,Contracts,ExpertisePrice,"decimal(18,2)",Evet,,Hayir,,Crm.Activities; Crm.BankLogs; Crm.ContractLeavingLogs; Crm.ContractLeavings; Crm.ContractRevisions; Crm.DataAnalysisLogs; Crm.Deliveries; Crm.DeliveryCalls; Crm.DeliveryDocumentApprovals; Crm.DeliveryFiles; Crm.Distraints; Crm.DrawCodes; Crm.ETesisTerkinIntegrations; Crm.Files; Crm.Guarantors; Crm.InvoiceLogoLogs; Crm.Mortgages; Crm.NotaryLists; Crm.PosPayments; Crm.PremiumContracts; Crm.RepContracts; Crm.RepPointLogs; Crm.SmsLogs; Crm.SustainabilityReports,
katilim.crm,Crm,Contracts,IsExpertise,bit,Hayir,((0)),Hayir,,Crm.Activities; Crm.BankLogs; Crm.ContractLeavingLogs; Crm.ContractLeavings; Crm.ContractRevisions; Crm.DataAnalysisLogs; Crm.Deliveries; Crm.DeliveryCalls; Crm.DeliveryDocumentApprovals; Crm.DeliveryFiles; Crm.Distraints; Crm.DrawCodes; Crm.ETesisTerkinIntegrations; Crm.Files; Crm.Guarantors; Crm.InvoiceLogoLogs; Crm.Mortgages; Crm.NotaryLists; Crm.PosPayments; Crm.PremiumContracts; Crm.RepContracts; Crm.RepPointLogs; Crm.SmsLogs; Crm.SustainabilityReports,
katilim.crm,Crm,Contracts,IBAN,nvarchar(150),Evet,,Hayir,,Crm.Activities; Crm.BankLogs; Crm.ContractLeavingLogs; Crm.ContractLeavings; Crm.ContractRevisions; Crm.DataAnalysisLogs; Crm.Deliveries; Crm.DeliveryCalls; Crm.DeliveryDocumentApprovals; Crm.DeliveryFiles; Crm.Distraints; Crm.DrawCodes; Crm.ETesisTerkinIntegrations; Crm.Files; Crm.Guarantors; Crm.InvoiceLogoLogs; Crm.Mortgages; Crm.NotaryLists; Crm.PosPayments; Crm.PremiumContracts; Crm.RepContracts; Crm.RepPointLogs; Crm.SmsLogs; Crm.SustainabilityReports,
katilim.crm,Crm,Contracts,InvoiceDate,datetime2(7),Evet,,Hayir,,Crm.Activities; Crm.BankLogs; Crm.ContractLeavingLogs; Crm.ContractLeavings; Crm.ContractRevisions; Crm.DataAnalysisLogs; Crm.Deliveries; Crm.DeliveryCalls; Crm.DeliveryDocumentApprovals; Crm.DeliveryFiles; Crm.Distraints; Crm.DrawCodes; Crm.ETesisTerkinIntegrations; Crm.Files; Crm.Guarantors; Crm.InvoiceLogoLogs; Crm.Mortgages; Crm.NotaryLists; Crm.PosPayments; Crm.PremiumContracts; Crm.RepContracts; Crm.RepPointLogs; Crm.SmsLogs; Crm.SustainabilityReports,
katilim.crm,Crm,Contracts,DeedDelivered,bit,Evet,,Hayir,,Crm.Activities; Crm.BankLogs; Crm.ContractLeavingLogs; Crm.ContractLeavings; Crm.ContractRevisions; Crm.DataAnalysisLogs; Crm.Deliveries; Crm.DeliveryCalls; Crm.DeliveryDocumentApprovals; Crm.DeliveryFiles; Crm.Distraints; Crm.DrawCodes; Crm.ETesisTerkinIntegrations; Crm.Files; Crm.Guarantors; Crm.InvoiceLogoLogs; Crm.Mortgages; Crm.NotaryLists; Crm.PosPayments; Crm.PremiumContracts; Crm.RepContracts; Crm.RepPointLogs; Crm.SmsLogs; Crm.SustainabilityReports,
katilim.crm,Crm,Contracts,FirstPortfolioUid,uniqueidentifier,Evet,,Hayir,,Crm.Activities; Crm.BankLogs; Crm.ContractLeavingLogs; Crm.ContractLeavings; Crm.ContractRevisions; Crm.DataAnalysisLogs; Crm.Deliveries; Crm.DeliveryCalls; Crm.DeliveryDocumentApprovals; Crm.DeliveryFiles; Crm.Distraints; Crm.DrawCodes; Crm.ETesisTerkinIntegrations; Crm.Files; Crm.Guarantors; Crm.InvoiceLogoLogs; Crm.Mortgages; Crm.NotaryLists; Crm.PosPayments; Crm.PremiumContracts; Crm.RepContracts; Crm.RepPointLogs; Crm.SmsLogs; Crm.SustainabilityReports,
katilim.crm,Crm,Contracts,FirstPortfolioOwnerUid,uniqueidentifier,Evet,,Hayir,,Crm.Activities; Crm.BankLogs; Crm.ContractLeavingLogs; Crm.ContractLeavings; Crm.ContractRevisions; Crm.DataAnalysisLogs; Crm.Deliveries; Crm.DeliveryCalls; Crm.DeliveryDocumentApprovals; Crm.DeliveryFiles; Crm.Distraints; Crm.DrawCodes; Crm.ETesisTerkinIntegrations; Crm.Files; Crm.Guarantors; Crm.InvoiceLogoLogs; Crm.Mortgages; Crm.NotaryLists; Crm.PosPayments; Crm.PremiumContracts; Crm.RepContracts; Crm.RepPointLogs; Crm.SmsLogs; Crm.SustainabilityReports,
katilim.crm,Crm,Contracts,FirstOrganizationUid,uniqueidentifier,Evet,,Hayir,,Crm.Activities; Crm.BankLogs; Crm.ContractLeavingLogs; Crm.ContractLeavings; Crm.ContractRevisions; Crm.DataAnalysisLogs; Crm.Deliveries; Crm.DeliveryCalls; Crm.DeliveryDocumentApprovals; Crm.DeliveryFiles; Crm.Distraints; Crm.DrawCodes; Crm.ETesisTerkinIntegrations; Crm.Files; Crm.Guarantors; Crm.InvoiceLogoLogs; Crm.Mortgages; Crm.NotaryLists; Crm.PosPayments; Crm.PremiumContracts; Crm.RepContracts; Crm.RepPointLogs; Crm.SmsLogs; Crm.SustainabilityReports,
katilim.crm,Crm,Contracts,PremiumPayment,bit,Evet,,Hayir,,Crm.Activities; Crm.BankLogs; Crm.ContractLeavingLogs; Crm.ContractLeavings; Crm.ContractRevisions; Crm.DataAnalysisLogs; Crm.Deliveries; Crm.DeliveryCalls; Crm.DeliveryDocumentApprovals; Crm.DeliveryFiles; Crm.Distraints; Crm.DrawCodes; Crm.ETesisTerkinIntegrations; Crm.Files; Crm.Guarantors; Crm.InvoiceLogoLogs; Crm.Mortgages; Crm.NotaryLists; Crm.PosPayments; Crm.PremiumContracts; Crm.RepContracts; Crm.RepPointLogs; Crm.SmsLogs; Crm.SustainabilityReports,
katilim.crm,Crm,Contracts,BidUid,uniqueidentifier,Evet,,Hayir,,Crm.Activities; Crm.BankLogs; Crm.ContractLeavingLogs; Crm.ContractLeavings; Crm.ContractRevisions; Crm.DataAnalysisLogs; Crm.Deliveries; Crm.DeliveryCalls; Crm.DeliveryDocumentApprovals; Crm.DeliveryFiles; Crm.Distraints; Crm.DrawCodes; Crm.ETesisTerkinIntegrations; Crm.Files; Crm.Guarantors; Crm.InvoiceLogoLogs; Crm.Mortgages; Crm.NotaryLists; Crm.PosPayments; Crm.PremiumContracts; Crm.RepContracts; Crm.RepPointLogs; Crm.SmsLogs; Crm.SustainabilityReports,
katilim.crm,Crm,Contracts,FolderNo,nvarchar(50),Evet,,Hayir,,Crm.Activities; Crm.BankLogs; Crm.ContractLeavingLogs; Crm.ContractLeavings; Crm.ContractRevisions; Crm.DataAnalysisLogs; Crm.Deliveries; Crm.DeliveryCalls; Crm.DeliveryDocumentApprovals; Crm.DeliveryFiles; Crm.Distraints; Crm.DrawCodes; Crm.ETesisTerkinIntegrations; Crm.Files; Crm.Guarantors; Crm.InvoiceLogoLogs; Crm.Mortgages; Crm.NotaryLists; Crm.PosPayments; Crm.PremiumContracts; Crm.RepContracts; Crm.RepPointLogs; Crm.SmsLogs; Crm.SustainabilityReports,
katilim.crm,Crm,Contracts,ContractProductUid,uniqueidentifier,Evet,,Hayir,,Crm.Activities; Crm.BankLogs; Crm.ContractLeavingLogs; Crm.ContractLeavings; Crm.ContractRevisions; Crm.DataAnalysisLogs; Crm.Deliveries; Crm.DeliveryCalls; Crm.DeliveryDocumentApprovals; Crm.DeliveryFiles; Crm.Distraints; Crm.DrawCodes; Crm.ETesisTerkinIntegrations; Crm.Files; Crm.Guarantors; Crm.InvoiceLogoLogs; Crm.Mortgages; Crm.NotaryLists; Crm.PosPayments; Crm.PremiumContracts; Crm.RepContracts; Crm.RepPointLogs; Crm.SmsLogs; Crm.SustainabilityReports,
katilim.crm,Crm,Contracts,InvoiceNo,nvarchar(30),Evet,,Hayir,,Crm.Activities; Crm.BankLogs; Crm.ContractLeavingLogs; Crm.ContractLeavings; Crm.ContractRevisions; Crm.DataAnalysisLogs; Crm.Deliveries; Crm.DeliveryCalls; Crm.DeliveryDocumentApprovals; Crm.DeliveryFiles; Crm.Distraints; Crm.DrawCodes; Crm.ETesisTerkinIntegrations; Crm.Files; Crm.Guarantors; Crm.InvoiceLogoLogs; Crm.Mortgages; Crm.NotaryLists; Crm.PosPayments; Crm.PremiumContracts; Crm.RepContracts; Crm.RepPointLogs; Crm.SmsLogs; Crm.SustainabilityReports,
katilim.crm,Crm,Contracts,CustomerName,nvarchar(100),Evet,,Hayir,,Crm.Activities; Crm.BankLogs; Crm.ContractLeavingLogs; Crm.ContractLeavings; Crm.ContractRevisions; Crm.DataAnalysisLogs; Crm.Deliveries; Crm.DeliveryCalls; Crm.DeliveryDocumentApprovals; Crm.DeliveryFiles; Crm.Distraints; Crm.DrawCodes; Crm.ETesisTerkinIntegrations; Crm.Files; Crm.Guarantors; Crm.InvoiceLogoLogs; Crm.Mortgages; Crm.NotaryLists; Crm.PosPayments; Crm.PremiumContracts; Crm.RepContracts; Crm.RepPointLogs; Crm.SmsLogs; Crm.SustainabilityReports,
katilim.crm,Crm,Contracts,CustomerSurname,nvarchar(100),Evet,,Hayir,,Crm.Activities; Crm.BankLogs; Crm.ContractLeavingLogs; Crm.ContractLeavings; Crm.ContractRevisions; Crm.DataAnalysisLogs; Crm.Deliveries; Crm.DeliveryCalls; Crm.DeliveryDocumentApprovals; Crm.DeliveryFiles; Crm.Distraints; Crm.DrawCodes; Crm.ETesisTerkinIntegrations; Crm.Files; Crm.Guarantors; Crm.InvoiceLogoLogs; Crm.Mortgages; Crm.NotaryLists; Crm.PosPayments; Crm.PremiumContracts; Crm.RepContracts; Crm.RepPointLogs; Crm.SmsLogs; Crm.SustainabilityReports,
katilim.crm,Crm,Contracts,CustomerTckno,nvarchar(20),Evet,,Hayir,,Crm.Activities; Crm.BankLogs; Crm.ContractLeavingLogs; Crm.ContractLeavings; Crm.ContractRevisions; Crm.DataAnalysisLogs; Crm.Deliveries; Crm.DeliveryCalls; Crm.DeliveryDocumentApprovals; Crm.DeliveryFiles; Crm.Distraints; Crm.DrawCodes; Crm.ETesisTerkinIntegrations; Crm.Files; Crm.Guarantors; Crm.InvoiceLogoLogs; Crm.Mortgages; Crm.NotaryLists; Crm.PosPayments; Crm.PremiumContracts; Crm.RepContracts; Crm.RepPointLogs; Crm.SmsLogs; Crm.SustainabilityReports,
katilim.crm,Crm,Contracts,CustomerNo,nvarchar(100),Evet,,Hayir,,Crm.Activities; Crm.BankLogs; Crm.ContractLeavingLogs; Crm.ContractLeavings; Crm.ContractRevisions; Crm.DataAnalysisLogs; Crm.Deliveries; Crm.DeliveryCalls; Crm.DeliveryDocumentApprovals; Crm.DeliveryFiles; Crm.Distraints; Crm.DrawCodes; Crm.ETesisTerkinIntegrations; Crm.Files; Crm.Guarantors; Crm.InvoiceLogoLogs; Crm.Mortgages; Crm.NotaryLists; Crm.PosPayments; Crm.PremiumContracts; Crm.RepContracts; Crm.RepPointLogs; Crm.SmsLogs; Crm.SustainabilityReports,
katilim.crm,Crm,Contracts,GroupName,nvarchar(100),Evet,,Hayir,,Crm.Activities; Crm.BankLogs; Crm.ContractLeavingLogs; Crm.ContractLeavings; Crm.ContractRevisions; Crm.DataAnalysisLogs; Crm.Deliveries; Crm.DeliveryCalls; Crm.DeliveryDocumentApprovals; Crm.DeliveryFiles; Crm.Distraints; Crm.DrawCodes; Crm.ETesisTerkinIntegrations; Crm.Files; Crm.Guarantors; Crm.InvoiceLogoLogs; Crm.Mortgages; Crm.NotaryLists; Crm.PosPayments; Crm.PremiumContracts; Crm.RepContracts; Crm.RepPointLogs; Crm.SmsLogs; Crm.SustainabilityReports,
katilim.crm,Crm,Contracts,CustomerCity,nvarchar(100),Evet,,Hayir,,Crm.Activities; Crm.BankLogs; Crm.ContractLeavingLogs; Crm.ContractLeavings; Crm.ContractRevisions; Crm.DataAnalysisLogs; Crm.Deliveries; Crm.DeliveryCalls; Crm.DeliveryDocumentApprovals; Crm.DeliveryFiles; Crm.Distraints; Crm.DrawCodes; Crm.ETesisTerkinIntegrations; Crm.Files; Crm.Guarantors; Crm.InvoiceLogoLogs; Crm.Mortgages; Crm.NotaryLists; Crm.PosPayments; Crm.PremiumContracts; Crm.RepContracts; Crm.RepPointLogs; Crm.SmsLogs; Crm.SustainabilityReports,
katilim.crm,Crm,Contracts,CustomerTown,nvarchar(100),Evet,,Hayir,,Crm.Activities; Crm.BankLogs; Crm.ContractLeavingLogs; Crm.ContractLeavings; Crm.ContractRevisions; Crm.DataAnalysisLogs; Crm.Deliveries; Crm.DeliveryCalls; Crm.DeliveryDocumentApprovals; Crm.DeliveryFiles; Crm.Distraints; Crm.DrawCodes; Crm.ETesisTerkinIntegrations; Crm.Files; Crm.Guarantors; Crm.InvoiceLogoLogs; Crm.Mortgages; Crm.NotaryLists; Crm.PosPayments; Crm.PremiumContracts; Crm.RepContracts; Crm.RepPointLogs; Crm.SmsLogs; Crm.SustainabilityReports,
katilim.crm,Crm,Contracts,CustomerHomeTown,nvarchar(100),Evet,,Hayir,,Crm.Activities; Crm.BankLogs; Crm.ContractLeavingLogs; Crm.ContractLeavings; Crm.ContractRevisions; Crm.DataAnalysisLogs; Crm.Deliveries; Crm.DeliveryCalls; Crm.DeliveryDocumentApprovals; Crm.DeliveryFiles; Crm.Distraints; Crm.DrawCodes; Crm.ETesisTerkinIntegrations; Crm.Files; Crm.Guarantors; Crm.InvoiceLogoLogs; Crm.Mortgages; Crm.NotaryLists; Crm.PosPayments; Crm.PremiumContracts; Crm.RepContracts; Crm.RepPointLogs; Crm.SmsLogs; Crm.SustainabilityReports,
katilim.crm,Crm,Contracts,ProductName,nvarchar(100),Evet,,Hayir,,Crm.Activities; Crm.BankLogs; Crm.ContractLeavingLogs; Crm.ContractLeavings; Crm.ContractRevisions; Crm.DataAnalysisLogs; Crm.Deliveries; Crm.DeliveryCalls; Crm.DeliveryDocumentApprovals; Crm.DeliveryFiles; Crm.Distraints; Crm.DrawCodes; Crm.ETesisTerkinIntegrations; Crm.Files; Crm.Guarantors; Crm.InvoiceLogoLogs; Crm.Mortgages; Crm.NotaryLists; Crm.PosPayments; Crm.PremiumContracts; Crm.RepContracts; Crm.RepPointLogs; Crm.SmsLogs; Crm.SustainabilityReports,
katilim.crm,Crm,Contracts,ProductType,nvarchar(50),Evet,,Hayir,,Crm.Activities; Crm.BankLogs; Crm.ContractLeavingLogs; Crm.ContractLeavings; Crm.ContractRevisions; Crm.DataAnalysisLogs; Crm.Deliveries; Crm.DeliveryCalls; Crm.DeliveryDocumentApprovals; Crm.DeliveryFiles; Crm.Distraints; Crm.DrawCodes; Crm.ETesisTerkinIntegrations; Crm.Files; Crm.Guarantors; Crm.InvoiceLogoLogs; Crm.Mortgages; Crm.NotaryLists; Crm.PosPayments; Crm.PremiumContracts; Crm.RepContracts; Crm.RepPointLogs; Crm.SmsLogs; Crm.SustainabilityReports,
katilim.crm,Crm,Contracts,FinanceControllerName,nvarchar(100),Evet,,Hayir,,Crm.Activities; Crm.BankLogs; Crm.ContractLeavingLogs; Crm.ContractLeavings; Crm.ContractRevisions; Crm.DataAnalysisLogs; Crm.Deliveries; Crm.DeliveryCalls; Crm.DeliveryDocumentApprovals; Crm.DeliveryFiles; Crm.Distraints; Crm.DrawCodes; Crm.ETesisTerkinIntegrations; Crm.Files; Crm.Guarantors; Crm.InvoiceLogoLogs; Crm.Mortgages; Crm.NotaryLists; Crm.PosPayments; Crm.PremiumContracts; Crm.RepContracts; Crm.RepPointLogs; Crm.SmsLogs; Crm.SustainabilityReports,
katilim.crm,Crm,Contracts,PortfolioName,nvarchar(100),Evet,,Hayir,,Crm.Activities; Crm.BankLogs; Crm.ContractLeavingLogs; Crm.ContractLeavings; Crm.ContractRevisions; Crm.DataAnalysisLogs; Crm.Deliveries; Crm.DeliveryCalls; Crm.DeliveryDocumentApprovals; Crm.DeliveryFiles; Crm.Distraints; Crm.DrawCodes; Crm.ETesisTerkinIntegrations; Crm.Files; Crm.Guarantors; Crm.InvoiceLogoLogs; Crm.Mortgages; Crm.NotaryLists; Crm.PosPayments; Crm.PremiumContracts; Crm.RepContracts; Crm.RepPointLogs; Crm.SmsLogs; Crm.SustainabilityReports,
katilim.crm,Crm,Contracts,PortfolioCode,nvarchar(50),Evet,,Hayir,,Crm.Activities; Crm.BankLogs; Crm.ContractLeavingLogs; Crm.ContractLeavings; Crm.ContractRevisions; Crm.DataAnalysisLogs; Crm.Deliveries; Crm.DeliveryCalls; Crm.DeliveryDocumentApprovals; Crm.DeliveryFiles; Crm.Distraints; Crm.DrawCodes; Crm.ETesisTerkinIntegrations; Crm.Files; Crm.Guarantors; Crm.InvoiceLogoLogs; Crm.Mortgages; Crm.NotaryLists; Crm.PosPayments; Crm.PremiumContracts; Crm.RepContracts; Crm.RepPointLogs; Crm.SmsLogs; Crm.SustainabilityReports,
katilim.crm,Crm,Contracts,PortfolioOwner,nvarchar(100),Evet,,Hayir,,Crm.Activities; Crm.BankLogs; Crm.ContractLeavingLogs; Crm.ContractLeavings; Crm.ContractRevisions; Crm.DataAnalysisLogs; Crm.Deliveries; Crm.DeliveryCalls; Crm.DeliveryDocumentApprovals; Crm.DeliveryFiles; Crm.Distraints; Crm.DrawCodes; Crm.ETesisTerkinIntegrations; Crm.Files; Crm.Guarantors; Crm.InvoiceLogoLogs; Crm.Mortgages; Crm.NotaryLists; Crm.PosPayments; Crm.PremiumContracts; Crm.RepContracts; Crm.RepPointLogs; Crm.SmsLogs; Crm.SustainabilityReports,
katilim.crm,Crm,Contracts,PortfolioOrganizationUid,uniqueidentifier,Evet,,Hayir,,Crm.Activities; Crm.BankLogs; Crm.ContractLeavingLogs; Crm.ContractLeavings; Crm.ContractRevisions; Crm.DataAnalysisLogs; Crm.Deliveries; Crm.DeliveryCalls; Crm.DeliveryDocumentApprovals; Crm.DeliveryFiles; Crm.Distraints; Crm.DrawCodes; Crm.ETesisTerkinIntegrations; Crm.Files; Crm.Guarantors; Crm.InvoiceLogoLogs; Crm.Mortgages; Crm.NotaryLists; Crm.PosPayments; Crm.PremiumContracts; Crm.RepContracts; Crm.RepPointLogs; Crm.SmsLogs; Crm.SustainabilityReports,
katilim.crm,Crm,Contracts,PortfolioOrganizationName,nvarchar(100),Evet,,Hayir,,Crm.Activities; Crm.BankLogs; Crm.ContractLeavingLogs; Crm.ContractLeavings; Crm.ContractRevisions; Crm.DataAnalysisLogs; Crm.Deliveries; Crm.DeliveryCalls; Crm.DeliveryDocumentApprovals; Crm.DeliveryFiles; Crm.Distraints; Crm.DrawCodes; Crm.ETesisTerkinIntegrations; Crm.Files; Crm.Guarantors; Crm.InvoiceLogoLogs; Crm.Mortgages; Crm.NotaryLists; Crm.PosPayments; Crm.PremiumContracts; Crm.RepContracts; Crm.RepPointLogs; Crm.SmsLogs; Crm.SustainabilityReports,
katilim.crm,Crm,Contracts,PortfolioOrganizationManagerUid,uniqueidentifier,Evet,,Hayir,,Crm.Activities; Crm.BankLogs; Crm.ContractLeavingLogs; Crm.ContractLeavings; Crm.ContractRevisions; Crm.DataAnalysisLogs; Crm.Deliveries; Crm.DeliveryCalls; Crm.DeliveryDocumentApprovals; Crm.DeliveryFiles; Crm.Distraints; Crm.DrawCodes; Crm.ETesisTerkinIntegrations; Crm.Files; Crm.Guarantors; Crm.InvoiceLogoLogs; Crm.Mortgages; Crm.NotaryLists; Crm.PosPayments; Crm.PremiumContracts; Crm.RepContracts; Crm.RepPointLogs; Crm.SmsLogs; Crm.SustainabilityReports,
katilim.crm,Crm,Contracts,PortfolioParentOrganizationUid,uniqueidentifier,Evet,,Hayir,,Crm.Activities; Crm.BankLogs; Crm.ContractLeavingLogs; Crm.ContractLeavings; Crm.ContractRevisions; Crm.DataAnalysisLogs; Crm.Deliveries; Crm.DeliveryCalls; Crm.DeliveryDocumentApprovals; Crm.DeliveryFiles; Crm.Distraints; Crm.DrawCodes; Crm.ETesisTerkinIntegrations; Crm.Files; Crm.Guarantors; Crm.InvoiceLogoLogs; Crm.Mortgages; Crm.NotaryLists; Crm.PosPayments; Crm.PremiumContracts; Crm.RepContracts; Crm.RepPointLogs; Crm.SmsLogs; Crm.SustainabilityReports,
katilim.crm,Crm,Contracts,PortfolioParentOrganizationName,nvarchar(100),Evet,,Hayir,,Crm.Activities; Crm.BankLogs; Crm.ContractLeavingLogs; Crm.ContractLeavings; Crm.ContractRevisions; Crm.DataAnalysisLogs; Crm.Deliveries; Crm.DeliveryCalls; Crm.DeliveryDocumentApprovals; Crm.DeliveryFiles; Crm.Distraints; Crm.DrawCodes; Crm.ETesisTerkinIntegrations; Crm.Files; Crm.Guarantors; Crm.InvoiceLogoLogs; Crm.Mortgages; Crm.NotaryLists; Crm.PosPayments; Crm.PremiumContracts; Crm.RepContracts; Crm.RepPointLogs; Crm.SmsLogs; Crm.SustainabilityReports,
katilim.crm,Crm,Contracts,PortfolioParentOrganizationManagerUid,uniqueidentifier,Evet,,Hayir,,Crm.Activities; Crm.BankLogs; Crm.ContractLeavingLogs; Crm.ContractLeavings; Crm.ContractRevisions; Crm.DataAnalysisLogs; Crm.Deliveries; Crm.DeliveryCalls; Crm.DeliveryDocumentApprovals; Crm.DeliveryFiles; Crm.Distraints; Crm.DrawCodes; Crm.ETesisTerkinIntegrations; Crm.Files; Crm.Guarantors; Crm.InvoiceLogoLogs; Crm.Mortgages; Crm.NotaryLists; Crm.PosPayments; Crm.PremiumContracts; Crm.RepContracts; Crm.RepPointLogs; Crm.SmsLogs; Crm.SustainabilityReports,
katilim.crm,Crm,Contracts,CustomerSource,nvarchar(50),Evet,,Hayir,,Crm.Activities; Crm.BankLogs; Crm.ContractLeavingLogs; Crm.ContractLeavings; Crm.ContractRevisions; Crm.DataAnalysisLogs; Crm.Deliveries; Crm.DeliveryCalls; Crm.DeliveryDocumentApprovals; Crm.DeliveryFiles; Crm.Distraints; Crm.DrawCodes; Crm.ETesisTerkinIntegrations; Crm.Files; Crm.Guarantors; Crm.InvoiceLogoLogs; Crm.Mortgages; Crm.NotaryLists; Crm.PosPayments; Crm.PremiumContracts; Crm.RepContracts; Crm.RepPointLogs; Crm.SmsLogs; Crm.SustainabilityReports,
katilim.crm,Crm,Contracts,ServicePricePaid,"decimal(18,2)",Evet,,Hayir,,Crm.Activities; Crm.BankLogs; Crm.ContractLeavingLogs; Crm.ContractLeavings; Crm.ContractRevisions; Crm.DataAnalysisLogs; Crm.Deliveries; Crm.DeliveryCalls; Crm.DeliveryDocumentApprovals; Crm.DeliveryFiles; Crm.Distraints; Crm.DrawCodes; Crm.ETesisTerkinIntegrations; Crm.Files; Crm.Guarantors; Crm.InvoiceLogoLogs; Crm.Mortgages; Crm.NotaryLists; Crm.PosPayments; Crm.PremiumContracts; Crm.RepContracts; Crm.RepPointLogs; Crm.SmsLogs; Crm.SustainabilityReports,
katilim.crm,Crm,Contracts,CashPricePaid,"decimal(18,2)",Evet,,Hayir,,Crm.Activities; Crm.BankLogs; Crm.ContractLeavingLogs; Crm.ContractLeavings; Crm.ContractRevisions; Crm.DataAnalysisLogs; Crm.Deliveries; Crm.DeliveryCalls; Crm.DeliveryDocumentApprovals; Crm.DeliveryFiles; Crm.Distraints; Crm.DrawCodes; Crm.ETesisTerkinIntegrations; Crm.Files; Crm.Guarantors; Crm.InvoiceLogoLogs; Crm.Mortgages; Crm.NotaryLists; Crm.PosPayments; Crm.PremiumContracts; Crm.RepContracts; Crm.RepPointLogs; Crm.SmsLogs; Crm.SustainabilityReports,
katilim.crm,Crm,Contracts,InstallmentPricePaid,"decimal(18,2)",Evet,,Hayir,,Crm.Activities; Crm.BankLogs; Crm.ContractLeavingLogs; Crm.ContractLeavings; Crm.ContractRevisions; Crm.DataAnalysisLogs; Crm.Deliveries; Crm.DeliveryCalls; Crm.DeliveryDocumentApprovals; Crm.DeliveryFiles; Crm.Distraints; Crm.DrawCodes; Crm.ETesisTerkinIntegrations; Crm.Files; Crm.Guarantors; Crm.InvoiceLogoLogs; Crm.Mortgages; Crm.NotaryLists; Crm.PosPayments; Crm.PremiumContracts; Crm.RepContracts; Crm.RepPointLogs; Crm.SmsLogs; Crm.SustainabilityReports,
katilim.crm,Crm,Contracts,BillPricePaid,"decimal(18,2)",Evet,,Hayir,,Crm.Activities; Crm.BankLogs; Crm.ContractLeavingLogs; Crm.ContractLeavings; Crm.ContractRevisions; Crm.DataAnalysisLogs; Crm.Deliveries; Crm.DeliveryCalls; Crm.DeliveryDocumentApprovals; Crm.DeliveryFiles; Crm.Distraints; Crm.DrawCodes; Crm.ETesisTerkinIntegrations; Crm.Files; Crm.Guarantors; Crm.InvoiceLogoLogs; Crm.Mortgages; Crm.NotaryLists; Crm.PosPayments; Crm.PremiumContracts; Crm.RepContracts; Crm.RepPointLogs; Crm.SmsLogs; Crm.SustainabilityReports,
katilim.crm,Crm,Contracts,IsPaid,bit,Evet,,Hayir,,Crm.Activities; Crm.BankLogs; Crm.ContractLeavingLogs; Crm.ContractLeavings; Crm.ContractRevisions; Crm.DataAnalysisLogs; Crm.Deliveries; Crm.DeliveryCalls; Crm.DeliveryDocumentApprovals; Crm.DeliveryFiles; Crm.Distraints; Crm.DrawCodes; Crm.ETesisTerkinIntegrations; Crm.Files; Crm.Guarantors; Crm.InvoiceLogoLogs; Crm.Mortgages; Crm.NotaryLists; Crm.PosPayments; Crm.PremiumContracts; Crm.RepContracts; Crm.RepPointLogs; Crm.SmsLogs; Crm.SustainabilityReports,
katilim.crm,Crm,Contracts,ColorType,int,Evet,,Hayir,,Crm.Activities; Crm.BankLogs; Crm.ContractLeavingLogs; Crm.ContractLeavings; Crm.ContractRevisions; Crm.DataAnalysisLogs; Crm.Deliveries; Crm.DeliveryCalls; Crm.DeliveryDocumentApprovals; Crm.DeliveryFiles; Crm.Distraints; Crm.DrawCodes; Crm.ETesisTerkinIntegrations; Crm.Files; Crm.Guarantors; Crm.InvoiceLogoLogs; Crm.Mortgages; Crm.NotaryLists; Crm.PosPayments; Crm.PremiumContracts; Crm.RepContracts; Crm.RepPointLogs; Crm.SmsLogs; Crm.SustainabilityReports,
katilim.crm,Crm,Contracts,InstallmentAmount,nvarchar(50),Evet,,Hayir,,Crm.Activities; Crm.BankLogs; Crm.ContractLeavingLogs; Crm.ContractLeavings; Crm.ContractRevisions; Crm.DataAnalysisLogs; Crm.Deliveries; Crm.DeliveryCalls; Crm.DeliveryDocumentApprovals; Crm.DeliveryFiles; Crm.Distraints; Crm.DrawCodes; Crm.ETesisTerkinIntegrations; Crm.Files; Crm.Guarantors; Crm.InvoiceLogoLogs; Crm.Mortgages; Crm.NotaryLists; Crm.PosPayments; Crm.PremiumContracts; Crm.RepContracts; Crm.RepPointLogs; Crm.SmsLogs; Crm.SustainabilityReports,
katilim.crm,Crm,Contracts,PaidInstallmentAmount,nvarchar(50),Evet,,Hayir,,Crm.Activities; Crm.BankLogs; Crm.ContractLeavingLogs; Crm.ContractLeavings; Crm.ContractRevisions; Crm.DataAnalysisLogs; Crm.Deliveries; Crm.DeliveryCalls; Crm.DeliveryDocumentApprovals; Crm.DeliveryFiles; Crm.Distraints; Crm.DrawCodes; Crm.ETesisTerkinIntegrations; Crm.Files; Crm.Guarantors; Crm.InvoiceLogoLogs; Crm.Mortgages; Crm.NotaryLists; Crm.PosPayments; Crm.PremiumContracts; Crm.RepContracts; Crm.RepPointLogs; Crm.SmsLogs; Crm.SustainabilityReports,
katilim.crm,Crm,Contracts,RemainingInstallmentAmount,nvarchar(50),Evet,,Hayir,,Crm.Activities; Crm.BankLogs; Crm.ContractLeavingLogs; Crm.ContractLeavings; Crm.ContractRevisions; Crm.DataAnalysisLogs; Crm.Deliveries; Crm.DeliveryCalls; Crm.DeliveryDocumentApprovals; Crm.DeliveryFiles; Crm.Distraints; Crm.DrawCodes; Crm.ETesisTerkinIntegrations; Crm.Files; Crm.Guarantors; Crm.InvoiceLogoLogs; Crm.Mortgages; Crm.NotaryLists; Crm.PosPayments; Crm.PremiumContracts; Crm.RepContracts; Crm.RepPointLogs; Crm.SmsLogs; Crm.SustainabilityReports,
katilim.crm,Crm,Contracts,CustomerPortfolioUid,uniqueidentifier,Evet,,Hayir,,Crm.Activities; Crm.BankLogs; Crm.ContractLeavingLogs; Crm.ContractLeavings; Crm.ContractRevisions; Crm.DataAnalysisLogs; Crm.Deliveries; Crm.DeliveryCalls; Crm.DeliveryDocumentApprovals; Crm.DeliveryFiles; Crm.Distraints; Crm.DrawCodes; Crm.ETesisTerkinIntegrations; Crm.Files; Crm.Guarantors; Crm.InvoiceLogoLogs; Crm.Mortgages; Crm.NotaryLists; Crm.PosPayments; Crm.PremiumContracts; Crm.RepContracts; Crm.RepPointLogs; Crm.SmsLogs; Crm.SustainabilityReports,
katilim.crm,Crm,Contracts,CustomerPortfolioOwnerUid,uniqueidentifier,Evet,,Hayir,,Crm.Activities; Crm.BankLogs; Crm.ContractLeavingLogs; Crm.ContractLeavings; Crm.ContractRevisions; Crm.DataAnalysisLogs; Crm.Deliveries; Crm.DeliveryCalls; Crm.DeliveryDocumentApprovals; Crm.DeliveryFiles; Crm.Distraints; Crm.DrawCodes; Crm.ETesisTerkinIntegrations; Crm.Files; Crm.Guarantors; Crm.InvoiceLogoLogs; Crm.Mortgages; Crm.NotaryLists; Crm.PosPayments; Crm.PremiumContracts; Crm.RepContracts; Crm.RepPointLogs; Crm.SmsLogs; Crm.SustainabilityReports,
katilim.crm,Crm,Contracts,IsPendingActivity,bit,Evet,,Hayir,,Crm.Activities; Crm.BankLogs; Crm.ContractLeavingLogs; Crm.ContractLeavings; Crm.ContractRevisions; Crm.DataAnalysisLogs; Crm.Deliveries; Crm.DeliveryCalls; Crm.DeliveryDocumentApprovals; Crm.DeliveryFiles; Crm.Distraints; Crm.DrawCodes; Crm.ETesisTerkinIntegrations; Crm.Files; Crm.Guarantors; Crm.InvoiceLogoLogs; Crm.Mortgages; Crm.NotaryLists; Crm.PosPayments; Crm.PremiumContracts; Crm.RepContracts; Crm.RepPointLogs; Crm.SmsLogs; Crm.SustainabilityReports,
katilim.crm,Crm,Contracts,IsBrandEnvoy,bit,Evet,,Hayir,,Crm.Activities; Crm.BankLogs; Crm.ContractLeavingLogs; Crm.ContractLeavings; Crm.ContractRevisions; Crm.DataAnalysisLogs; Crm.Deliveries; Crm.DeliveryCalls; Crm.DeliveryDocumentApprovals; Crm.DeliveryFiles; Crm.Distraints; Crm.DrawCodes; Crm.ETesisTerkinIntegrations; Crm.Files; Crm.Guarantors; Crm.InvoiceLogoLogs; Crm.Mortgages; Crm.NotaryLists; Crm.PosPayments; Crm.PremiumContracts; Crm.RepContracts; Crm.RepPointLogs; Crm.SmsLogs; Crm.SustainabilityReports,
katilim.crm,Crm,Contracts,CreatedByUserName,nvarchar(100),Evet,,Hayir,,Crm.Activities; Crm.BankLogs; Crm.ContractLeavingLogs; Crm.ContractLeavings; Crm.ContractRevisions; Crm.DataAnalysisLogs; Crm.Deliveries; Crm.DeliveryCalls; Crm.DeliveryDocumentApprovals; Crm.DeliveryFiles; Crm.Distraints; Crm.DrawCodes; Crm.ETesisTerkinIntegrations; Crm.Files; Crm.Guarantors; Crm.InvoiceLogoLogs; Crm.Mortgages; Crm.NotaryLists; Crm.PosPayments; Crm.PremiumContracts; Crm.RepContracts; Crm.RepPointLogs; Crm.SmsLogs; Crm.SustainabilityReports,
katilim.crm,Crm,Contracts,CustomerCityUid,uniqueidentifier,Evet,,Hayir,,Crm.Activities; Crm.BankLogs; Crm.ContractLeavingLogs; Crm.ContractLeavings; Crm.ContractRevisions; Crm.DataAnalysisLogs; Crm.Deliveries; Crm.DeliveryCalls; Crm.DeliveryDocumentApprovals; Crm.DeliveryFiles; Crm.Distraints; Crm.DrawCodes; Crm.ETesisTerkinIntegrations; Crm.Files; Crm.Guarantors; Crm.InvoiceLogoLogs; Crm.Mortgages; Crm.NotaryLists; Crm.PosPayments; Crm.PremiumContracts; Crm.RepContracts; Crm.RepPointLogs; Crm.SmsLogs; Crm.SustainabilityReports,
katilim.crm,Crm,Contracts,CustomerTownUid,uniqueidentifier,Evet,,Hayir,,Crm.Activities; Crm.BankLogs; Crm.ContractLeavingLogs; Crm.ContractLeavings; Crm.ContractRevisions; Crm.DataAnalysisLogs; Crm.Deliveries; Crm.DeliveryCalls; Crm.DeliveryDocumentApprovals; Crm.DeliveryFiles; Crm.Distraints; Crm.DrawCodes; Crm.ETesisTerkinIntegrations; Crm.Files; Crm.Guarantors; Crm.InvoiceLogoLogs; Crm.Mortgages; Crm.NotaryLists; Crm.PosPayments; Crm.PremiumContracts; Crm.RepContracts; Crm.RepPointLogs; Crm.SmsLogs; Crm.SustainabilityReports,
katilim.crm,Crm,Contracts,CustomerHomeTownUid,uniqueidentifier,Evet,,Hayir,,Crm.Activities; Crm.BankLogs; Crm.ContractLeavingLogs; Crm.ContractLeavings; Crm.ContractRevisions; Crm.DataAnalysisLogs; Crm.Deliveries; Crm.DeliveryCalls; Crm.DeliveryDocumentApprovals; Crm.DeliveryFiles; Crm.Distraints; Crm.DrawCodes; Crm.ETesisTerkinIntegrations; Crm.Files; Crm.Guarantors; Crm.InvoiceLogoLogs; Crm.Mortgages; Crm.NotaryLists; Crm.PosPayments; Crm.PremiumContracts; Crm.RepContracts; Crm.RepPointLogs; Crm.SmsLogs; Crm.SustainabilityReports,
katilim.crm,Crm,Contracts,CustomerSourceUid,uniqueidentifier,Evet,,Hayir,,Crm.Activities; Crm.BankLogs; Crm.ContractLeavingLogs; Crm.ContractLeavings; Crm.ContractRevisions; Crm.DataAnalysisLogs; Crm.Deliveries; Crm.DeliveryCalls; Crm.DeliveryDocumentApprovals; Crm.DeliveryFiles; Crm.Distraints; Crm.DrawCodes; Crm.ETesisTerkinIntegrations; Crm.Files; Crm.Guarantors; Crm.InvoiceLogoLogs; Crm.Mortgages; Crm.NotaryLists; Crm.PosPayments; Crm.PremiumContracts; Crm.RepContracts; Crm.RepPointLogs; Crm.SmsLogs; Crm.SustainabilityReports,
katilim.crm,Crm,Contracts,IsDistance,bit,Evet,,Hayir,,Crm.Activities; Crm.BankLogs; Crm.ContractLeavingLogs; Crm.ContractLeavings; Crm.ContractRevisions; Crm.DataAnalysisLogs; Crm.Deliveries; Crm.DeliveryCalls; Crm.DeliveryDocumentApprovals; Crm.DeliveryFiles; Crm.Distraints; Crm.DrawCodes; Crm.ETesisTerkinIntegrations; Crm.Files; Crm.Guarantors; Crm.InvoiceLogoLogs; Crm.Mortgages; Crm.NotaryLists; Crm.PosPayments; Crm.PremiumContracts; Crm.RepContracts; Crm.RepPointLogs; Crm.SmsLogs; Crm.SustainabilityReports,
katilim.crm,Crm,Contracts,IsJoinJob,bit,Hayir,((1)),Hayir,,Crm.Activities; Crm.BankLogs; Crm.ContractLeavingLogs; Crm.ContractLeavings; Crm.ContractRevisions; Crm.DataAnalysisLogs; Crm.Deliveries; Crm.DeliveryCalls; Crm.DeliveryDocumentApprovals; Crm.DeliveryFiles; Crm.Distraints; Crm.DrawCodes; Crm.ETesisTerkinIntegrations; Crm.Files; Crm.Guarantors; Crm.InvoiceLogoLogs; Crm.Mortgages; Crm.NotaryLists; Crm.PosPayments; Crm.PremiumContracts; Crm.RepContracts; Crm.RepPointLogs; Crm.SmsLogs; Crm.SustainabilityReports,
katilim.crm,Crm,Contracts,DelayedInstallmentCount,int,Evet,,Hayir,,Crm.Activities; Crm.BankLogs; Crm.ContractLeavingLogs; Crm.ContractLeavings; Crm.ContractRevisions; Crm.DataAnalysisLogs; Crm.Deliveries; Crm.DeliveryCalls; Crm.DeliveryDocumentApprovals; Crm.DeliveryFiles; Crm.Distraints; Crm.DrawCodes; Crm.ETesisTerkinIntegrations; Crm.Files; Crm.Guarantors; Crm.InvoiceLogoLogs; Crm.Mortgages; Crm.NotaryLists; Crm.PosPayments; Crm.PremiumContracts; Crm.RepContracts; Crm.RepPointLogs; Crm.SmsLogs; Crm.SustainabilityReports,
katilim.crm,Crm,Contracts,ReturnPaymentStatus,tinyint,Evet,,Hayir,,Crm.Activities; Crm.BankLogs; Crm.ContractLeavingLogs; Crm.ContractLeavings; Crm.ContractRevisions; Crm.DataAnalysisLogs; Crm.Deliveries; Crm.DeliveryCalls; Crm.DeliveryDocumentApprovals; Crm.DeliveryFiles; Crm.Distraints; Crm.DrawCodes; Crm.ETesisTerkinIntegrations; Crm.Files; Crm.Guarantors; Crm.InvoiceLogoLogs; Crm.Mortgages; Crm.NotaryLists; Crm.PosPayments; Crm.PremiumContracts; Crm.RepContracts; Crm.RepPointLogs; Crm.SmsLogs; Crm.SustainabilityReports,
katilim.crm,Crm,Contracts,SoundRecord,nvarchar(100),Evet,,Hayir,,Crm.Activities; Crm.BankLogs; Crm.ContractLeavingLogs; Crm.ContractLeavings; Crm.ContractRevisions; Crm.DataAnalysisLogs; Crm.Deliveries; Crm.DeliveryCalls; Crm.DeliveryDocumentApprovals; Crm.DeliveryFiles; Crm.Distraints; Crm.DrawCodes; Crm.ETesisTerkinIntegrations; Crm.Files; Crm.Guarantors; Crm.InvoiceLogoLogs; Crm.Mortgages; Crm.NotaryLists; Crm.PosPayments; Crm.PremiumContracts; Crm.RepContracts; Crm.RepPointLogs; Crm.SmsLogs; Crm.SustainabilityReports,
katilim.crm,Crm,Contracts,IsTradesman,bit,Evet,,Hayir,,Crm.Activities; Crm.BankLogs; Crm.ContractLeavingLogs; Crm.ContractLeavings; Crm.ContractRevisions; Crm.DataAnalysisLogs; Crm.Deliveries; Crm.DeliveryCalls; Crm.DeliveryDocumentApprovals; Crm.DeliveryFiles; Crm.Distraints; Crm.DrawCodes; Crm.ETesisTerkinIntegrations; Crm.Files; Crm.Guarantors; Crm.InvoiceLogoLogs; Crm.Mortgages; Crm.NotaryLists; Crm.PosPayments; Crm.PremiumContracts; Crm.RepContracts; Crm.RepPointLogs; Crm.SmsLogs; Crm.SustainabilityReports,
katilim.crm,Crm,Contracts,GuaranteedBillGiven,bit,Evet,,Hayir,,Crm.Activities; Crm.BankLogs; Crm.ContractLeavingLogs; Crm.ContractLeavings; Crm.ContractRevisions; Crm.DataAnalysisLogs; Crm.Deliveries; Crm.DeliveryCalls; Crm.DeliveryDocumentApprovals; Crm.DeliveryFiles; Crm.Distraints; Crm.DrawCodes; Crm.ETesisTerkinIntegrations; Crm.Files; Crm.Guarantors; Crm.InvoiceLogoLogs; Crm.Mortgages; Crm.NotaryLists; Crm.PosPayments; Crm.PremiumContracts; Crm.RepContracts; Crm.RepPointLogs; Crm.SmsLogs; Crm.SustainabilityReports,
katilim.crm,Crm,Contracts,GuaranteedBillReceived,bit,Evet,,Hayir,,Crm.Activities; Crm.BankLogs; Crm.ContractLeavingLogs; Crm.ContractLeavings; Crm.ContractRevisions; Crm.DataAnalysisLogs; Crm.Deliveries; Crm.DeliveryCalls; Crm.DeliveryDocumentApprovals; Crm.DeliveryFiles; Crm.Distraints; Crm.DrawCodes; Crm.ETesisTerkinIntegrations; Crm.Files; Crm.Guarantors; Crm.InvoiceLogoLogs; Crm.Mortgages; Crm.NotaryLists; Crm.PosPayments; Crm.PremiumContracts; Crm.RepContracts; Crm.RepPointLogs; Crm.SmsLogs; Crm.SustainabilityReports,
katilim.crm,Crm,Contracts,LoadedBill,nvarchar(150),Evet,,Hayir,,Crm.Activities; Crm.BankLogs; Crm.ContractLeavingLogs; Crm.ContractLeavings; Crm.ContractRevisions; Crm.DataAnalysisLogs; Crm.Deliveries; Crm.DeliveryCalls; Crm.DeliveryDocumentApprovals; Crm.DeliveryFiles; Crm.Distraints; Crm.DrawCodes; Crm.ETesisTerkinIntegrations; Crm.Files; Crm.Guarantors; Crm.InvoiceLogoLogs; Crm.Mortgages; Crm.NotaryLists; Crm.PosPayments; Crm.PremiumContracts; Crm.RepContracts; Crm.RepPointLogs; Crm.SmsLogs; Crm.SustainabilityReports,
katilim.crm,Crm,Contracts,GuaranteedBillAmount,"decimal(18,2)",Evet,,Hayir,,Crm.Activities; Crm.BankLogs; Crm.ContractLeavingLogs; Crm.ContractLeavings; Crm.ContractRevisions; Crm.DataAnalysisLogs; Crm.Deliveries; Crm.DeliveryCalls; Crm.DeliveryDocumentApprovals; Crm.DeliveryFiles; Crm.Distraints; Crm.DrawCodes; Crm.ETesisTerkinIntegrations; Crm.Files; Crm.Guarantors; Crm.InvoiceLogoLogs; Crm.Mortgages; Crm.NotaryLists; Crm.PosPayments; Crm.PremiumContracts; Crm.RepContracts; Crm.RepPointLogs; Crm.SmsLogs; Crm.SustainabilityReports,
katilim.crm,Crm,Contracts,ServiceRateWithOutCashPrice,"decimal(18,2)",Evet,,Hayir,,Crm.Activities; Crm.BankLogs; Crm.ContractLeavingLogs; Crm.ContractLeavings; Crm.ContractRevisions; Crm.DataAnalysisLogs; Crm.Deliveries; Crm.DeliveryCalls; Crm.DeliveryDocumentApprovals; Crm.DeliveryFiles; Crm.Distraints; Crm.DrawCodes; Crm.ETesisTerkinIntegrations; Crm.Files; Crm.Guarantors; Crm.InvoiceLogoLogs; Crm.Mortgages; Crm.NotaryLists; Crm.PosPayments; Crm.PremiumContracts; Crm.RepContracts; Crm.RepPointLogs; Crm.SmsLogs; Crm.SustainabilityReports,
katilim.crm,Crm,Contracts,CustomerTaxNo,nvarchar(10),Evet,,Hayir,,Crm.Activities; Crm.BankLogs; Crm.ContractLeavingLogs; Crm.ContractLeavings; Crm.ContractRevisions; Crm.DataAnalysisLogs; Crm.Deliveries; Crm.DeliveryCalls; Crm.DeliveryDocumentApprovals; Crm.DeliveryFiles; Crm.Distraints; Crm.DrawCodes; Crm.ETesisTerkinIntegrations; Crm.Files; Crm.Guarantors; Crm.InvoiceLogoLogs; Crm.Mortgages; Crm.NotaryLists; Crm.PosPayments; Crm.PremiumContracts; Crm.RepContracts; Crm.RepPointLogs; Crm.SmsLogs; Crm.SustainabilityReports,
katilim.crm,Crm,Contracts,TaxNo,varchar(10),Evet,,Hayir,,Crm.Activities; Crm.BankLogs; Crm.ContractLeavingLogs; Crm.ContractLeavings; Crm.ContractRevisions; Crm.DataAnalysisLogs; Crm.Deliveries; Crm.DeliveryCalls; Crm.DeliveryDocumentApprovals; Crm.DeliveryFiles; Crm.Distraints; Crm.DrawCodes; Crm.ETesisTerkinIntegrations; Crm.Files; Crm.Guarantors; Crm.InvoiceLogoLogs; Crm.Mortgages; Crm.NotaryLists; Crm.PosPayments; Crm.PremiumContracts; Crm.RepContracts; Crm.RepPointLogs; Crm.SmsLogs; Crm.SustainabilityReports,
katilim.crm,Crm,Contracts,CustomerTaxOffice,varchar(100),Evet,,Hayir,,Crm.Activities; Crm.BankLogs; Crm.ContractLeavingLogs; Crm.ContractLeavings; Crm.ContractRevisions; Crm.DataAnalysisLogs; Crm.Deliveries; Crm.DeliveryCalls; Crm.DeliveryDocumentApprovals; Crm.DeliveryFiles; Crm.Distraints; Crm.DrawCodes; Crm.ETesisTerkinIntegrations; Crm.Files; Crm.Guarantors; Crm.InvoiceLogoLogs; Crm.Mortgages; Crm.NotaryLists; Crm.PosPayments; Crm.PremiumContracts; Crm.RepContracts; Crm.RepPointLogs; Crm.SmsLogs; Crm.SustainabilityReports,
katilim.crm,Crm,Contracts,OffsetContractUid,uniqueidentifier,Evet,,Hayir,,Crm.Activities; Crm.BankLogs; Crm.ContractLeavingLogs; Crm.ContractLeavings; Crm.ContractRevisions; Crm.DataAnalysisLogs; Crm.Deliveries; Crm.DeliveryCalls; Crm.DeliveryDocumentApprovals; Crm.DeliveryFiles; Crm.Distraints; Crm.DrawCodes; Crm.ETesisTerkinIntegrations; Crm.Files; Crm.Guarantors; Crm.InvoiceLogoLogs; Crm.Mortgages; Crm.NotaryLists; Crm.PosPayments; Crm.PremiumContracts; Crm.RepContracts; Crm.RepPointLogs; Crm.SmsLogs; Crm.SustainabilityReports,
katilim.crm,Crm,Contracts,OffsetGiroProductPrice,"decimal(18,2)",Evet,,Hayir,,Crm.Activities; Crm.BankLogs; Crm.ContractLeavingLogs; Crm.ContractLeavings; Crm.ContractRevisions; Crm.DataAnalysisLogs; Crm.Deliveries; Crm.DeliveryCalls; Crm.DeliveryDocumentApprovals; Crm.DeliveryFiles; Crm.Distraints; Crm.DrawCodes; Crm.ETesisTerkinIntegrations; Crm.Files; Crm.Guarantors; Crm.InvoiceLogoLogs; Crm.Mortgages; Crm.NotaryLists; Crm.PosPayments; Crm.PremiumContracts; Crm.RepContracts; Crm.RepPointLogs; Crm.SmsLogs; Crm.SustainabilityReports,
katilim.crm,Crm,Contracts,OffsetGiroServicePrice,"decimal(18,2)",Evet,,Hayir,,Crm.Activities; Crm.BankLogs; Crm.ContractLeavingLogs; Crm.ContractLeavings; Crm.ContractRevisions; Crm.DataAnalysisLogs; Crm.Deliveries; Crm.DeliveryCalls; Crm.DeliveryDocumentApprovals; Crm.DeliveryFiles; Crm.Distraints; Crm.DrawCodes; Crm.ETesisTerkinIntegrations; Crm.Files; Crm.Guarantors; Crm.InvoiceLogoLogs; Crm.Mortgages; Crm.NotaryLists; Crm.PosPayments; Crm.PremiumContracts; Crm.RepContracts; Crm.RepPointLogs; Crm.SmsLogs; Crm.SustainabilityReports,
katilim.crm,Crm,Contracts,OffsetContractOffsetLogUid,uniqueidentifier,Evet,,Hayir,,Crm.Activities; Crm.BankLogs; Crm.ContractLeavingLogs; Crm.ContractLeavings; Crm.ContractRevisions; Crm.DataAnalysisLogs; Crm.Deliveries; Crm.DeliveryCalls; Crm.DeliveryDocumentApprovals; Crm.DeliveryFiles; Crm.Distraints; Crm.DrawCodes; Crm.ETesisTerkinIntegrations; Crm.Files; Crm.Guarantors; Crm.InvoiceLogoLogs; Crm.Mortgages; Crm.NotaryLists; Crm.PosPayments; Crm.PremiumContracts; Crm.RepContracts; Crm.RepPointLogs; Crm.SmsLogs; Crm.SustainabilityReports,
katilim.crm,Crm,Contracts,NewContractOffsetLogUid,uniqueidentifier,Evet,,Hayir,,Crm.Activities; Crm.BankLogs; Crm.ContractLeavingLogs; Crm.ContractLeavings; Crm.ContractRevisions; Crm.DataAnalysisLogs; Crm.Deliveries; Crm.DeliveryCalls; Crm.DeliveryDocumentApprovals; Crm.DeliveryFiles; Crm.Distraints; Crm.DrawCodes; Crm.ETesisTerkinIntegrations; Crm.Files; Crm.Guarantors; Crm.InvoiceLogoLogs; Crm.Mortgages; Crm.NotaryLists; Crm.PosPayments; Crm.PremiumContracts; Crm.RepContracts; Crm.RepPointLogs; Crm.SmsLogs; Crm.SustainabilityReports,
katilim.crm,Crm,Contracts,CancellationDate,datetime2(7),Evet,,Hayir,,Crm.Activities; Crm.BankLogs; Crm.ContractLeavingLogs; Crm.ContractLeavings; Crm.ContractRevisions; Crm.DataAnalysisLogs; Crm.Deliveries; Crm.DeliveryCalls; Crm.DeliveryDocumentApprovals; Crm.DeliveryFiles; Crm.Distraints; Crm.DrawCodes; Crm.ETesisTerkinIntegrations; Crm.Files; Crm.Guarantors; Crm.InvoiceLogoLogs; Crm.Mortgages; Crm.NotaryLists; Crm.PosPayments; Crm.PremiumContracts; Crm.RepContracts; Crm.RepPointLogs; Crm.SmsLogs; Crm.SustainabilityReports,
katilim.crm,Crm,Contracts,DidBillsCome,bit,Evet,((0)),Hayir,,Crm.Activities; Crm.BankLogs; Crm.ContractLeavingLogs; Crm.ContractLeavings; Crm.ContractRevisions; Crm.DataAnalysisLogs; Crm.Deliveries; Crm.DeliveryCalls; Crm.DeliveryDocumentApprovals; Crm.DeliveryFiles; Crm.Distraints; Crm.DrawCodes; Crm.ETesisTerkinIntegrations; Crm.Files; Crm.Guarantors; Crm.InvoiceLogoLogs; Crm.Mortgages; Crm.NotaryLists; Crm.PosPayments; Crm.PremiumContracts; Crm.RepContracts; Crm.RepPointLogs; Crm.SmsLogs; Crm.SustainabilityReports,
katilim.crm,Crm,Contracts,ReturnDescription,varchar(100),Evet,,Hayir,,Crm.Activities; Crm.BankLogs; Crm.ContractLeavingLogs; Crm.ContractLeavings; Crm.ContractRevisions; Crm.DataAnalysisLogs; Crm.Deliveries; Crm.DeliveryCalls; Crm.DeliveryDocumentApprovals; Crm.DeliveryFiles; Crm.Distraints; Crm.DrawCodes; Crm.ETesisTerkinIntegrations; Crm.Files; Crm.Guarantors; Crm.InvoiceLogoLogs; Crm.Mortgages; Crm.NotaryLists; Crm.PosPayments; Crm.PremiumContracts; Crm.RepContracts; Crm.RepPointLogs; Crm.SmsLogs; Crm.SustainabilityReports,
katilim.crm,Crm,Contracts,ReturnType,varchar(5),Evet,,Hayir,,Crm.Activities; Crm.BankLogs; Crm.ContractLeavingLogs; Crm.ContractLeavings; Crm.ContractRevisions; Crm.DataAnalysisLogs; Crm.Deliveries; Crm.DeliveryCalls; Crm.DeliveryDocumentApprovals; Crm.DeliveryFiles; Crm.Distraints; Crm.DrawCodes; Crm.ETesisTerkinIntegrations; Crm.Files; Crm.Guarantors; Crm.InvoiceLogoLogs; Crm.Mortgages; Crm.NotaryLists; Crm.PosPayments; Crm.PremiumContracts; Crm.RepContracts; Crm.RepPointLogs; Crm.SmsLogs; Crm.SustainabilityReports,
katilim.crm,Crm,Contracts,ReturnPetitionDate,datetime2(7),Evet,,Hayir,,Crm.Activities; Crm.BankLogs; Crm.ContractLeavingLogs; Crm.ContractLeavings; Crm.ContractRevisions; Crm.DataAnalysisLogs; Crm.Deliveries; Crm.DeliveryCalls; Crm.DeliveryDocumentApprovals; Crm.DeliveryFiles; Crm.Distraints; Crm.DrawCodes; Crm.ETesisTerkinIntegrations; Crm.Files; Crm.Guarantors; Crm.InvoiceLogoLogs; Crm.Mortgages; Crm.NotaryLists; Crm.PosPayments; Crm.PremiumContracts; Crm.RepContracts; Crm.RepPointLogs; Crm.SmsLogs; Crm.SustainabilityReports,
katilim.crm,Crm,Contracts,ReturnTransactionDate,datetime2(7),Evet,,Hayir,,Crm.Activities; Crm.BankLogs; Crm.ContractLeavingLogs; Crm.ContractLeavings; Crm.ContractRevisions; Crm.DataAnalysisLogs; Crm.Deliveries; Crm.DeliveryCalls; Crm.DeliveryDocumentApprovals; Crm.DeliveryFiles; Crm.Distraints; Crm.DrawCodes; Crm.ETesisTerkinIntegrations; Crm.Files; Crm.Guarantors; Crm.InvoiceLogoLogs; Crm.Mortgages; Crm.NotaryLists; Crm.PosPayments; Crm.PremiumContracts; Crm.RepContracts; Crm.RepPointLogs; Crm.SmsLogs; Crm.SustainabilityReports,
katilim.crm,Crm,Contracts,ReturnDate,datetime2(7),Evet,,Hayir,,Crm.Activities; Crm.BankLogs; Crm.ContractLeavingLogs; Crm.ContractLeavings; Crm.ContractRevisions; Crm.DataAnalysisLogs; Crm.Deliveries; Crm.DeliveryCalls; Crm.DeliveryDocumentApprovals; Crm.DeliveryFiles; Crm.Distraints; Crm.DrawCodes; Crm.ETesisTerkinIntegrations; Crm.Files; Crm.Guarantors; Crm.InvoiceLogoLogs; Crm.Mortgages; Crm.NotaryLists; Crm.PosPayments; Crm.PremiumContracts; Crm.RepContracts; Crm.RepPointLogs; Crm.SmsLogs; Crm.SustainabilityReports,
katilim.crm,Crm,Contracts,CarNumberPlate,varchar(50),Evet,,Hayir,,Crm.Activities; Crm.BankLogs; Crm.ContractLeavingLogs; Crm.ContractLeavings; Crm.ContractRevisions; Crm.DataAnalysisLogs; Crm.Deliveries; Crm.DeliveryCalls; Crm.DeliveryDocumentApprovals; Crm.DeliveryFiles; Crm.Distraints; Crm.DrawCodes; Crm.ETesisTerkinIntegrations; Crm.Files; Crm.Guarantors; Crm.InvoiceLogoLogs; Crm.Mortgages; Crm.NotaryLists; Crm.PosPayments; Crm.PremiumContracts; Crm.RepContracts; Crm.RepPointLogs; Crm.SmsLogs; Crm.SustainabilityReports,
katilim.crm,Crm,Contracts,ExpertiseValue,"decimal(18,2)",Evet,,Hayir,,Crm.Activities; Crm.BankLogs; Crm.ContractLeavingLogs; Crm.ContractLeavings; Crm.ContractRevisions; Crm.DataAnalysisLogs; Crm.Deliveries; Crm.DeliveryCalls; Crm.DeliveryDocumentApprovals; Crm.DeliveryFiles; Crm.Distraints; Crm.DrawCodes; Crm.ETesisTerkinIntegrations; Crm.Files; Crm.Guarantors; Crm.InvoiceLogoLogs; Crm.Mortgages; Crm.NotaryLists; Crm.PosPayments; Crm.PremiumContracts; Crm.RepContracts; Crm.RepPointLogs; Crm.SmsLogs; Crm.SustainabilityReports,
katilim.crm,Crm,Contracts,DeprivationOfRight,bit,Evet,,Hayir,,Crm.Activities; Crm.BankLogs; Crm.ContractLeavingLogs; Crm.ContractLeavings; Crm.ContractRevisions; Crm.DataAnalysisLogs; Crm.Deliveries; Crm.DeliveryCalls; Crm.DeliveryDocumentApprovals; Crm.DeliveryFiles; Crm.Distraints; Crm.DrawCodes; Crm.ETesisTerkinIntegrations; Crm.Files; Crm.Guarantors; Crm.InvoiceLogoLogs; Crm.Mortgages; Crm.NotaryLists; Crm.PosPayments; Crm.PremiumContracts; Crm.RepContracts; Crm.RepPointLogs; Crm.SmsLogs; Crm.SustainabilityReports,
katilim.crm,Crm,Contracts,BillNo,varchar(50),Evet,,Hayir,,Crm.Activities; Crm.BankLogs; Crm.ContractLeavingLogs; Crm.ContractLeavings; Crm.ContractRevisions; Crm.DataAnalysisLogs; Crm.Deliveries; Crm.DeliveryCalls; Crm.DeliveryDocumentApprovals; Crm.DeliveryFiles; Crm.Distraints; Crm.DrawCodes; Crm.ETesisTerkinIntegrations; Crm.Files; Crm.Guarantors; Crm.InvoiceLogoLogs; Crm.Mortgages; Crm.NotaryLists; Crm.PosPayments; Crm.PremiumContracts; Crm.RepContracts; Crm.RepPointLogs; Crm.SmsLogs; Crm.SustainabilityReports,
katilim.crm,Crm,Contracts,DeliveryStatus,nvarchar(10),Evet,,Hayir,,Crm.Activities; Crm.BankLogs; Crm.ContractLeavingLogs; Crm.ContractLeavings; Crm.ContractRevisions; Crm.DataAnalysisLogs; Crm.Deliveries; Crm.DeliveryCalls; Crm.DeliveryDocumentApprovals; Crm.DeliveryFiles; Crm.Distraints; Crm.DrawCodes; Crm.ETesisTerkinIntegrations; Crm.Files; Crm.Guarantors; Crm.InvoiceLogoLogs; Crm.Mortgages; Crm.NotaryLists; Crm.PosPayments; Crm.PremiumContracts; Crm.RepContracts; Crm.RepPointLogs; Crm.SmsLogs; Crm.SustainabilityReports,
katilim.crm,Crm,Contracts,DeliveryDescription,nvarchar(1000),Evet,,Hayir,,Crm.Activities; Crm.BankLogs; Crm.ContractLeavingLogs; Crm.ContractLeavings; Crm.ContractRevisions; Crm.DataAnalysisLogs; Crm.Deliveries; Crm.DeliveryCalls; Crm.DeliveryDocumentApprovals; Crm.DeliveryFiles; Crm.Distraints; Crm.DrawCodes; Crm.ETesisTerkinIntegrations; Crm.Files; Crm.Guarantors; Crm.InvoiceLogoLogs; Crm.Mortgages; Crm.NotaryLists; Crm.PosPayments; Crm.PremiumContracts; Crm.RepContracts; Crm.RepPointLogs; Crm.SmsLogs; Crm.SustainabilityReports,
katilim.crm,Crm,Contracts,DeliveryAppointmentDate,datetime2(7),Evet,,Hayir,,Crm.Activities; Crm.BankLogs; Crm.ContractLeavingLogs; Crm.ContractLeavings; Crm.ContractRevisions; Crm.DataAnalysisLogs; Crm.Deliveries; Crm.DeliveryCalls; Crm.DeliveryDocumentApprovals; Crm.DeliveryFiles; Crm.Distraints; Crm.DrawCodes; Crm.ETesisTerkinIntegrations; Crm.Files; Crm.Guarantors; Crm.InvoiceLogoLogs; Crm.Mortgages; Crm.NotaryLists; Crm.PosPayments; Crm.PremiumContracts; Crm.RepContracts; Crm.RepPointLogs; Crm.SmsLogs; Crm.SustainabilityReports,
katilim.crm,Crm,Contracts,MeskenUid,uniqueidentifier,Evet,,Hayir,,Crm.Activities; Crm.BankLogs; Crm.ContractLeavingLogs; Crm.ContractLeavings; Crm.ContractRevisions; Crm.DataAnalysisLogs; Crm.Deliveries; Crm.DeliveryCalls; Crm.DeliveryDocumentApprovals; Crm.DeliveryFiles; Crm.Distraints; Crm.DrawCodes; Crm.ETesisTerkinIntegrations; Crm.Files; Crm.Guarantors; Crm.InvoiceLogoLogs; Crm.Mortgages; Crm.NotaryLists; Crm.PosPayments; Crm.PremiumContracts; Crm.RepContracts; Crm.RepPointLogs; Crm.SmsLogs; Crm.SustainabilityReports,
katilim.crm,Crm,Contracts,MeskenContractNo,varchar(50),Evet,,Hayir,,Crm.Activities; Crm.BankLogs; Crm.ContractLeavingLogs; Crm.ContractLeavings; Crm.ContractRevisions; Crm.DataAnalysisLogs; Crm.Deliveries; Crm.DeliveryCalls; Crm.DeliveryDocumentApprovals; Crm.DeliveryFiles; Crm.Distraints; Crm.DrawCodes; Crm.ETesisTerkinIntegrations; Crm.Files; Crm.Guarantors; Crm.InvoiceLogoLogs; Crm.Mortgages; Crm.NotaryLists; Crm.PosPayments; Crm.PremiumContracts; Crm.RepContracts; Crm.RepPointLogs; Crm.SmsLogs; Crm.SustainabilityReports,
katilim.crm,Crm,Contracts,FirstProductPrice,"decimal(18,2)",Evet,,Hayir,,Crm.Activities; Crm.BankLogs; Crm.ContractLeavingLogs; Crm.ContractLeavings; Crm.ContractRevisions; Crm.DataAnalysisLogs; Crm.Deliveries; Crm.DeliveryCalls; Crm.DeliveryDocumentApprovals; Crm.DeliveryFiles; Crm.Distraints; Crm.DrawCodes; Crm.ETesisTerkinIntegrations; Crm.Files; Crm.Guarantors; Crm.InvoiceLogoLogs; Crm.Mortgages; Crm.NotaryLists; Crm.PosPayments; Crm.PremiumContracts; Crm.RepContracts; Crm.RepPointLogs; Crm.SmsLogs; Crm.SustainabilityReports,
katilim.crm,Crm,Contracts,InflationIncreaseCount,int,Evet,,Hayir,,Crm.Activities; Crm.BankLogs; Crm.ContractLeavingLogs; Crm.ContractLeavings; Crm.ContractRevisions; Crm.DataAnalysisLogs; Crm.Deliveries; Crm.DeliveryCalls; Crm.DeliveryDocumentApprovals; Crm.DeliveryFiles; Crm.Distraints; Crm.DrawCodes; Crm.ETesisTerkinIntegrations; Crm.Files; Crm.Guarantors; Crm.InvoiceLogoLogs; Crm.Mortgages; Crm.NotaryLists; Crm.PosPayments; Crm.PremiumContracts; Crm.RepContracts; Crm.RepPointLogs; Crm.SmsLogs; Crm.SustainabilityReports,
katilim.crm,Crm,Contracts,LegalPursuit,bit,Evet,,Hayir,,Crm.Activities; Crm.BankLogs; Crm.ContractLeavingLogs; Crm.ContractLeavings; Crm.ContractRevisions; Crm.DataAnalysisLogs; Crm.Deliveries; Crm.DeliveryCalls; Crm.DeliveryDocumentApprovals; Crm.DeliveryFiles; Crm.Distraints; Crm.DrawCodes; Crm.ETesisTerkinIntegrations; Crm.Files; Crm.Guarantors; Crm.InvoiceLogoLogs; Crm.Mortgages; Crm.NotaryLists; Crm.PosPayments; Crm.PremiumContracts; Crm.RepContracts; Crm.RepPointLogs; Crm.SmsLogs; Crm.SustainabilityReports,
katilim.crm,Crm,Contracts,ReturnComplete,bit,Evet,,Hayir,,Crm.Activities; Crm.BankLogs; Crm.ContractLeavingLogs; Crm.ContractLeavings; Crm.ContractRevisions; Crm.DataAnalysisLogs; Crm.Deliveries; Crm.DeliveryCalls; Crm.DeliveryDocumentApprovals; Crm.DeliveryFiles; Crm.Distraints; Crm.DrawCodes; Crm.ETesisTerkinIntegrations; Crm.Files; Crm.Guarantors; Crm.InvoiceLogoLogs; Crm.Mortgages; Crm.NotaryLists; Crm.PosPayments; Crm.PremiumContracts; Crm.RepContracts; Crm.RepPointLogs; Crm.SmsLogs; Crm.SustainabilityReports,
katilim.crm,Crm,Contracts,OffsetDelayingDeliveryMonth,int,Evet,,Hayir,,Crm.Activities; Crm.BankLogs; Crm.ContractLeavingLogs; Crm.ContractLeavings; Crm.ContractRevisions; Crm.DataAnalysisLogs; Crm.Deliveries; Crm.DeliveryCalls; Crm.DeliveryDocumentApprovals; Crm.DeliveryFiles; Crm.Distraints; Crm.DrawCodes; Crm.ETesisTerkinIntegrations; Crm.Files; Crm.Guarantors; Crm.InvoiceLogoLogs; Crm.Mortgages; Crm.NotaryLists; Crm.PosPayments; Crm.PremiumContracts; Crm.RepContracts; Crm.RepPointLogs; Crm.SmsLogs; Crm.SustainabilityReports,
katilim.crm,Crm,Contracts,TransferDelayingDeliveryMonth,int,Evet,,Hayir,,Crm.Activities; Crm.BankLogs; Crm.ContractLeavingLogs; Crm.ContractLeavings; Crm.ContractRevisions; Crm.DataAnalysisLogs; Crm.Deliveries; Crm.DeliveryCalls; Crm.DeliveryDocumentApprovals; Crm.DeliveryFiles; Crm.Distraints; Crm.DrawCodes; Crm.ETesisTerkinIntegrations; Crm.Files; Crm.Guarantors; Crm.InvoiceLogoLogs; Crm.Mortgages; Crm.NotaryLists; Crm.PosPayments; Crm.PremiumContracts; Crm.RepContracts; Crm.RepPointLogs; Crm.SmsLogs; Crm.SustainabilityReports,
katilim.crm,Crm,Contracts,ProductModel,char(3),Evet,,Hayir,,Crm.Activities; Crm.BankLogs; Crm.ContractLeavingLogs; Crm.ContractLeavings; Crm.ContractRevisions; Crm.DataAnalysisLogs; Crm.Deliveries; Crm.DeliveryCalls; Crm.DeliveryDocumentApprovals; Crm.DeliveryFiles; Crm.Distraints; Crm.DrawCodes; Crm.ETesisTerkinIntegrations; Crm.Files; Crm.Guarantors; Crm.InvoiceLogoLogs; Crm.Mortgages; Crm.NotaryLists; Crm.PosPayments; Crm.PremiumContracts; Crm.RepContracts; Crm.RepPointLogs; Crm.SmsLogs; Crm.SustainabilityReports,
katilim.crm,Crm,Contracts,InterimPrice,"decimal(18,2)",Evet,,Hayir,,Crm.Activities; Crm.BankLogs; Crm.ContractLeavingLogs; Crm.ContractLeavings; Crm.ContractRevisions; Crm.DataAnalysisLogs; Crm.Deliveries; Crm.DeliveryCalls; Crm.DeliveryDocumentApprovals; Crm.DeliveryFiles; Crm.Distraints; Crm.DrawCodes; Crm.ETesisTerkinIntegrations; Crm.Files; Crm.Guarantors; Crm.InvoiceLogoLogs; Crm.Mortgages; Crm.NotaryLists; Crm.PosPayments; Crm.PremiumContracts; Crm.RepContracts; Crm.RepPointLogs; Crm.SmsLogs; Crm.SustainabilityReports,
katilim.crm,Crm,Contracts,InterimPricePaid,"decimal(18,2)",Evet,,Hayir,,Crm.Activities; Crm.BankLogs; Crm.ContractLeavingLogs; Crm.ContractLeavings; Crm.ContractRevisions; Crm.DataAnalysisLogs; Crm.Deliveries; Crm.DeliveryCalls; Crm.DeliveryDocumentApprovals; Crm.DeliveryFiles; Crm.Distraints; Crm.DrawCodes; Crm.ETesisTerkinIntegrations; Crm.Files; Crm.Guarantors; Crm.InvoiceLogoLogs; Crm.Mortgages; Crm.NotaryLists; Crm.PosPayments; Crm.PremiumContracts; Crm.RepContracts; Crm.RepPointLogs; Crm.SmsLogs; Crm.SustainabilityReports,
katilim.crm,Crm,Contracts,CustomerPhone,varchar(50),Evet,,Hayir,,Crm.Activities; Crm.BankLogs; Crm.ContractLeavingLogs; Crm.ContractLeavings; Crm.ContractRevisions; Crm.DataAnalysisLogs; Crm.Deliveries; Crm.DeliveryCalls; Crm.DeliveryDocumentApprovals; Crm.DeliveryFiles; Crm.Distraints; Crm.DrawCodes; Crm.ETesisTerkinIntegrations; Crm.Files; Crm.Guarantors; Crm.InvoiceLogoLogs; Crm.Mortgages; Crm.NotaryLists; Crm.PosPayments; Crm.PremiumContracts; Crm.RepContracts; Crm.RepPointLogs; Crm.SmsLogs; Crm.SustainabilityReports,
katilim.crm,Crm,Contracts,SubStatus,smallint,Evet,,Hayir,,Crm.Activities; Crm.BankLogs; Crm.ContractLeavingLogs; Crm.ContractLeavings; Crm.ContractRevisions; Crm.DataAnalysisLogs; Crm.Deliveries; Crm.DeliveryCalls; Crm.DeliveryDocumentApprovals; Crm.DeliveryFiles; Crm.Distraints; Crm.DrawCodes; Crm.ETesisTerkinIntegrations; Crm.Files; Crm.Guarantors; Crm.InvoiceLogoLogs; Crm.Mortgages; Crm.NotaryLists; Crm.PosPayments; Crm.PremiumContracts; Crm.RepContracts; Crm.RepPointLogs; Crm.SmsLogs; Crm.SustainabilityReports,
katilim.crm,Crm,Contracts,DepositDate,datetime2(7),Evet,,Hayir,,Crm.Activities; Crm.BankLogs; Crm.ContractLeavingLogs; Crm.ContractLeavings; Crm.ContractRevisions; Crm.DataAnalysisLogs; Crm.Deliveries; Crm.DeliveryCalls; Crm.DeliveryDocumentApprovals; Crm.DeliveryFiles; Crm.Distraints; Crm.DrawCodes; Crm.ETesisTerkinIntegrations; Crm.Files; Crm.Guarantors; Crm.InvoiceLogoLogs; Crm.Mortgages; Crm.NotaryLists; Crm.PosPayments; Crm.PremiumContracts; Crm.RepContracts; Crm.RepPointLogs; Crm.SmsLogs; Crm.SustainabilityReports,
katilim.crm,Crm,Contracts,DeliveredProductType,nvarchar(50),Evet,,Hayir,,Crm.Activities; Crm.BankLogs; Crm.ContractLeavingLogs; Crm.ContractLeavings; Crm.ContractRevisions; Crm.DataAnalysisLogs; Crm.Deliveries; Crm.DeliveryCalls; Crm.DeliveryDocumentApprovals; Crm.DeliveryFiles; Crm.Distraints; Crm.DrawCodes; Crm.ETesisTerkinIntegrations; Crm.Files; Crm.Guarantors; Crm.InvoiceLogoLogs; Crm.Mortgages; Crm.NotaryLists; Crm.PosPayments; Crm.PremiumContracts; Crm.RepContracts; Crm.RepPointLogs; Crm.SmsLogs; Crm.SustainabilityReports,
katilim.crm,Crm,Contracts,ContractLeavingUid,uniqueidentifier,Evet,,Hayir,,Crm.Activities; Crm.BankLogs; Crm.ContractLeavingLogs; Crm.ContractLeavings; Crm.ContractRevisions; Crm.DataAnalysisLogs; Crm.Deliveries; Crm.DeliveryCalls; Crm.DeliveryDocumentApprovals; Crm.DeliveryFiles; Crm.Distraints; Crm.DrawCodes; Crm.ETesisTerkinIntegrations; Crm.Files; Crm.Guarantors; Crm.InvoiceLogoLogs; Crm.Mortgages; Crm.NotaryLists; Crm.PosPayments; Crm.PremiumContracts; Crm.RepContracts; Crm.RepPointLogs; Crm.SmsLogs; Crm.SustainabilityReports,
katilim.crm,Crm,Contracts,StatusReasonType,varchar(5),Evet,,Hayir,,Crm.Activities; Crm.BankLogs; Crm.ContractLeavingLogs; Crm.ContractLeavings; Crm.ContractRevisions; Crm.DataAnalysisLogs; Crm.Deliveries; Crm.DeliveryCalls; Crm.DeliveryDocumentApprovals; Crm.DeliveryFiles; Crm.Distraints; Crm.DrawCodes; Crm.ETesisTerkinIntegrations; Crm.Files; Crm.Guarantors; Crm.InvoiceLogoLogs; Crm.Mortgages; Crm.NotaryLists; Crm.PosPayments; Crm.PremiumContracts; Crm.RepContracts; Crm.RepPointLogs; Crm.SmsLogs; Crm.SustainabilityReports,
katilim.crm,Crm,Contracts,ManuelReconciliation,nvarchar(50),Evet,,Hayir,,Crm.Activities; Crm.BankLogs; Crm.ContractLeavingLogs; Crm.ContractLeavings; Crm.ContractRevisions; Crm.DataAnalysisLogs; Crm.Deliveries; Crm.DeliveryCalls; Crm.DeliveryDocumentApprovals; Crm.DeliveryFiles; Crm.Distraints; Crm.DrawCodes; Crm.ETesisTerkinIntegrations; Crm.Files; Crm.Guarantors; Crm.InvoiceLogoLogs; Crm.Mortgages; Crm.NotaryLists; Crm.PosPayments; Crm.PremiumContracts; Crm.RepContracts; Crm.RepPointLogs; Crm.SmsLogs; Crm.SustainabilityReports,
katilim.crm,Crm,Contracts,InsuranceDeductedDeliveryPrice,"decimal(18,2)",Evet,,Hayir,,Crm.Activities; Crm.BankLogs; Crm.ContractLeavingLogs; Crm.ContractLeavings; Crm.ContractRevisions; Crm.DataAnalysisLogs; Crm.Deliveries; Crm.DeliveryCalls; Crm.DeliveryDocumentApprovals; Crm.DeliveryFiles; Crm.Distraints; Crm.DrawCodes; Crm.ETesisTerkinIntegrations; Crm.Files; Crm.Guarantors; Crm.InvoiceLogoLogs; Crm.Mortgages; Crm.NotaryLists; Crm.PosPayments; Crm.PremiumContracts; Crm.RepContracts; Crm.RepPointLogs; Crm.SmsLogs; Crm.SustainabilityReports,
katilim.crm,Crm,Contracts,DidPledgeAgreementCome,bit,Hayir,((0)),Hayir,,Crm.Activities; Crm.BankLogs; Crm.ContractLeavingLogs; Crm.ContractLeavings; Crm.ContractRevisions; Crm.DataAnalysisLogs; Crm.Deliveries; Crm.DeliveryCalls; Crm.DeliveryDocumentApprovals; Crm.DeliveryFiles; Crm.Distraints; Crm.DrawCodes; Crm.ETesisTerkinIntegrations; Crm.Files; Crm.Guarantors; Crm.InvoiceLogoLogs; Crm.Mortgages; Crm.NotaryLists; Crm.PosPayments; Crm.PremiumContracts; Crm.RepContracts; Crm.RepPointLogs; Crm.SmsLogs; Crm.SustainabilityReports,
katilim.crm,Crm,Contracts,HasVPInstallment,bit,Evet,((0)),Hayir,,Crm.Activities; Crm.BankLogs; Crm.ContractLeavingLogs; Crm.ContractLeavings; Crm.ContractRevisions; Crm.DataAnalysisLogs; Crm.Deliveries; Crm.DeliveryCalls; Crm.DeliveryDocumentApprovals; Crm.DeliveryFiles; Crm.Distraints; Crm.DrawCodes; Crm.ETesisTerkinIntegrations; Crm.Files; Crm.Guarantors; Crm.InvoiceLogoLogs; Crm.Mortgages; Crm.NotaryLists; Crm.PosPayments; Crm.PremiumContracts; Crm.RepContracts; Crm.RepPointLogs; Crm.SmsLogs; Crm.SustainabilityReports,
katilim.crm,Crm,Contracts,CanPayServicePriceInstbyVP,bit,Evet,((0)),Hayir,,Crm.Activities; Crm.BankLogs; Crm.ContractLeavingLogs; Crm.ContractLeavings; Crm.ContractRevisions; Crm.DataAnalysisLogs; Crm.Deliveries; Crm.DeliveryCalls; Crm.DeliveryDocumentApprovals; Crm.DeliveryFiles; Crm.Distraints; Crm.DrawCodes; Crm.ETesisTerkinIntegrations; Crm.Files; Crm.Guarantors; Crm.InvoiceLogoLogs; Crm.Mortgages; Crm.NotaryLists; Crm.PosPayments; Crm.PremiumContracts; Crm.RepContracts; Crm.RepPointLogs; Crm.SmsLogs; Crm.SustainabilityReports,
katilim.crm,Crm,Contracts,ContractProcess,smallint,Evet,,Hayir,,Crm.Activities; Crm.BankLogs; Crm.ContractLeavingLogs; Crm.ContractLeavings; Crm.ContractRevisions; Crm.DataAnalysisLogs; Crm.Deliveries; Crm.DeliveryCalls; Crm.DeliveryDocumentApprovals; Crm.DeliveryFiles; Crm.Distraints; Crm.DrawCodes; Crm.ETesisTerkinIntegrations; Crm.Files; Crm.Guarantors; Crm.InvoiceLogoLogs; Crm.Mortgages; Crm.NotaryLists; Crm.PosPayments; Crm.PremiumContracts; Crm.RepContracts; Crm.RepPointLogs; Crm.SmsLogs; Crm.SustainabilityReports,
katilim.crm,Crm,Contracts,DeliveryDocumentsDeadlineDate,datetime2(7),Evet,,Hayir,,Crm.Activities; Crm.BankLogs; Crm.ContractLeavingLogs; Crm.ContractLeavings; Crm.ContractRevisions; Crm.DataAnalysisLogs; Crm.Deliveries; Crm.DeliveryCalls; Crm.DeliveryDocumentApprovals; Crm.DeliveryFiles; Crm.Distraints; Crm.DrawCodes; Crm.ETesisTerkinIntegrations; Crm.Files; Crm.Guarantors; Crm.InvoiceLogoLogs; Crm.Mortgages; Crm.NotaryLists; Crm.PosPayments; Crm.PremiumContracts; Crm.RepContracts; Crm.RepPointLogs; Crm.SmsLogs; Crm.SustainabilityReports,
katilim.crm,Crm,Contracts,LogoTransferStatus,smallint,Hayir,((0)),Hayir,,Crm.Activities; Crm.BankLogs; Crm.ContractLeavingLogs; Crm.ContractLeavings; Crm.ContractRevisions; Crm.DataAnalysisLogs; Crm.Deliveries; Crm.DeliveryCalls; Crm.DeliveryDocumentApprovals; Crm.DeliveryFiles; Crm.Distraints; Crm.DrawCodes; Crm.ETesisTerkinIntegrations; Crm.Files; Crm.Guarantors; Crm.InvoiceLogoLogs; Crm.Mortgages; Crm.NotaryLists; Crm.PosPayments; Crm.PremiumContracts; Crm.RepContracts; Crm.RepPointLogs; Crm.SmsLogs; Crm.SustainabilityReports,
katilim.crm,Crm,Contracts,VPProductInstalmentCount,int,Evet,,Hayir,,Crm.Activities; Crm.BankLogs; Crm.ContractLeavingLogs; Crm.ContractLeavings; Crm.ContractRevisions; Crm.DataAnalysisLogs; Crm.Deliveries; Crm.DeliveryCalls; Crm.DeliveryDocumentApprovals; Crm.DeliveryFiles; Crm.Distraints; Crm.DrawCodes; Crm.ETesisTerkinIntegrations; Crm.Files; Crm.Guarantors; Crm.InvoiceLogoLogs; Crm.Mortgages; Crm.NotaryLists; Crm.PosPayments; Crm.PremiumContracts; Crm.RepContracts; Crm.RepPointLogs; Crm.SmsLogs; Crm.SustainabilityReports,
katilim.crm,Crm,Contracts,PledgeFolderNo,varchar(50),Evet,,Hayir,,Crm.Activities; Crm.BankLogs; Crm.ContractLeavingLogs; Crm.ContractLeavings; Crm.ContractRevisions; Crm.DataAnalysisLogs; Crm.Deliveries; Crm.DeliveryCalls; Crm.DeliveryDocumentApprovals; Crm.DeliveryFiles; Crm.Distraints; Crm.DrawCodes; Crm.ETesisTerkinIntegrations; Crm.Files; Crm.Guarantors; Crm.InvoiceLogoLogs; Crm.Mortgages; Crm.NotaryLists; Crm.PosPayments; Crm.PremiumContracts; Crm.RepContracts; Crm.RepPointLogs; Crm.SmsLogs; Crm.SustainabilityReports,
katilim.crm,Crm,Contracts,InsurancePaymentMethod,nvarchar(50),Evet,,Hayir,,Crm.Activities; Crm.BankLogs; Crm.ContractLeavingLogs; Crm.ContractLeavings; Crm.ContractRevisions; Crm.DataAnalysisLogs; Crm.Deliveries; Crm.DeliveryCalls; Crm.DeliveryDocumentApprovals; Crm.DeliveryFiles; Crm.Distraints; Crm.DrawCodes; Crm.ETesisTerkinIntegrations; Crm.Files; Crm.Guarantors; Crm.InvoiceLogoLogs; Crm.Mortgages; Crm.NotaryLists; Crm.PosPayments; Crm.PremiumContracts; Crm.RepContracts; Crm.RepPointLogs; Crm.SmsLogs; Crm.SustainabilityReports,
katilim.crm,Crm,Contracts,ConvertToPoint,bit,Evet,,Hayir,,Crm.Activities; Crm.BankLogs; Crm.ContractLeavingLogs; Crm.ContractLeavings; Crm.ContractRevisions; Crm.DataAnalysisLogs; Crm.Deliveries; Crm.DeliveryCalls; Crm.DeliveryDocumentApprovals; Crm.DeliveryFiles; Crm.Distraints; Crm.DrawCodes; Crm.ETesisTerkinIntegrations; Crm.Files; Crm.Guarantors; Crm.InvoiceLogoLogs; Crm.Mortgages; Crm.NotaryLists; Crm.PosPayments; Crm.PremiumContracts; Crm.RepContracts; Crm.RepPointLogs; Crm.SmsLogs; Crm.SustainabilityReports,
katilim.crm,Crm,Contracts,MortgageDocumentNo,nvarchar(50),Evet,,Hayir,,Crm.Activities; Crm.BankLogs; Crm.ContractLeavingLogs; Crm.ContractLeavings; Crm.ContractRevisions; Crm.DataAnalysisLogs; Crm.Deliveries; Crm.DeliveryCalls; Crm.DeliveryDocumentApprovals; Crm.DeliveryFiles; Crm.Distraints; Crm.DrawCodes; Crm.ETesisTerkinIntegrations; Crm.Files; Crm.Guarantors; Crm.InvoiceLogoLogs; Crm.Mortgages; Crm.NotaryLists; Crm.PosPayments; Crm.PremiumContracts; Crm.RepContracts; Crm.RepPointLogs; Crm.SmsLogs; Crm.SustainabilityReports,
katilim.crm,Crm,Contracts,MortgagesTypeUid,uniqueidentifier,Evet,,Hayir,,Crm.Activities; Crm.BankLogs; Crm.ContractLeavingLogs; Crm.ContractLeavings; Crm.ContractRevisions; Crm.DataAnalysisLogs; Crm.Deliveries; Crm.DeliveryCalls; Crm.DeliveryDocumentApprovals; Crm.DeliveryFiles; Crm.Distraints; Crm.DrawCodes; Crm.ETesisTerkinIntegrations; Crm.Files; Crm.Guarantors; Crm.InvoiceLogoLogs; Crm.Mortgages; Crm.NotaryLists; Crm.PosPayments; Crm.PremiumContracts; Crm.RepContracts; Crm.RepPointLogs; Crm.SmsLogs; Crm.SustainabilityReports,
katilim.crm,Crm,Contracts,DidMortgageAgreementCome,bigint,Evet,,Hayir,,Crm.Activities; Crm.BankLogs; Crm.ContractLeavingLogs; Crm.ContractLeavings; Crm.ContractRevisions; Crm.DataAnalysisLogs; Crm.Deliveries; Crm.DeliveryCalls; Crm.DeliveryDocumentApprovals; Crm.DeliveryFiles; Crm.Distraints; Crm.DrawCodes; Crm.ETesisTerkinIntegrations; Crm.Files; Crm.Guarantors; Crm.InvoiceLogoLogs; Crm.Mortgages; Crm.NotaryLists; Crm.PosPayments; Crm.PremiumContracts; Crm.RepContracts; Crm.RepPointLogs; Crm.SmsLogs; Crm.SustainabilityReports,
katilim.crm,Crm,Contracts,DeliveryBillsStatus,bit,Evet,((0)),Hayir,,Crm.Activities; Crm.BankLogs; Crm.ContractLeavingLogs; Crm.ContractLeavings; Crm.ContractRevisions; Crm.DataAnalysisLogs; Crm.Deliveries; Crm.DeliveryCalls; Crm.DeliveryDocumentApprovals; Crm.DeliveryFiles; Crm.Distraints; Crm.DrawCodes; Crm.ETesisTerkinIntegrations; Crm.Files; Crm.Guarantors; Crm.InvoiceLogoLogs; Crm.Mortgages; Crm.NotaryLists; Crm.PosPayments; Crm.PremiumContracts; Crm.RepContracts; Crm.RepPointLogs; Crm.SmsLogs; Crm.SustainabilityReports,
katilim.crm,Crm,Contracts,IsDigitalApproval,bit,Evet,,Hayir,,Crm.Activities; Crm.BankLogs; Crm.ContractLeavingLogs; Crm.ContractLeavings; Crm.ContractRevisions; Crm.DataAnalysisLogs; Crm.Deliveries; Crm.DeliveryCalls; Crm.DeliveryDocumentApprovals; Crm.DeliveryFiles; Crm.Distraints; Crm.DrawCodes; Crm.ETesisTerkinIntegrations; Crm.Files; Crm.Guarantors; Crm.InvoiceLogoLogs; Crm.Mortgages; Crm.NotaryLists; Crm.PosPayments; Crm.PremiumContracts; Crm.RepContracts; Crm.RepPointLogs; Crm.SmsLogs; Crm.SustainabilityReports,
katilim.crm,Crm,Contracts,SendToMobileDate,datetime2(7),Evet,,Hayir,,Crm.Activities; Crm.BankLogs; Crm.ContractLeavingLogs; Crm.ContractLeavings; Crm.ContractRevisions; Crm.DataAnalysisLogs; Crm.Deliveries; Crm.DeliveryCalls; Crm.DeliveryDocumentApprovals; Crm.DeliveryFiles; Crm.Distraints; Crm.DrawCodes; Crm.ETesisTerkinIntegrations; Crm.Files; Crm.Guarantors; Crm.InvoiceLogoLogs; Crm.Mortgages; Crm.NotaryLists; Crm.PosPayments; Crm.PremiumContracts; Crm.RepContracts; Crm.RepPointLogs; Crm.SmsLogs; Crm.SustainabilityReports,
katilim.crm,Crm,Contracts,ContractApprovalDate,datetime2(7),Evet,,Hayir,,Crm.Activities; Crm.BankLogs; Crm.ContractLeavingLogs; Crm.ContractLeavings; Crm.ContractRevisions; Crm.DataAnalysisLogs; Crm.Deliveries; Crm.DeliveryCalls; Crm.DeliveryDocumentApprovals; Crm.DeliveryFiles; Crm.Distraints; Crm.DrawCodes; Crm.ETesisTerkinIntegrations; Crm.Files; Crm.Guarantors; Crm.InvoiceLogoLogs; Crm.Mortgages; Crm.NotaryLists; Crm.PosPayments; Crm.PremiumContracts; Crm.RepContracts; Crm.RepPointLogs; Crm.SmsLogs; Crm.SustainabilityReports,
katilim.crm,Crm,Contracts,PreInformationApprovalDate,datetime2(7),Evet,,Hayir,,Crm.Activities; Crm.BankLogs; Crm.ContractLeavingLogs; Crm.ContractLeavings; Crm.ContractRevisions; Crm.DataAnalysisLogs; Crm.Deliveries; Crm.DeliveryCalls; Crm.DeliveryDocumentApprovals; Crm.DeliveryFiles; Crm.Distraints; Crm.DrawCodes; Crm.ETesisTerkinIntegrations; Crm.Files; Crm.Guarantors; Crm.InvoiceLogoLogs; Crm.Mortgages; Crm.NotaryLists; Crm.PosPayments; Crm.PremiumContracts; Crm.RepContracts; Crm.RepPointLogs; Crm.SmsLogs; Crm.SustainabilityReports,
katilim.crm,Crm,Contracts,MobileApprovalSender,uniqueidentifier,Evet,,Hayir,,Crm.Activities; Crm.BankLogs; Crm.ContractLeavingLogs; Crm.ContractLeavings; Crm.ContractRevisions; Crm.DataAnalysisLogs; Crm.Deliveries; Crm.DeliveryCalls; Crm.DeliveryDocumentApprovals; Crm.DeliveryFiles; Crm.Distraints; Crm.DrawCodes; Crm.ETesisTerkinIntegrations; Crm.Files; Crm.Guarantors; Crm.InvoiceLogoLogs; Crm.Mortgages; Crm.NotaryLists; Crm.PosPayments; Crm.PremiumContracts; Crm.RepContracts; Crm.RepPointLogs; Crm.SmsLogs; Crm.SustainabilityReports,
katilim.crm,Crm,Contracts,AuthorizationId,varchar(50),Evet,,Hayir,,Crm.Activities; Crm.BankLogs; Crm.ContractLeavingLogs; Crm.ContractLeavings; Crm.ContractRevisions; Crm.DataAnalysisLogs; Crm.Deliveries; Crm.DeliveryCalls; Crm.DeliveryDocumentApprovals; Crm.DeliveryFiles; Crm.Distraints; Crm.DrawCodes; Crm.ETesisTerkinIntegrations; Crm.Files; Crm.Guarantors; Crm.InvoiceLogoLogs; Crm.Mortgages; Crm.NotaryLists; Crm.PosPayments; Crm.PremiumContracts; Crm.RepContracts; Crm.RepPointLogs; Crm.SmsLogs; Crm.SustainabilityReports,
katilim.crm,Crm,Contracts,PersonalDataApprovalDate,datetime2(7),Evet,,Hayir,,Crm.Activities; Crm.BankLogs; Crm.ContractLeavingLogs; Crm.ContractLeavings; Crm.ContractRevisions; Crm.DataAnalysisLogs; Crm.Deliveries; Crm.DeliveryCalls; Crm.DeliveryDocumentApprovals; Crm.DeliveryFiles; Crm.Distraints; Crm.DrawCodes; Crm.ETesisTerkinIntegrations; Crm.Files; Crm.Guarantors; Crm.InvoiceLogoLogs; Crm.Mortgages; Crm.NotaryLists; Crm.PosPayments; Crm.PremiumContracts; Crm.RepContracts; Crm.RepPointLogs; Crm.SmsLogs; Crm.SustainabilityReports,
katilim.crm,Crm,Contracts,IsStartBothInstallmentAndServiceFee,bit,Hayir,((0)),Hayir,,Crm.Activities; Crm.BankLogs; Crm.ContractLeavingLogs; Crm.ContractLeavings; Crm.ContractRevisions; Crm.DataAnalysisLogs; Crm.Deliveries; Crm.DeliveryCalls; Crm.DeliveryDocumentApprovals; Crm.DeliveryFiles; Crm.Distraints; Crm.DrawCodes; Crm.ETesisTerkinIntegrations; Crm.Files; Crm.Guarantors; Crm.InvoiceLogoLogs; Crm.Mortgages; Crm.NotaryLists; Crm.PosPayments; Crm.PremiumContracts; Crm.RepContracts; Crm.RepPointLogs; Crm.SmsLogs; Crm.SustainabilityReports,
katilim.crm,Crm,Contracts,SendToDeliveryDocumentApprovalDate,datetime2(7),Evet,,Hayir,,Crm.Activities; Crm.BankLogs; Crm.ContractLeavingLogs; Crm.ContractLeavings; Crm.ContractRevisions; Crm.DataAnalysisLogs; Crm.Deliveries; Crm.DeliveryCalls; Crm.DeliveryDocumentApprovals; Crm.DeliveryFiles; Crm.Distraints; Crm.DrawCodes; Crm.ETesisTerkinIntegrations; Crm.Files; Crm.Guarantors; Crm.InvoiceLogoLogs; Crm.Mortgages; Crm.NotaryLists; Crm.PosPayments; Crm.PremiumContracts; Crm.RepContracts; Crm.RepPointLogs; Crm.SmsLogs; Crm.SustainabilityReports,
katilim.crm,Crm,Contracts,PreviousStatus,nvarchar(10),Evet,,Hayir,,Crm.Activities; Crm.BankLogs; Crm.ContractLeavingLogs; Crm.ContractLeavings; Crm.ContractRevisions; Crm.DataAnalysisLogs; Crm.Deliveries; Crm.DeliveryCalls; Crm.DeliveryDocumentApprovals; Crm.DeliveryFiles; Crm.Distraints; Crm.DrawCodes; Crm.ETesisTerkinIntegrations; Crm.Files; Crm.Guarantors; Crm.InvoiceLogoLogs; Crm.Mortgages; Crm.NotaryLists; Crm.PosPayments; Crm.PremiumContracts; Crm.RepContracts; Crm.RepPointLogs; Crm.SmsLogs; Crm.SustainabilityReports,
katilim.crm,Crm,Contracts,IsActiveDocumentIssues,bit,Hayir,((0)),Hayir,,Crm.Activities; Crm.BankLogs; Crm.ContractLeavingLogs; Crm.ContractLeavings; Crm.ContractRevisions; Crm.DataAnalysisLogs; Crm.Deliveries; Crm.DeliveryCalls; Crm.DeliveryDocumentApprovals; Crm.DeliveryFiles; Crm.Distraints; Crm.DrawCodes; Crm.ETesisTerkinIntegrations; Crm.Files; Crm.Guarantors; Crm.InvoiceLogoLogs; Crm.Mortgages; Crm.NotaryLists; Crm.PosPayments; Crm.PremiumContracts; Crm.RepContracts; Crm.RepPointLogs; Crm.SmsLogs; Crm.SustainabilityReports,
katilim.crm,Crm,Contracts,ServicePriceCreditCardPartialCashRatio,"decimal(18,2)",Evet,,Hayir,,Crm.Activities; Crm.BankLogs; Crm.ContractLeavingLogs; Crm.ContractLeavings; Crm.ContractRevisions; Crm.DataAnalysisLogs; Crm.Deliveries; Crm.DeliveryCalls; Crm.DeliveryDocumentApprovals; Crm.DeliveryFiles; Crm.Distraints; Crm.DrawCodes; Crm.ETesisTerkinIntegrations; Crm.Files; Crm.Guarantors; Crm.InvoiceLogoLogs; Crm.Mortgages; Crm.NotaryLists; Crm.PosPayments; Crm.PremiumContracts; Crm.RepContracts; Crm.RepPointLogs; Crm.SmsLogs; Crm.SustainabilityReports,
katilim.crm,Crm,Contracts,NFCResult,smallint,Evet,,Hayir,,Crm.Activities; Crm.BankLogs; Crm.ContractLeavingLogs; Crm.ContractLeavings; Crm.ContractRevisions; Crm.DataAnalysisLogs; Crm.Deliveries; Crm.DeliveryCalls; Crm.DeliveryDocumentApprovals; Crm.DeliveryFiles; Crm.Distraints; Crm.DrawCodes; Crm.ETesisTerkinIntegrations; Crm.Files; Crm.Guarantors; Crm.InvoiceLogoLogs; Crm.Mortgages; Crm.NotaryLists; Crm.PosPayments; Crm.PremiumContracts; Crm.RepContracts; Crm.RepPointLogs; Crm.SmsLogs; Crm.SustainabilityReports,
katilim.crm,Crm,Contracts,SpecialProcces,bit,Hayir,((0)),Hayir,,Crm.Activities; Crm.BankLogs; Crm.ContractLeavingLogs; Crm.ContractLeavings; Crm.ContractRevisions; Crm.DataAnalysisLogs; Crm.Deliveries; Crm.DeliveryCalls; Crm.DeliveryDocumentApprovals; Crm.DeliveryFiles; Crm.Distraints; Crm.DrawCodes; Crm.ETesisTerkinIntegrations; Crm.Files; Crm.Guarantors; Crm.InvoiceLogoLogs; Crm.Mortgages; Crm.NotaryLists; Crm.PosPayments; Crm.PremiumContracts; Crm.RepContracts; Crm.RepPointLogs; Crm.SmsLogs; Crm.SustainabilityReports,
katilim.crm,Crm,Contracts,ScheduledDateChangeType,smallint,Evet,,Hayir,,Crm.Activities; Crm.BankLogs; Crm.ContractLeavingLogs; Crm.ContractLeavings; Crm.ContractRevisions; Crm.DataAnalysisLogs; Crm.Deliveries; Crm.DeliveryCalls; Crm.DeliveryDocumentApprovals; Crm.DeliveryFiles; Crm.Distraints; Crm.DrawCodes; Crm.ETesisTerkinIntegrations; Crm.Files; Crm.Guarantors; Crm.InvoiceLogoLogs; Crm.Mortgages; Crm.NotaryLists; Crm.PosPayments; Crm.PremiumContracts; Crm.RepContracts; Crm.RepPointLogs; Crm.SmsLogs; Crm.SustainabilityReports,
katilim.crm,Crm,ContractTemplate,Uid,uniqueidentifier,Hayir,,Evet,,Crm.Products; Crm.Users,
katilim.crm,Crm,ContractTemplate,UpdatedAt,datetime2(7),Evet,,Hayir,,Crm.Products; Crm.Users,
katilim.crm,Crm,ContractTemplate,DeletedAt,datetime2(7),Evet,,Hayir,,Crm.Products; Crm.Users,
katilim.crm,Crm,ContractTemplate,CreatedAt,datetime2(7),Hayir,,Hayir,,Crm.Products; Crm.Users,
katilim.crm,Crm,ContractTemplate,CreatedBy,uniqueidentifier,Evet,,Hayir,Crm.Users.Uid,Crm.Products; Crm.Users,
katilim.crm,Crm,ContractTemplate,UpdatedBy,uniqueidentifier,Evet,,Hayir,Crm.Users.Uid,Crm.Products; Crm.Users,
katilim.crm,Crm,ContractTemplate,DeletedBy,uniqueidentifier,Evet,,Hayir,Crm.Users.Uid,Crm.Products; Crm.Users,
katilim.crm,Crm,ContractTemplate,Deleted,bit,Hayir,,Hayir,,Crm.Products; Crm.Users,
katilim.crm,Crm,ContractTemplate,ProductUid,uniqueidentifier,Evet,,Hayir,Crm.Products.Uid,Crm.Products; Crm.Users,
katilim.crm,Crm,ContractTemplate,ProductType,nvarchar(50),Evet,,Hayir,,Crm.Products; Crm.Users,
katilim.crm,Crm,ContractTemplate,Text,nvarchar(max),Evet,,Hayir,,Crm.Products; Crm.Users,
katilim.crm,Crm,ContractTemplate,ServiceType,nvarchar(50),Evet,,Hayir,,Crm.Products; Crm.Users,
katilim.crm,Crm,ContractTemplate,Name,nvarchar(100),Evet,,Hayir,,Crm.Products; Crm.Users,
katilim.crm,Crm,ContractTemplate,ProductModel,nvarchar(50),Evet,,Hayir,,Crm.Products; Crm.Users,
katilim.crm,Crm,ContractTemplate,Type,nvarchar(50),Evet,,Hayir,,Crm.Products; Crm.Users,
katilim.crm,Crm,ContractTemplateVariables,Uid,uniqueidentifier,Hayir,,Evet,,Crm.Users,
katilim.crm,Crm,ContractTemplateVariables,UpdatedAt,datetime2(7),Evet,,Hayir,,Crm.Users,
katilim.crm,Crm,ContractTemplateVariables,DeletedAt,datetime2(7),Evet,,Hayir,,Crm.Users,
katilim.crm,Crm,ContractTemplateVariables,CreatedAt,datetime2(7),Hayir,,Hayir,,Crm.Users,
katilim.crm,Crm,ContractTemplateVariables,CreatedBy,uniqueidentifier,Evet,,Hayir,Crm.Users.Uid,Crm.Users,
katilim.crm,Crm,ContractTemplateVariables,UpdatedBy,uniqueidentifier,Evet,,Hayir,,Crm.Users,
katilim.crm,Crm,ContractTemplateVariables,DeletedBy,uniqueidentifier,Evet,,Hayir,Crm.Users.Uid,Crm.Users,
katilim.crm,Crm,ContractTemplateVariables,Deleted,bit,Hayir,,Hayir,,Crm.Users,
katilim.crm,Crm,ContractTemplateVariables,Key,nvarchar(50),Evet,,Hayir,,Crm.Users,
katilim.crm,Crm,ContractTemplateVariables,Name,nvarchar(100),Evet,,Hayir,,Crm.Users,
katilim.crm,Crm,CostForms,Uid,uniqueidentifier,Hayir,,Evet,,Crm.CostItems; Crm.CostTypes; Crm.Users,
katilim.crm,Crm,CostForms,UpdatedAt,datetime2(7),Evet,,Hayir,,Crm.CostItems; Crm.CostTypes; Crm.Users,
katilim.crm,Crm,CostForms,DeletedAt,datetime2(7),Evet,,Hayir,,Crm.CostItems; Crm.CostTypes; Crm.Users,
katilim.crm,Crm,CostForms,CreatedAt,datetime2(7),Hayir,,Hayir,,Crm.CostItems; Crm.CostTypes; Crm.Users,
katilim.crm,Crm,CostForms,CreatedBy,uniqueidentifier,Evet,,Hayir,Crm.Users.Uid,Crm.CostItems; Crm.CostTypes; Crm.Users,
katilim.crm,Crm,CostForms,UpdatedBy,uniqueidentifier,Evet,,Hayir,Crm.Users.Uid,Crm.CostItems; Crm.CostTypes; Crm.Users,
katilim.crm,Crm,CostForms,DeletedBy,uniqueidentifier,Evet,,Hayir,Crm.Users.Uid,Crm.CostItems; Crm.CostTypes; Crm.Users,
katilim.crm,Crm,CostForms,Deleted,bit,Hayir,,Hayir,,Crm.CostItems; Crm.CostTypes; Crm.Users,
katilim.crm,Crm,CostForms,CostDate,datetime2(7),Hayir,,Hayir,,Crm.CostItems; Crm.CostTypes; Crm.Users,
katilim.crm,Crm,CostForms,TotalPrice,"decimal(18,2)",Hayir,,Hayir,,Crm.CostItems; Crm.CostTypes; Crm.Users,
katilim.crm,Crm,CostForms,PaidDate,datetime2(7),Evet,,Hayir,,Crm.CostItems; Crm.CostTypes; Crm.Users,
katilim.crm,Crm,CostForms,IsTransfer,bit,Hayir,,Hayir,,Crm.CostItems; Crm.CostTypes; Crm.Users,
katilim.crm,Crm,CostForms,Confirm,bit,Hayir,,Hayir,,Crm.CostItems; Crm.CostTypes; Crm.Users,
katilim.crm,Crm,CostForms,File,nvarchar(100),Evet,,Hayir,,Crm.CostItems; Crm.CostTypes; Crm.Users,
katilim.crm,Crm,CostForms,OwnerUid,uniqueidentifier,Hayir,,Hayir,Crm.Users.Uid,Crm.CostItems; Crm.CostTypes; Crm.Users,
katilim.crm,Crm,CostForms,CostTypeUid,uniqueidentifier,Evet,,Hayir,Crm.CostTypes.Uid,Crm.CostItems; Crm.CostTypes; Crm.Users,
katilim.crm,Crm,CostForms,Status,nvarchar(50),Evet,,Hayir,,Crm.CostItems; Crm.CostTypes; Crm.Users,
katilim.crm,Crm,CostForms,Name,nvarchar(200),Evet,,Hayir,,Crm.CostItems; Crm.CostTypes; Crm.Users,
katilim.crm,Crm,CostForms,ManagerUid,uniqueidentifier,Evet,,Hayir,,Crm.CostItems; Crm.CostTypes; Crm.Users,
katilim.crm,Crm,CostForms,CostBudgetType,smallint,Evet,,Hayir,,Crm.CostItems; Crm.CostTypes; Crm.Users,
katilim.crm,Crm,CostForms,OrganizationUid,uniqueidentifier,Evet,,Hayir,,Crm.CostItems; Crm.CostTypes; Crm.Users,
katilim.crm,Crm,CostForms,SubStatus,smallint,Evet,,Hayir,,Crm.CostItems; Crm.CostTypes; Crm.Users,
katilim.crm,Crm,CostForms,ApproveDate,datetime2(7),Evet,,Hayir,,Crm.CostItems; Crm.CostTypes; Crm.Users,
katilim.crm,Crm,CostForms,CancelDate,datetime2(7),Evet,,Hayir,,Crm.CostItems; Crm.CostTypes; Crm.Users,
katilim.crm,Crm,CostForms,CancelDescription,nvarchar(4000),Evet,,Hayir,,Crm.CostItems; Crm.CostTypes; Crm.Users,
katilim.crm,Crm,CostForms,TotalRequestedPrice,"decimal(18,2)",Evet,,Hayir,,Crm.CostItems; Crm.CostTypes; Crm.Users,
katilim.crm,Crm,CostForms,TotalDifferencePrice,"decimal(18,2)",Evet,,Hayir,,Crm.CostItems; Crm.CostTypes; Crm.Users,
katilim.crm,Crm,CostForms,FileBankReceipt,nvarchar(100),Evet,,Hayir,,Crm.CostItems; Crm.CostTypes; Crm.Users,
katilim.crm,Crm,CostForms,TotalPreRequestedPrice,"decimal(18,2)",Evet,,Hayir,,Crm.CostItems; Crm.CostTypes; Crm.Users,
katilim.crm,Crm,CostForms,TotalProcessedPrice,"decimal(18,2)",Evet,,Hayir,,Crm.CostItems; Crm.CostTypes; Crm.Users,
katilim.crm,Crm,CostForms,TotalPaidPrice,"decimal(18,2)",Evet,,Hayir,,Crm.CostItems; Crm.CostTypes; Crm.Users,
katilim.crm,Crm,CostForms,PathStatus,smallint,Hayir,((1)),Hayir,,Crm.CostItems; Crm.CostTypes; Crm.Users,
katilim.crm,Crm,CostForms,TransferDescription,nvarchar(500),Evet,,Hayir,,Crm.CostItems; Crm.CostTypes; Crm.Users,
katilim.crm,Crm,CostForms,CostNo,varchar(8),Evet,,Hayir,,Crm.CostItems; Crm.CostTypes; Crm.Users,
katilim.crm,Crm,CostItems,Uid,uniqueidentifier,Hayir,,Evet,,Crm.CostForms; Crm.CostTypes; Crm.Users,
katilim.crm,Crm,CostItems,UpdatedAt,datetime2(7),Evet,,Hayir,,Crm.CostForms; Crm.CostTypes; Crm.Users,
katilim.crm,Crm,CostItems,DeletedAt,datetime2(7),Evet,,Hayir,,Crm.CostForms; Crm.CostTypes; Crm.Users,
katilim.crm,Crm,CostItems,CreatedAt,datetime2(7),Hayir,,Hayir,,Crm.CostForms; Crm.CostTypes; Crm.Users,
katilim.crm,Crm,CostItems,CreatedBy,uniqueidentifier,Evet,,Hayir,Crm.Users.Uid,Crm.CostForms; Crm.CostTypes; Crm.Users,
katilim.crm,Crm,CostItems,UpdatedBy,uniqueidentifier,Evet,,Hayir,Crm.Users.Uid,Crm.CostForms; Crm.CostTypes; Crm.Users,
katilim.crm,Crm,CostItems,DeletedBy,uniqueidentifier,Evet,,Hayir,Crm.Users.Uid,Crm.CostForms; Crm.CostTypes; Crm.Users,
katilim.crm,Crm,CostItems,Deleted,bit,Hayir,,Hayir,,Crm.CostForms; Crm.CostTypes; Crm.Users,
katilim.crm,Crm,CostItems,Description,nvarchar(4000),Evet,,Hayir,,Crm.CostForms; Crm.CostTypes; Crm.Users,
katilim.crm,Crm,CostItems,CostDate,datetime2(7),Hayir,,Hayir,,Crm.CostForms; Crm.CostTypes; Crm.Users,
katilim.crm,Crm,CostItems,Price,"decimal(18,2)",Hayir,,Hayir,,Crm.CostForms; Crm.CostTypes; Crm.Users,
katilim.crm,Crm,CostItems,IsActive,bit,Hayir,,Hayir,,Crm.CostForms; Crm.CostTypes; Crm.Users,
katilim.crm,Crm,CostItems,CostFormUid,uniqueidentifier,Hayir,,Hayir,Crm.CostForms.Uid,Crm.CostForms; Crm.CostTypes; Crm.Users,
katilim.crm,Crm,CostItems,CostTypeUid,uniqueidentifier,Hayir,,Hayir,Crm.CostTypes.Uid,Crm.CostForms; Crm.CostTypes; Crm.Users,
katilim.crm,Crm,CostItems,ReceiptNo,nvarchar(100),Evet,,Hayir,,Crm.CostForms; Crm.CostTypes; Crm.Users,
katilim.crm,Crm,CostItems,TaxRate,"decimal(18,2)",Evet,,Hayir,,Crm.CostForms; Crm.CostTypes; Crm.Users,
katilim.crm,Crm,CostItems,DescriptionDetail,nvarchar(4000),Evet,,Hayir,,Crm.CostForms; Crm.CostTypes; Crm.Users,
katilim.crm,Crm,CostItems,File,nvarchar(100),Evet,,Hayir,,Crm.CostForms; Crm.CostTypes; Crm.Users,
katilim.crm,Crm,CostItems,RequestedPrice,"decimal(18,2)",Evet,,Hayir,,Crm.CostForms; Crm.CostTypes; Crm.Users,
katilim.crm,Crm,CostItems,AdvanceDate,datetime2(7),Evet,,Hayir,,Crm.CostForms; Crm.CostTypes; Crm.Users,
katilim.crm,Crm,CostItems,IsFirstItem,bit,Evet,,Hayir,,Crm.CostForms; Crm.CostTypes; Crm.Users,
katilim.crm,Crm,CostItems,ProcessedPrice,"decimal(18,2)",Evet,,Hayir,,Crm.CostForms; Crm.CostTypes; Crm.Users,
katilim.crm,Crm,CostItems,PathStatus,smallint,Hayir,((1)),Hayir,,Crm.CostForms; Crm.CostTypes; Crm.Users,
katilim.crm,Crm,CostItems,TransferDescription,nvarchar(500),Evet,,Hayir,,Crm.CostForms; Crm.CostTypes; Crm.Users,
katilim.crm,Crm,Costs,Uid,uniqueidentifier,Hayir,,Evet,,Crm.CostTypes; Crm.Organizations; Crm.Users,
katilim.crm,Crm,Costs,UpdatedAt,datetime2(7),Evet,,Hayir,,Crm.CostTypes; Crm.Organizations; Crm.Users,
katilim.crm,Crm,Costs,DeletedAt,datetime2(7),Evet,,Hayir,,Crm.CostTypes; Crm.Organizations; Crm.Users,
katilim.crm,Crm,Costs,CreatedAt,datetime2(7),Hayir,,Hayir,,Crm.CostTypes; Crm.Organizations; Crm.Users,
katilim.crm,Crm,Costs,CreatedBy,uniqueidentifier,Evet,,Hayir,Crm.Users.Uid,Crm.CostTypes; Crm.Organizations; Crm.Users,
katilim.crm,Crm,Costs,UpdatedBy,uniqueidentifier,Evet,,Hayir,Crm.Users.Uid,Crm.CostTypes; Crm.Organizations; Crm.Users,
katilim.crm,Crm,Costs,DeletedBy,uniqueidentifier,Evet,,Hayir,Crm.Users.Uid,Crm.CostTypes; Crm.Organizations; Crm.Users,
katilim.crm,Crm,Costs,Deleted,bit,Hayir,,Hayir,,Crm.CostTypes; Crm.Organizations; Crm.Users,
katilim.crm,Crm,Costs,Amount,"decimal(18,2)",Hayir,,Hayir,,Crm.CostTypes; Crm.Organizations; Crm.Users,
katilim.crm,Crm,Costs,CostTypeUid,uniqueidentifier,Hayir,,Hayir,Crm.CostTypes.Uid,Crm.CostTypes; Crm.Organizations; Crm.Users,
katilim.crm,Crm,Costs,OrganizationUid,uniqueidentifier,Hayir,,Hayir,Crm.Organizations.Uid,Crm.CostTypes; Crm.Organizations; Crm.Users,
katilim.crm,Crm,Costs,Status,nvarchar(50),Evet,,Hayir,,Crm.CostTypes; Crm.Organizations; Crm.Users,
katilim.crm,Crm,Costs,OwnerUid,uniqueidentifier,Evet,,Hayir,Crm.Users.Uid,Crm.CostTypes; Crm.Organizations; Crm.Users,
katilim.crm,Crm,Costs,ExecutionMonth,int,Hayir,,Hayir,,Crm.CostTypes; Crm.Organizations; Crm.Users,
katilim.crm,Crm,Costs,ExecutionYear,int,Hayir,,Hayir,,Crm.CostTypes; Crm.Organizations; Crm.Users,
katilim.crm,Crm,Costs,Note,nvarchar(500),Evet,,Hayir,,Crm.CostTypes; Crm.Organizations; Crm.Users,
katilim.crm,Crm,Costs,InvoiceType,nvarchar(50),Evet,,Hayir,,Crm.CostTypes; Crm.Organizations; Crm.Users,
katilim.crm,Crm,Costs,InvoiceNumber,nvarchar(50),Evet,,Hayir,,Crm.CostTypes; Crm.Organizations; Crm.Users,
katilim.crm,Crm,Costs,InvoiceDate,datetime2(7),Evet,,Hayir,,Crm.CostTypes; Crm.Organizations; Crm.Users,
katilim.crm,Crm,Costs,Count,int,Evet,,Hayir,,Crm.CostTypes; Crm.Organizations; Crm.Users,
katilim.crm,Crm,Costs,VAT,"decimal(18,0)",Evet,,Hayir,,Crm.CostTypes; Crm.Organizations; Crm.Users,
katilim.crm,Crm,CostTypes,Uid,uniqueidentifier,Hayir,,Evet,,Crm.CostForms; Crm.CostItems; Crm.Costs; Crm.Users,
katilim.crm,Crm,CostTypes,UpdatedAt,datetime2(7),Evet,,Hayir,,Crm.CostForms; Crm.CostItems; Crm.Costs; Crm.Users,
katilim.crm,Crm,CostTypes,DeletedAt,datetime2(7),Evet,,Hayir,,Crm.CostForms; Crm.CostItems; Crm.Costs; Crm.Users,
katilim.crm,Crm,CostTypes,CreatedAt,datetime2(7),Hayir,,Hayir,,Crm.CostForms; Crm.CostItems; Crm.Costs; Crm.Users,
katilim.crm,Crm,CostTypes,CreatedBy,uniqueidentifier,Evet,,Hayir,Crm.Users.Uid,Crm.CostForms; Crm.CostItems; Crm.Costs; Crm.Users,
katilim.crm,Crm,CostTypes,UpdatedBy,uniqueidentifier,Evet,,Hayir,Crm.Users.Uid,Crm.CostForms; Crm.CostItems; Crm.Costs; Crm.Users,
katilim.crm,Crm,CostTypes,DeletedBy,uniqueidentifier,Evet,,Hayir,Crm.Users.Uid,Crm.CostForms; Crm.CostItems; Crm.Costs; Crm.Users,
katilim.crm,Crm,CostTypes,Deleted,bit,Hayir,,Hayir,,Crm.CostForms; Crm.CostItems; Crm.Costs; Crm.Users,
katilim.crm,Crm,CostTypes,Name,nvarchar(100),Evet,,Hayir,,Crm.CostForms; Crm.CostItems; Crm.Costs; Crm.Users,
katilim.crm,Crm,CostTypes,Key,nvarchar(50),Evet,,Hayir,,Crm.CostForms; Crm.CostItems; Crm.Costs; Crm.Users,
katilim.crm,Crm,CostTypes,IsCost,bit,Hayir,((0)),Hayir,,Crm.CostForms; Crm.CostItems; Crm.Costs; Crm.Users,
katilim.crm,Crm,CostTypes,Text,nvarchar(500),Evet,,Hayir,,Crm.CostForms; Crm.CostItems; Crm.Costs; Crm.Users,
katilim.crm,Crm,CostTypes,CostBudgetType,smallint,Evet,,Hayir,,Crm.CostForms; Crm.CostItems; Crm.Costs; Crm.Users,
katilim.crm,Crm,CustomerLoginFaileds,Uid,uniqueidentifier,Hayir,,Evet,,Crm.Users,
katilim.crm,Crm,CustomerLoginFaileds,UpdatedAt,datetime2(7),Evet,,Hayir,,Crm.Users,
katilim.crm,Crm,CustomerLoginFaileds,DeletedAt,datetime2(7),Evet,,Hayir,,Crm.Users,
katilim.crm,Crm,CustomerLoginFaileds,CreatedAt,datetime2(7),Hayir,,Hayir,,Crm.Users,
katilim.crm,Crm,CustomerLoginFaileds,CreatedBy,uniqueidentifier,Evet,,Hayir,Crm.Users.Uid,Crm.Users,
katilim.crm,Crm,CustomerLoginFaileds,UpdatedBy,uniqueidentifier,Evet,,Hayir,Crm.Users.Uid,Crm.Users,
katilim.crm,Crm,CustomerLoginFaileds,DeletedBy,uniqueidentifier,Evet,,Hayir,Crm.Users.Uid,Crm.Users,
katilim.crm,Crm,CustomerLoginFaileds,Deleted,bit,Hayir,,Hayir,,Crm.Users,
katilim.crm,Crm,CustomerLoginFaileds,RepUid,uniqueidentifier,Evet,,Hayir,,Crm.Users,
katilim.crm,Crm,CustomerLoginFaileds,Password,nvarchar(100),Evet,,Hayir,,Crm.Users,
katilim.crm,Crm,CustomerLoginFaileds,IP,nvarchar(100),Evet,,Hayir,,Crm.Users,
katilim.crm,Crm,CustomerLoginFaileds,Host,nvarchar(100),Evet,,Hayir,,Crm.Users,
katilim.crm,Crm,CustomerLoginFaileds,Browser,nvarchar(100),Evet,,Hayir,,Crm.Users,
katilim.crm,Crm,CustomerLoginFaileds,IsActive,bit,Hayir,,Hayir,,Crm.Users,
katilim.crm,Crm,CustomerLoginFaileds,InstalledFrom,nvarchar(100),Evet,,Hayir,,Crm.Users,
katilim.crm,Crm,CustomerLogins,Uid,uniqueidentifier,Hayir,,Evet,,Crm.Customers; Crm.RepPointLogs; Crm.Users,
katilim.crm,Crm,CustomerLogins,UpdatedAt,datetime2(7),Evet,,Hayir,,Crm.Customers; Crm.RepPointLogs; Crm.Users,
katilim.crm,Crm,CustomerLogins,DeletedAt,datetime2(7),Evet,,Hayir,,Crm.Customers; Crm.RepPointLogs; Crm.Users,
katilim.crm,Crm,CustomerLogins,CreatedAt,datetime2(7),Hayir,,Hayir,,Crm.Customers; Crm.RepPointLogs; Crm.Users,
katilim.crm,Crm,CustomerLogins,CreatedBy,uniqueidentifier,Evet,,Hayir,Crm.Users.Uid,Crm.Customers; Crm.RepPointLogs; Crm.Users,
katilim.crm,Crm,CustomerLogins,UpdatedBy,uniqueidentifier,Evet,,Hayir,Crm.Users.Uid,Crm.Customers; Crm.RepPointLogs; Crm.Users,
katilim.crm,Crm,CustomerLogins,DeletedBy,uniqueidentifier,Evet,,Hayir,Crm.Users.Uid,Crm.Customers; Crm.RepPointLogs; Crm.Users,
katilim.crm,Crm,CustomerLogins,Deleted,bit,Hayir,,Hayir,,Crm.Customers; Crm.RepPointLogs; Crm.Users,
katilim.crm,Crm,CustomerLogins,CustomerUid,uniqueidentifier,Evet,,Hayir,Crm.Customers.Uid,Crm.Customers; Crm.RepPointLogs; Crm.Users,
katilim.crm,Crm,CustomerLogins,Password,nvarchar(100),Evet,,Hayir,,Crm.Customers; Crm.RepPointLogs; Crm.Users,
katilim.crm,Crm,CustomerLogins,Host,nvarchar(100),Evet,,Hayir,,Crm.Customers; Crm.RepPointLogs; Crm.Users,
katilim.crm,Crm,CustomerLogins,IP,nvarchar(100),Evet,,Hayir,,Crm.Customers; Crm.RepPointLogs; Crm.Users,
katilim.crm,Crm,CustomerLogins,Browser,nvarchar(100),Evet,,Hayir,,Crm.Customers; Crm.RepPointLogs; Crm.Users,
katilim.crm,Crm,CustomerLogins,RepUid,uniqueidentifier,Evet,,Hayir,,Crm.Customers; Crm.RepPointLogs; Crm.Users,
katilim.crm,Crm,CustomerLogins,InstalledFrom,nvarchar(100),Evet,,Hayir,,Crm.Customers; Crm.RepPointLogs; Crm.Users,
katilim.crm,Crm,CustomerLogins,DeviceId,varchar(200),Evet,,Hayir,,Crm.Customers; Crm.RepPointLogs; Crm.Users,
katilim.crm,Crm,CustomerLogins,Text,nvarchar(50),Evet,,Hayir,,Crm.Customers; Crm.RepPointLogs; Crm.Users,
katilim.crm,Crm,CustomerLoginSmsFaileds,Uid,uniqueidentifier,Hayir,,Evet,,Crm.Users,
katilim.crm,Crm,CustomerLoginSmsFaileds,UpdatedAt,datetime2(7),Evet,,Hayir,,Crm.Users,
katilim.crm,Crm,CustomerLoginSmsFaileds,DeletedAt,datetime2(7),Evet,,Hayir,,Crm.Users,
katilim.crm,Crm,CustomerLoginSmsFaileds,CreatedAt,datetime2(7),Hayir,,Hayir,,Crm.Users,
katilim.crm,Crm,CustomerLoginSmsFaileds,CreatedBy,uniqueidentifier,Evet,,Hayir,Crm.Users.Uid,Crm.Users,
katilim.crm,Crm,CustomerLoginSmsFaileds,UpdatedBy,uniqueidentifier,Evet,,Hayir,Crm.Users.Uid,Crm.Users,
katilim.crm,Crm,CustomerLoginSmsFaileds,DeletedBy,uniqueidentifier,Evet,,Hayir,Crm.Users.Uid,Crm.Users,
katilim.crm,Crm,CustomerLoginSmsFaileds,Deleted,bit,Hayir,,Hayir,,Crm.Users,
katilim.crm,Crm,CustomerLoginSmsFaileds,RepUid,uniqueidentifier,Evet,,Hayir,,Crm.Users,
katilim.crm,Crm,CustomerLoginSmsFaileds,SmsPassword,nvarchar(100),Evet,,Hayir,,Crm.Users,
katilim.crm,Crm,CustomerLoginSmsFaileds,IP,nvarchar(100),Evet,,Hayir,,Crm.Users,
katilim.crm,Crm,CustomerLoginSmsFaileds,Host,nvarchar(100),Evet,,Hayir,,Crm.Users,
katilim.crm,Crm,CustomerLoginSmsFaileds,Browser,nvarchar(100),Evet,,Hayir,,Crm.Users,
katilim.crm,Crm,CustomerLoginSmsFaileds,IsActive,bit,Hayir,,Hayir,,Crm.Users,
katilim.crm,Crm,CustomerLoginSmsFaileds,InstalledFrom,nvarchar(100),Evet,,Hayir,,Crm.Users,
katilim.crm,Crm,Customers,Uid,uniqueidentifier,Hayir,,Evet,,Crm.Activities; Crm.Advices; Crm.AppointmentAssignments; Crm.Complaints; Crm.CustomerLogins; Crm.Customers; Crm.DataAnalysisLogs; Crm.ETesisTerkinIntegrations; Crm.Files; Crm.InternetSubeLogs; Crm.OffsetLogs; Crm.Opportunities; Crm.Organizations; Crm.Portfolios; Crm.SetOffLogs; Crm.Simulations; Crm.SmsLogs; Crm.Users,
katilim.crm,Crm,Customers,UpdatedAt,datetime2(7),Evet,,Hayir,,Crm.Activities; Crm.Advices; Crm.AppointmentAssignments; Crm.Complaints; Crm.CustomerLogins; Crm.Customers; Crm.DataAnalysisLogs; Crm.ETesisTerkinIntegrations; Crm.Files; Crm.InternetSubeLogs; Crm.OffsetLogs; Crm.Opportunities; Crm.Organizations; Crm.Portfolios; Crm.SetOffLogs; Crm.Simulations; Crm.SmsLogs; Crm.Users,
katilim.crm,Crm,Customers,DeletedAt,datetime2(7),Evet,,Hayir,,Crm.Activities; Crm.Advices; Crm.AppointmentAssignments; Crm.Complaints; Crm.CustomerLogins; Crm.Customers; Crm.DataAnalysisLogs; Crm.ETesisTerkinIntegrations; Crm.Files; Crm.InternetSubeLogs; Crm.OffsetLogs; Crm.Opportunities; Crm.Organizations; Crm.Portfolios; Crm.SetOffLogs; Crm.Simulations; Crm.SmsLogs; Crm.Users,
katilim.crm,Crm,Customers,CreatedAt,datetime2(7),Hayir,,Hayir,,Crm.Activities; Crm.Advices; Crm.AppointmentAssignments; Crm.Complaints; Crm.CustomerLogins; Crm.Customers; Crm.DataAnalysisLogs; Crm.ETesisTerkinIntegrations; Crm.Files; Crm.InternetSubeLogs; Crm.OffsetLogs; Crm.Opportunities; Crm.Organizations; Crm.Portfolios; Crm.SetOffLogs; Crm.Simulations; Crm.SmsLogs; Crm.Users,
katilim.crm,Crm,Customers,CreatedBy,uniqueidentifier,Evet,,Hayir,Crm.Users.Uid,Crm.Activities; Crm.Advices; Crm.AppointmentAssignments; Crm.Complaints; Crm.CustomerLogins; Crm.Customers; Crm.DataAnalysisLogs; Crm.ETesisTerkinIntegrations; Crm.Files; Crm.InternetSubeLogs; Crm.OffsetLogs; Crm.Opportunities; Crm.Organizations; Crm.Portfolios; Crm.SetOffLogs; Crm.Simulations; Crm.SmsLogs; Crm.Users,
katilim.crm,Crm,Customers,UpdatedBy,uniqueidentifier,Evet,,Hayir,Crm.Users.Uid,Crm.Activities; Crm.Advices; Crm.AppointmentAssignments; Crm.Complaints; Crm.CustomerLogins; Crm.Customers; Crm.DataAnalysisLogs; Crm.ETesisTerkinIntegrations; Crm.Files; Crm.InternetSubeLogs; Crm.OffsetLogs; Crm.Opportunities; Crm.Organizations; Crm.Portfolios; Crm.SetOffLogs; Crm.Simulations; Crm.SmsLogs; Crm.Users,
katilim.crm,Crm,Customers,DeletedBy,uniqueidentifier,Evet,,Hayir,Crm.Users.Uid,Crm.Activities; Crm.Advices; Crm.AppointmentAssignments; Crm.Complaints; Crm.CustomerLogins; Crm.Customers; Crm.DataAnalysisLogs; Crm.ETesisTerkinIntegrations; Crm.Files; Crm.InternetSubeLogs; Crm.OffsetLogs; Crm.Opportunities; Crm.Organizations; Crm.Portfolios; Crm.SetOffLogs; Crm.Simulations; Crm.SmsLogs; Crm.Users,
katilim.crm,Crm,Customers,Deleted,bit,Hayir,,Hayir,,Crm.Activities; Crm.Advices; Crm.AppointmentAssignments; Crm.Complaints; Crm.CustomerLogins; Crm.Customers; Crm.DataAnalysisLogs; Crm.ETesisTerkinIntegrations; Crm.Files; Crm.InternetSubeLogs; Crm.OffsetLogs; Crm.Opportunities; Crm.Organizations; Crm.Portfolios; Crm.SetOffLogs; Crm.Simulations; Crm.SmsLogs; Crm.Users,
katilim.crm,Crm,Customers,Name,nvarchar(100),Evet,,Hayir,,Crm.Activities; Crm.Advices; Crm.AppointmentAssignments; Crm.Complaints; Crm.CustomerLogins; Crm.Customers; Crm.DataAnalysisLogs; Crm.ETesisTerkinIntegrations; Crm.Files; Crm.InternetSubeLogs; Crm.OffsetLogs; Crm.Opportunities; Crm.Organizations; Crm.Portfolios; Crm.SetOffLogs; Crm.Simulations; Crm.SmsLogs; Crm.Users,
katilim.crm,Crm,Customers,SurName,nvarchar(100),Evet,,Hayir,,Crm.Activities; Crm.Advices; Crm.AppointmentAssignments; Crm.Complaints; Crm.CustomerLogins; Crm.Customers; Crm.DataAnalysisLogs; Crm.ETesisTerkinIntegrations; Crm.Files; Crm.InternetSubeLogs; Crm.OffsetLogs; Crm.Opportunities; Crm.Organizations; Crm.Portfolios; Crm.SetOffLogs; Crm.Simulations; Crm.SmsLogs; Crm.Users,
katilim.crm,Crm,Customers,Tckno,nvarchar(11),Evet,,Hayir,,Crm.Activities; Crm.Advices; Crm.AppointmentAssignments; Crm.Complaints; Crm.CustomerLogins; Crm.Customers; Crm.DataAnalysisLogs; Crm.ETesisTerkinIntegrations; Crm.Files; Crm.InternetSubeLogs; Crm.OffsetLogs; Crm.Opportunities; Crm.Organizations; Crm.Portfolios; Crm.SetOffLogs; Crm.Simulations; Crm.SmsLogs; Crm.Users,
katilim.crm,Crm,Customers,CustomerNo,nvarchar(50),Evet,,Hayir,,Crm.Activities; Crm.Advices; Crm.AppointmentAssignments; Crm.Complaints; Crm.CustomerLogins; Crm.Customers; Crm.DataAnalysisLogs; Crm.ETesisTerkinIntegrations; Crm.Files; Crm.InternetSubeLogs; Crm.OffsetLogs; Crm.Opportunities; Crm.Organizations; Crm.Portfolios; Crm.SetOffLogs; Crm.Simulations; Crm.SmsLogs; Crm.Users,
katilim.crm,Crm,Customers,MobilePhone,nvarchar(50),Evet,,Hayir,,Crm.Activities; Crm.Advices; Crm.AppointmentAssignments; Crm.Complaints; Crm.CustomerLogins; Crm.Customers; Crm.DataAnalysisLogs; Crm.ETesisTerkinIntegrations; Crm.Files; Crm.InternetSubeLogs; Crm.OffsetLogs; Crm.Opportunities; Crm.Organizations; Crm.Portfolios; Crm.SetOffLogs; Crm.Simulations; Crm.SmsLogs; Crm.Users,
katilim.crm,Crm,Customers,EMail,nvarchar(100),Evet,,Hayir,,Crm.Activities; Crm.Advices; Crm.AppointmentAssignments; Crm.Complaints; Crm.CustomerLogins; Crm.Customers; Crm.DataAnalysisLogs; Crm.ETesisTerkinIntegrations; Crm.Files; Crm.InternetSubeLogs; Crm.OffsetLogs; Crm.Opportunities; Crm.Organizations; Crm.Portfolios; Crm.SetOffLogs; Crm.Simulations; Crm.SmsLogs; Crm.Users,
katilim.crm,Crm,Customers,CountryUid,uniqueidentifier,Evet,,Hayir,,Crm.Activities; Crm.Advices; Crm.AppointmentAssignments; Crm.Complaints; Crm.CustomerLogins; Crm.Customers; Crm.DataAnalysisLogs; Crm.ETesisTerkinIntegrations; Crm.Files; Crm.InternetSubeLogs; Crm.OffsetLogs; Crm.Opportunities; Crm.Organizations; Crm.Portfolios; Crm.SetOffLogs; Crm.Simulations; Crm.SmsLogs; Crm.Users,
katilim.crm,Crm,Customers,CityUid,uniqueidentifier,Evet,,Hayir,,Crm.Activities; Crm.Advices; Crm.AppointmentAssignments; Crm.Complaints; Crm.CustomerLogins; Crm.Customers; Crm.DataAnalysisLogs; Crm.ETesisTerkinIntegrations; Crm.Files; Crm.InternetSubeLogs; Crm.OffsetLogs; Crm.Opportunities; Crm.Organizations; Crm.Portfolios; Crm.SetOffLogs; Crm.Simulations; Crm.SmsLogs; Crm.Users,
katilim.crm,Crm,Customers,TownUid,uniqueidentifier,Evet,,Hayir,,Crm.Activities; Crm.Advices; Crm.AppointmentAssignments; Crm.Complaints; Crm.CustomerLogins; Crm.Customers; Crm.DataAnalysisLogs; Crm.ETesisTerkinIntegrations; Crm.Files; Crm.InternetSubeLogs; Crm.OffsetLogs; Crm.Opportunities; Crm.Organizations; Crm.Portfolios; Crm.SetOffLogs; Crm.Simulations; Crm.SmsLogs; Crm.Users,
katilim.crm,Crm,Customers,HomeTownUid,uniqueidentifier,Evet,,Hayir,,Crm.Activities; Crm.Advices; Crm.AppointmentAssignments; Crm.Complaints; Crm.CustomerLogins; Crm.Customers; Crm.DataAnalysisLogs; Crm.ETesisTerkinIntegrations; Crm.Files; Crm.InternetSubeLogs; Crm.OffsetLogs; Crm.Opportunities; Crm.Organizations; Crm.Portfolios; Crm.SetOffLogs; Crm.Simulations; Crm.SmsLogs; Crm.Users,
katilim.crm,Crm,Customers,Address,nvarchar(500),Evet,,Hayir,,Crm.Activities; Crm.Advices; Crm.AppointmentAssignments; Crm.Complaints; Crm.CustomerLogins; Crm.Customers; Crm.DataAnalysisLogs; Crm.ETesisTerkinIntegrations; Crm.Files; Crm.InternetSubeLogs; Crm.OffsetLogs; Crm.Opportunities; Crm.Organizations; Crm.Portfolios; Crm.SetOffLogs; Crm.Simulations; Crm.SmsLogs; Crm.Users,
katilim.crm,Crm,Customers,OccupationUid,uniqueidentifier,Evet,,Hayir,,Crm.Activities; Crm.Advices; Crm.AppointmentAssignments; Crm.Complaints; Crm.CustomerLogins; Crm.Customers; Crm.DataAnalysisLogs; Crm.ETesisTerkinIntegrations; Crm.Files; Crm.InternetSubeLogs; Crm.OffsetLogs; Crm.Opportunities; Crm.Organizations; Crm.Portfolios; Crm.SetOffLogs; Crm.Simulations; Crm.SmsLogs; Crm.Users,
katilim.crm,Crm,Customers,CustomerSourceUid,uniqueidentifier,Evet,,Hayir,,Crm.Activities; Crm.Advices; Crm.AppointmentAssignments; Crm.Complaints; Crm.CustomerLogins; Crm.Customers; Crm.DataAnalysisLogs; Crm.ETesisTerkinIntegrations; Crm.Files; Crm.InternetSubeLogs; Crm.OffsetLogs; Crm.Opportunities; Crm.Organizations; Crm.Portfolios; Crm.SetOffLogs; Crm.Simulations; Crm.SmsLogs; Crm.Users,
katilim.crm,Crm,Customers,MaritalStatus,nvarchar(1),Evet,,Hayir,,Crm.Activities; Crm.Advices; Crm.AppointmentAssignments; Crm.Complaints; Crm.CustomerLogins; Crm.Customers; Crm.DataAnalysisLogs; Crm.ETesisTerkinIntegrations; Crm.Files; Crm.InternetSubeLogs; Crm.OffsetLogs; Crm.Opportunities; Crm.Organizations; Crm.Portfolios; Crm.SetOffLogs; Crm.Simulations; Crm.SmsLogs; Crm.Users,
katilim.crm,Crm,Customers,Gender,nvarchar(1),Evet,,Hayir,,Crm.Activities; Crm.Advices; Crm.AppointmentAssignments; Crm.Complaints; Crm.CustomerLogins; Crm.Customers; Crm.DataAnalysisLogs; Crm.ETesisTerkinIntegrations; Crm.Files; Crm.InternetSubeLogs; Crm.OffsetLogs; Crm.Opportunities; Crm.Organizations; Crm.Portfolios; Crm.SetOffLogs; Crm.Simulations; Crm.SmsLogs; Crm.Users,
katilim.crm,Crm,Customers,BirthDate,datetime2(7),Evet,,Hayir,,Crm.Activities; Crm.Advices; Crm.AppointmentAssignments; Crm.Complaints; Crm.CustomerLogins; Crm.Customers; Crm.DataAnalysisLogs; Crm.ETesisTerkinIntegrations; Crm.Files; Crm.InternetSubeLogs; Crm.OffsetLogs; Crm.Opportunities; Crm.Organizations; Crm.Portfolios; Crm.SetOffLogs; Crm.Simulations; Crm.SmsLogs; Crm.Users,
katilim.crm,Crm,Customers,PartnerName,nvarchar(100),Evet,,Hayir,,Crm.Activities; Crm.Advices; Crm.AppointmentAssignments; Crm.Complaints; Crm.CustomerLogins; Crm.Customers; Crm.DataAnalysisLogs; Crm.ETesisTerkinIntegrations; Crm.Files; Crm.InternetSubeLogs; Crm.OffsetLogs; Crm.Opportunities; Crm.Organizations; Crm.Portfolios; Crm.SetOffLogs; Crm.Simulations; Crm.SmsLogs; Crm.Users,
katilim.crm,Crm,Customers,PartnerPhone,nvarchar(50),Evet,,Hayir,,Crm.Activities; Crm.Advices; Crm.AppointmentAssignments; Crm.Complaints; Crm.CustomerLogins; Crm.Customers; Crm.DataAnalysisLogs; Crm.ETesisTerkinIntegrations; Crm.Files; Crm.InternetSubeLogs; Crm.OffsetLogs; Crm.Opportunities; Crm.Organizations; Crm.Portfolios; Crm.SetOffLogs; Crm.Simulations; Crm.SmsLogs; Crm.Users,
katilim.crm,Crm,Customers,ChildrenCount,int,Hayir,,Hayir,,Crm.Activities; Crm.Advices; Crm.AppointmentAssignments; Crm.Complaints; Crm.CustomerLogins; Crm.Customers; Crm.DataAnalysisLogs; Crm.ETesisTerkinIntegrations; Crm.Files; Crm.InternetSubeLogs; Crm.OffsetLogs; Crm.Opportunities; Crm.Organizations; Crm.Portfolios; Crm.SetOffLogs; Crm.Simulations; Crm.SmsLogs; Crm.Users,
katilim.crm,Crm,Customers,HomePhone,nvarchar(50),Evet,,Hayir,,Crm.Activities; Crm.Advices; Crm.AppointmentAssignments; Crm.Complaints; Crm.CustomerLogins; Crm.Customers; Crm.DataAnalysisLogs; Crm.ETesisTerkinIntegrations; Crm.Files; Crm.InternetSubeLogs; Crm.OffsetLogs; Crm.Opportunities; Crm.Organizations; Crm.Portfolios; Crm.SetOffLogs; Crm.Simulations; Crm.SmsLogs; Crm.Users,
katilim.crm,Crm,Customers,EMail2,nvarchar(100),Evet,,Hayir,,Crm.Activities; Crm.Advices; Crm.AppointmentAssignments; Crm.Complaints; Crm.CustomerLogins; Crm.Customers; Crm.DataAnalysisLogs; Crm.ETesisTerkinIntegrations; Crm.Files; Crm.InternetSubeLogs; Crm.OffsetLogs; Crm.Opportunities; Crm.Organizations; Crm.Portfolios; Crm.SetOffLogs; Crm.Simulations; Crm.SmsLogs; Crm.Users,
katilim.crm,Crm,Customers,IsMember,bit,Hayir,,Hayir,,Crm.Activities; Crm.Advices; Crm.AppointmentAssignments; Crm.Complaints; Crm.CustomerLogins; Crm.Customers; Crm.DataAnalysisLogs; Crm.ETesisTerkinIntegrations; Crm.Files; Crm.InternetSubeLogs; Crm.OffsetLogs; Crm.Opportunities; Crm.Organizations; Crm.Portfolios; Crm.SetOffLogs; Crm.Simulations; Crm.SmsLogs; Crm.Users,
katilim.crm,Crm,Customers,IsJoker,bit,Hayir,,Hayir,,Crm.Activities; Crm.Advices; Crm.AppointmentAssignments; Crm.Complaints; Crm.CustomerLogins; Crm.Customers; Crm.DataAnalysisLogs; Crm.ETesisTerkinIntegrations; Crm.Files; Crm.InternetSubeLogs; Crm.OffsetLogs; Crm.Opportunities; Crm.Organizations; Crm.Portfolios; Crm.SetOffLogs; Crm.Simulations; Crm.SmsLogs; Crm.Users,
katilim.crm,Crm,Customers,IsNotCallMe,bit,Hayir,,Hayir,,Crm.Activities; Crm.Advices; Crm.AppointmentAssignments; Crm.Complaints; Crm.CustomerLogins; Crm.Customers; Crm.DataAnalysisLogs; Crm.ETesisTerkinIntegrations; Crm.Files; Crm.InternetSubeLogs; Crm.OffsetLogs; Crm.Opportunities; Crm.Organizations; Crm.Portfolios; Crm.SetOffLogs; Crm.Simulations; Crm.SmsLogs; Crm.Users,
katilim.crm,Crm,Customers,IsLogo,bit,Hayir,((0)),Hayir,,Crm.Activities; Crm.Advices; Crm.AppointmentAssignments; Crm.Complaints; Crm.CustomerLogins; Crm.Customers; Crm.DataAnalysisLogs; Crm.ETesisTerkinIntegrations; Crm.Files; Crm.InternetSubeLogs; Crm.OffsetLogs; Crm.Opportunities; Crm.Organizations; Crm.Portfolios; Crm.SetOffLogs; Crm.Simulations; Crm.SmsLogs; Crm.Users,
katilim.crm,Crm,Customers,ContactChannel,nvarchar(50),Evet,,Hayir,,Crm.Activities; Crm.Advices; Crm.AppointmentAssignments; Crm.Complaints; Crm.CustomerLogins; Crm.Customers; Crm.DataAnalysisLogs; Crm.ETesisTerkinIntegrations; Crm.Files; Crm.InternetSubeLogs; Crm.OffsetLogs; Crm.Opportunities; Crm.Organizations; Crm.Portfolios; Crm.SetOffLogs; Crm.Simulations; Crm.SmsLogs; Crm.Users,
katilim.crm,Crm,Customers,Source,nvarchar(50),Evet,,Hayir,,Crm.Activities; Crm.Advices; Crm.AppointmentAssignments; Crm.Complaints; Crm.CustomerLogins; Crm.Customers; Crm.DataAnalysisLogs; Crm.ETesisTerkinIntegrations; Crm.Files; Crm.InternetSubeLogs; Crm.OffsetLogs; Crm.Opportunities; Crm.Organizations; Crm.Portfolios; Crm.SetOffLogs; Crm.Simulations; Crm.SmsLogs; Crm.Users,
katilim.crm,Crm,Customers,Category,nvarchar(50),Evet,,Hayir,,Crm.Activities; Crm.Advices; Crm.AppointmentAssignments; Crm.Complaints; Crm.CustomerLogins; Crm.Customers; Crm.DataAnalysisLogs; Crm.ETesisTerkinIntegrations; Crm.Files; Crm.InternetSubeLogs; Crm.OffsetLogs; Crm.Opportunities; Crm.Organizations; Crm.Portfolios; Crm.SetOffLogs; Crm.Simulations; Crm.SmsLogs; Crm.Users,
katilim.crm,Crm,Customers,OfficePhone,nvarchar(50),Evet,,Hayir,,Crm.Activities; Crm.Advices; Crm.AppointmentAssignments; Crm.Complaints; Crm.CustomerLogins; Crm.Customers; Crm.DataAnalysisLogs; Crm.ETesisTerkinIntegrations; Crm.Files; Crm.InternetSubeLogs; Crm.OffsetLogs; Crm.Opportunities; Crm.Organizations; Crm.Portfolios; Crm.SetOffLogs; Crm.Simulations; Crm.SmsLogs; Crm.Users,
katilim.crm,Crm,Customers,OfficeAddress,nvarchar(500),Evet,,Hayir,,Crm.Activities; Crm.Advices; Crm.AppointmentAssignments; Crm.Complaints; Crm.CustomerLogins; Crm.Customers; Crm.DataAnalysisLogs; Crm.ETesisTerkinIntegrations; Crm.Files; Crm.InternetSubeLogs; Crm.OffsetLogs; Crm.Opportunities; Crm.Organizations; Crm.Portfolios; Crm.SetOffLogs; Crm.Simulations; Crm.SmsLogs; Crm.Users,
katilim.crm,Crm,Customers,OrganizationUid,uniqueidentifier,Evet,,Hayir,Crm.Organizations.Uid,Crm.Activities; Crm.Advices; Crm.AppointmentAssignments; Crm.Complaints; Crm.CustomerLogins; Crm.Customers; Crm.DataAnalysisLogs; Crm.ETesisTerkinIntegrations; Crm.Files; Crm.InternetSubeLogs; Crm.OffsetLogs; Crm.Opportunities; Crm.Organizations; Crm.Portfolios; Crm.SetOffLogs; Crm.Simulations; Crm.SmsLogs; Crm.Users,
katilim.crm,Crm,Customers,ReferanceUid,uniqueidentifier,Evet,,Hayir,Crm.Customers.Uid,Crm.Activities; Crm.Advices; Crm.AppointmentAssignments; Crm.Complaints; Crm.CustomerLogins; Crm.Customers; Crm.DataAnalysisLogs; Crm.ETesisTerkinIntegrations; Crm.Files; Crm.InternetSubeLogs; Crm.OffsetLogs; Crm.Opportunities; Crm.Organizations; Crm.Portfolios; Crm.SetOffLogs; Crm.Simulations; Crm.SmsLogs; Crm.Users,
katilim.crm,Crm,Customers,PortfolioUid,uniqueidentifier,Hayir,,Hayir,Crm.Portfolios.Uid,Crm.Activities; Crm.Advices; Crm.AppointmentAssignments; Crm.Complaints; Crm.CustomerLogins; Crm.Customers; Crm.DataAnalysisLogs; Crm.ETesisTerkinIntegrations; Crm.Files; Crm.InternetSubeLogs; Crm.OffsetLogs; Crm.Opportunities; Crm.Organizations; Crm.Portfolios; Crm.SetOffLogs; Crm.Simulations; Crm.SmsLogs; Crm.Users,
katilim.crm,Crm,Customers,LeadUid,uniqueidentifier,Evet,,Hayir,,Crm.Activities; Crm.Advices; Crm.AppointmentAssignments; Crm.Complaints; Crm.CustomerLogins; Crm.Customers; Crm.DataAnalysisLogs; Crm.ETesisTerkinIntegrations; Crm.Files; Crm.InternetSubeLogs; Crm.OffsetLogs; Crm.Opportunities; Crm.Organizations; Crm.Portfolios; Crm.SetOffLogs; Crm.Simulations; Crm.SmsLogs; Crm.Users,
katilim.crm,Crm,Customers,LogoID,int,Evet,,Hayir,,Crm.Activities; Crm.Advices; Crm.AppointmentAssignments; Crm.Complaints; Crm.CustomerLogins; Crm.Customers; Crm.DataAnalysisLogs; Crm.ETesisTerkinIntegrations; Crm.Files; Crm.InternetSubeLogs; Crm.OffsetLogs; Crm.Opportunities; Crm.Organizations; Crm.Portfolios; Crm.SetOffLogs; Crm.Simulations; Crm.SmsLogs; Crm.Users,
katilim.crm,Crm,Customers,Password,nvarchar(50),Evet,,Hayir,,Crm.Activities; Crm.Advices; Crm.AppointmentAssignments; Crm.Complaints; Crm.CustomerLogins; Crm.Customers; Crm.DataAnalysisLogs; Crm.ETesisTerkinIntegrations; Crm.Files; Crm.InternetSubeLogs; Crm.OffsetLogs; Crm.Opportunities; Crm.Organizations; Crm.Portfolios; Crm.SetOffLogs; Crm.Simulations; Crm.SmsLogs; Crm.Users,
katilim.crm,Crm,Customers,RepUid,uniqueidentifier,Evet,,Hayir,,Crm.Activities; Crm.Advices; Crm.AppointmentAssignments; Crm.Complaints; Crm.CustomerLogins; Crm.Customers; Crm.DataAnalysisLogs; Crm.ETesisTerkinIntegrations; Crm.Files; Crm.InternetSubeLogs; Crm.OffsetLogs; Crm.Opportunities; Crm.Organizations; Crm.Portfolios; Crm.SetOffLogs; Crm.Simulations; Crm.SmsLogs; Crm.Users,
katilim.crm,Crm,Customers,OwnerRepUid,uniqueidentifier,Evet,,Hayir,,Crm.Activities; Crm.Advices; Crm.AppointmentAssignments; Crm.Complaints; Crm.CustomerLogins; Crm.Customers; Crm.DataAnalysisLogs; Crm.ETesisTerkinIntegrations; Crm.Files; Crm.InternetSubeLogs; Crm.OffsetLogs; Crm.Opportunities; Crm.Organizations; Crm.Portfolios; Crm.SetOffLogs; Crm.Simulations; Crm.SmsLogs; Crm.Users,
katilim.crm,Crm,Customers,TaxNo,nvarchar(10),Evet,,Hayir,,Crm.Activities; Crm.Advices; Crm.AppointmentAssignments; Crm.Complaints; Crm.CustomerLogins; Crm.Customers; Crm.DataAnalysisLogs; Crm.ETesisTerkinIntegrations; Crm.Files; Crm.InternetSubeLogs; Crm.OffsetLogs; Crm.Opportunities; Crm.Organizations; Crm.Portfolios; Crm.SetOffLogs; Crm.Simulations; Crm.SmsLogs; Crm.Users,
katilim.crm,Crm,Customers,CustomerTaxNo,varchar(10),Evet,,Hayir,,Crm.Activities; Crm.Advices; Crm.AppointmentAssignments; Crm.Complaints; Crm.CustomerLogins; Crm.Customers; Crm.DataAnalysisLogs; Crm.ETesisTerkinIntegrations; Crm.Files; Crm.InternetSubeLogs; Crm.OffsetLogs; Crm.Opportunities; Crm.Organizations; Crm.Portfolios; Crm.SetOffLogs; Crm.Simulations; Crm.SmsLogs; Crm.Users,
katilim.crm,Crm,Customers,TaxOffice,nvarchar(50),Evet,,Hayir,,Crm.Activities; Crm.Advices; Crm.AppointmentAssignments; Crm.Complaints; Crm.CustomerLogins; Crm.Customers; Crm.DataAnalysisLogs; Crm.ETesisTerkinIntegrations; Crm.Files; Crm.InternetSubeLogs; Crm.OffsetLogs; Crm.Opportunities; Crm.Organizations; Crm.Portfolios; Crm.SetOffLogs; Crm.Simulations; Crm.SmsLogs; Crm.Users,
katilim.crm,Crm,Customers,IsInAutomation,bit,Evet,,Hayir,,Crm.Activities; Crm.Advices; Crm.AppointmentAssignments; Crm.Complaints; Crm.CustomerLogins; Crm.Customers; Crm.DataAnalysisLogs; Crm.ETesisTerkinIntegrations; Crm.Files; Crm.InternetSubeLogs; Crm.OffsetLogs; Crm.Opportunities; Crm.Organizations; Crm.Portfolios; Crm.SetOffLogs; Crm.Simulations; Crm.SmsLogs; Crm.Users,
katilim.crm,Crm,Customers,MeskenUid,uniqueidentifier,Evet,,Hayir,,Crm.Activities; Crm.Advices; Crm.AppointmentAssignments; Crm.Complaints; Crm.CustomerLogins; Crm.Customers; Crm.DataAnalysisLogs; Crm.ETesisTerkinIntegrations; Crm.Files; Crm.InternetSubeLogs; Crm.OffsetLogs; Crm.Opportunities; Crm.Organizations; Crm.Portfolios; Crm.SetOffLogs; Crm.Simulations; Crm.SmsLogs; Crm.Users,
katilim.crm,Crm,Customers,LastMoveMesken,bit,Evet,,Hayir,,Crm.Activities; Crm.Advices; Crm.AppointmentAssignments; Crm.Complaints; Crm.CustomerLogins; Crm.Customers; Crm.DataAnalysisLogs; Crm.ETesisTerkinIntegrations; Crm.Files; Crm.InternetSubeLogs; Crm.OffsetLogs; Crm.Opportunities; Crm.Organizations; Crm.Portfolios; Crm.SetOffLogs; Crm.Simulations; Crm.SmsLogs; Crm.Users,
katilim.crm,Crm,Customers,HasComplaint,bit,Evet,,Hayir,,Crm.Activities; Crm.Advices; Crm.AppointmentAssignments; Crm.Complaints; Crm.CustomerLogins; Crm.Customers; Crm.DataAnalysisLogs; Crm.ETesisTerkinIntegrations; Crm.Files; Crm.InternetSubeLogs; Crm.OffsetLogs; Crm.Opportunities; Crm.Organizations; Crm.Portfolios; Crm.SetOffLogs; Crm.Simulations; Crm.SmsLogs; Crm.Users,
katilim.crm,Crm,Customers,LastTalkDate,datetime2(7),Evet,,Hayir,,Crm.Activities; Crm.Advices; Crm.AppointmentAssignments; Crm.Complaints; Crm.CustomerLogins; Crm.Customers; Crm.DataAnalysisLogs; Crm.ETesisTerkinIntegrations; Crm.Files; Crm.InternetSubeLogs; Crm.OffsetLogs; Crm.Opportunities; Crm.Organizations; Crm.Portfolios; Crm.SetOffLogs; Crm.Simulations; Crm.SmsLogs; Crm.Users,
katilim.crm,Crm,Customers,Param01,bit,Evet,,Hayir,,Crm.Activities; Crm.Advices; Crm.AppointmentAssignments; Crm.Complaints; Crm.CustomerLogins; Crm.Customers; Crm.DataAnalysisLogs; Crm.ETesisTerkinIntegrations; Crm.Files; Crm.InternetSubeLogs; Crm.OffsetLogs; Crm.Opportunities; Crm.Organizations; Crm.Portfolios; Crm.SetOffLogs; Crm.Simulations; Crm.SmsLogs; Crm.Users,
katilim.crm,Crm,Customers,CanPayByVP,bit,Hayir,((1)),Hayir,,Crm.Activities; Crm.Advices; Crm.AppointmentAssignments; Crm.Complaints; Crm.CustomerLogins; Crm.Customers; Crm.DataAnalysisLogs; Crm.ETesisTerkinIntegrations; Crm.Files; Crm.InternetSubeLogs; Crm.OffsetLogs; Crm.Opportunities; Crm.Organizations; Crm.Portfolios; Crm.SetOffLogs; Crm.Simulations; Crm.SmsLogs; Crm.Users,
katilim.crm,Crm,Customers,NationalityUid,uniqueidentifier,Evet,,Hayir,,Crm.Activities; Crm.Advices; Crm.AppointmentAssignments; Crm.Complaints; Crm.CustomerLogins; Crm.Customers; Crm.DataAnalysisLogs; Crm.ETesisTerkinIntegrations; Crm.Files; Crm.InternetSubeLogs; Crm.OffsetLogs; Crm.Opportunities; Crm.Organizations; Crm.Portfolios; Crm.SetOffLogs; Crm.Simulations; Crm.SmsLogs; Crm.Users,
katilim.crm,Crm,Customers,CustomerType,smallint,Evet,,Hayir,,Crm.Activities; Crm.Advices; Crm.AppointmentAssignments; Crm.Complaints; Crm.CustomerLogins; Crm.Customers; Crm.DataAnalysisLogs; Crm.ETesisTerkinIntegrations; Crm.Files; Crm.InternetSubeLogs; Crm.OffsetLogs; Crm.Opportunities; Crm.Organizations; Crm.Portfolios; Crm.SetOffLogs; Crm.Simulations; Crm.SmsLogs; Crm.Users,
katilim.crm,Crm,Customers,FatherName,nvarchar(50),Evet,,Hayir,,Crm.Activities; Crm.Advices; Crm.AppointmentAssignments; Crm.Complaints; Crm.CustomerLogins; Crm.Customers; Crm.DataAnalysisLogs; Crm.ETesisTerkinIntegrations; Crm.Files; Crm.InternetSubeLogs; Crm.OffsetLogs; Crm.Opportunities; Crm.Organizations; Crm.Portfolios; Crm.SetOffLogs; Crm.Simulations; Crm.SmsLogs; Crm.Users,
katilim.crm,Crm,Customers,MotherName,nvarchar(50),Evet,,Hayir,,Crm.Activities; Crm.Advices; Crm.AppointmentAssignments; Crm.Complaints; Crm.CustomerLogins; Crm.Customers; Crm.DataAnalysisLogs; Crm.ETesisTerkinIntegrations; Crm.Files; Crm.InternetSubeLogs; Crm.OffsetLogs; Crm.Opportunities; Crm.Organizations; Crm.Portfolios; Crm.SetOffLogs; Crm.Simulations; Crm.SmsLogs; Crm.Users,
katilim.crm,Crm,Customers,BirthPlace,nvarchar(50),Evet,,Hayir,,Crm.Activities; Crm.Advices; Crm.AppointmentAssignments; Crm.Complaints; Crm.CustomerLogins; Crm.Customers; Crm.DataAnalysisLogs; Crm.ETesisTerkinIntegrations; Crm.Files; Crm.InternetSubeLogs; Crm.OffsetLogs; Crm.Opportunities; Crm.Organizations; Crm.Portfolios; Crm.SetOffLogs; Crm.Simulations; Crm.SmsLogs; Crm.Users,
katilim.crm,Crm,Customers,VerificationMethod,smallint,Evet,,Hayir,,Crm.Activities; Crm.Advices; Crm.AppointmentAssignments; Crm.Complaints; Crm.CustomerLogins; Crm.Customers; Crm.DataAnalysisLogs; Crm.ETesisTerkinIntegrations; Crm.Files; Crm.InternetSubeLogs; Crm.OffsetLogs; Crm.Opportunities; Crm.Organizations; Crm.Portfolios; Crm.SetOffLogs; Crm.Simulations; Crm.SmsLogs; Crm.Users,
katilim.crm,Crm,Customers,NaceCode,nvarchar(10),Evet,,Hayir,,Crm.Activities; Crm.Advices; Crm.AppointmentAssignments; Crm.Complaints; Crm.CustomerLogins; Crm.Customers; Crm.DataAnalysisLogs; Crm.ETesisTerkinIntegrations; Crm.Files; Crm.InternetSubeLogs; Crm.OffsetLogs; Crm.Opportunities; Crm.Organizations; Crm.Portfolios; Crm.SetOffLogs; Crm.Simulations; Crm.SmsLogs; Crm.Users,
katilim.crm,Crm,Customers,IsMFAEnabled,bit,Evet,,Hayir,,Crm.Activities; Crm.Advices; Crm.AppointmentAssignments; Crm.Complaints; Crm.CustomerLogins; Crm.Customers; Crm.DataAnalysisLogs; Crm.ETesisTerkinIntegrations; Crm.Files; Crm.InternetSubeLogs; Crm.OffsetLogs; Crm.Opportunities; Crm.Organizations; Crm.Portfolios; Crm.SetOffLogs; Crm.Simulations; Crm.SmsLogs; Crm.Users,
katilim.crm,Crm,Customers,IdentitySerialNumber,nvarchar(50),Evet,,Hayir,,Crm.Activities; Crm.Advices; Crm.AppointmentAssignments; Crm.Complaints; Crm.CustomerLogins; Crm.Customers; Crm.DataAnalysisLogs; Crm.ETesisTerkinIntegrations; Crm.Files; Crm.InternetSubeLogs; Crm.OffsetLogs; Crm.Opportunities; Crm.Organizations; Crm.Portfolios; Crm.SetOffLogs; Crm.Simulations; Crm.SmsLogs; Crm.Users,
katilim.crm,Crm,Customers,IdentityExpirationDate,datetime2(7),Evet,,Hayir,,Crm.Activities; Crm.Advices; Crm.AppointmentAssignments; Crm.Complaints; Crm.CustomerLogins; Crm.Customers; Crm.DataAnalysisLogs; Crm.ETesisTerkinIntegrations; Crm.Files; Crm.InternetSubeLogs; Crm.OffsetLogs; Crm.Opportunities; Crm.Organizations; Crm.Portfolios; Crm.SetOffLogs; Crm.Simulations; Crm.SmsLogs; Crm.Users,
katilim.crm,Crm,CustomerSources,Uid,uniqueidentifier,Hayir,,Evet,,Crm.CampaignSources; Crm.Opportunities; Crm.Users,
katilim.crm,Crm,CustomerSources,UpdatedAt,datetime2(7),Evet,,Hayir,,Crm.CampaignSources; Crm.Opportunities; Crm.Users,
katilim.crm,Crm,CustomerSources,DeletedAt,datetime2(7),Evet,,Hayir,,Crm.CampaignSources; Crm.Opportunities; Crm.Users,
katilim.crm,Crm,CustomerSources,CreatedAt,datetime2(7),Hayir,,Hayir,,Crm.CampaignSources; Crm.Opportunities; Crm.Users,
katilim.crm,Crm,CustomerSources,CreatedBy,uniqueidentifier,Evet,,Hayir,Crm.Users.Uid,Crm.CampaignSources; Crm.Opportunities; Crm.Users,
katilim.crm,Crm,CustomerSources,UpdatedBy,uniqueidentifier,Evet,,Hayir,Crm.Users.Uid,Crm.CampaignSources; Crm.Opportunities; Crm.Users,
katilim.crm,Crm,CustomerSources,DeletedBy,uniqueidentifier,Evet,,Hayir,Crm.Users.Uid,Crm.CampaignSources; Crm.Opportunities; Crm.Users,
katilim.crm,Crm,CustomerSources,Deleted,bit,Hayir,,Hayir,,Crm.CampaignSources; Crm.Opportunities; Crm.Users,
katilim.crm,Crm,CustomerSources,Name,nvarchar(100),Evet,,Hayir,,Crm.CampaignSources; Crm.Opportunities; Crm.Users,
katilim.crm,Crm,CustomerSources,Key,nvarchar(50),Evet,,Hayir,,Crm.CampaignSources; Crm.Opportunities; Crm.Users,
katilim.crm,Crm,CustomerSources,IsLeadRequired,bit,Hayir,((0)),Hayir,,Crm.CampaignSources; Crm.Opportunities; Crm.Users,
katilim.crm,Crm,CustomerSources,Code,nvarchar(50),Evet,,Hayir,,Crm.CampaignSources; Crm.Opportunities; Crm.Users,
katilim.crm,Crm,CustomerSources,IsBranch,bit,Hayir,((1)),Hayir,,Crm.CampaignSources; Crm.Opportunities; Crm.Users,
katilim.crm,Crm,CustomerSources,IsMarketing,bit,Hayir,((0)),Hayir,,Crm.CampaignSources; Crm.Opportunities; Crm.Users,
katilim.crm,Crm,CustomerSources,UtmSources,nvarchar(200),Evet,,Hayir,,Crm.CampaignSources; Crm.Opportunities; Crm.Users,
katilim.crm,Crm,CustomerSources,IsDigital,bit,Hayir,((0)),Hayir,,Crm.CampaignSources; Crm.Opportunities; Crm.Users,
katilim.crm,Crm,CustomerSources,IsActive,bit,Hayir,((1)),Hayir,,Crm.CampaignSources; Crm.Opportunities; Crm.Users,
katilim.crm,Crm,CustomerSources,IsBrandEnvoy,bit,Evet,,Hayir,,Crm.CampaignSources; Crm.Opportunities; Crm.Users,
katilim.crm,Crm,CustomerSources,IysSource,nvarchar(100),Evet,,Hayir,,Crm.CampaignSources; Crm.Opportunities; Crm.Users,
katilim.crm,Crm,DailyServicePricePaidLogs,Uid,uniqueidentifier,Hayir,,Evet,,Crm.Users,
katilim.crm,Crm,DailyServicePricePaidLogs,UpdatedAt,datetime2(7),Evet,,Hayir,,Crm.Users,
katilim.crm,Crm,DailyServicePricePaidLogs,DeletedAt,datetime2(7),Evet,,Hayir,,Crm.Users,
katilim.crm,Crm,DailyServicePricePaidLogs,CreatedAt,datetime2(7),Hayir,,Hayir,,Crm.Users,
katilim.crm,Crm,DailyServicePricePaidLogs,CreatedBy,uniqueidentifier,Evet,,Hayir,Crm.Users.Uid,Crm.Users,
katilim.crm,Crm,DailyServicePricePaidLogs,UpdatedBy,uniqueidentifier,Evet,,Hayir,Crm.Users.Uid,Crm.Users,
katilim.crm,Crm,DailyServicePricePaidLogs,DeletedBy,uniqueidentifier,Evet,,Hayir,Crm.Users.Uid,Crm.Users,
katilim.crm,Crm,DailyServicePricePaidLogs,Deleted,bit,Hayir,,Hayir,,Crm.Users,
katilim.crm,Crm,DailyServicePricePaidLogs,InstallmentUid,uniqueidentifier,Hayir,,Hayir,,Crm.Users,
katilim.crm,Crm,DailyServicePricePaidLogs,Amount,"decimal(18,2)",Hayir,,Hayir,,Crm.Users,
katilim.crm,Crm,DailyServicePricePaidLogs,ProcessDate,datetime2(7),Hayir,,Hayir,,Crm.Users,
katilim.crm,Crm,DailyServicePricePaidLogs,Type,nvarchar(5),Evet,,Hayir,,Crm.Users,
katilim.crm,Crm,DataAnalysisLogs,Uid,uniqueidentifier,Hayir,,Evet,,Crm.Contracts; Crm.Customers; Crm.Users,
katilim.crm,Crm,DataAnalysisLogs,UpdatedAt,datetime2(7),Evet,,Hayir,,Crm.Contracts; Crm.Customers; Crm.Users,
katilim.crm,Crm,DataAnalysisLogs,DeletedAt,datetime2(7),Evet,,Hayir,,Crm.Contracts; Crm.Customers; Crm.Users,
katilim.crm,Crm,DataAnalysisLogs,CreatedAt,datetime2(7),Hayir,,Hayir,,Crm.Contracts; Crm.Customers; Crm.Users,
katilim.crm,Crm,DataAnalysisLogs,CreatedBy,uniqueidentifier,Evet,,Hayir,Crm.Users.Uid,Crm.Contracts; Crm.Customers; Crm.Users,
katilim.crm,Crm,DataAnalysisLogs,UpdatedBy,uniqueidentifier,Evet,,Hayir,Crm.Users.Uid,Crm.Contracts; Crm.Customers; Crm.Users,
katilim.crm,Crm,DataAnalysisLogs,DeletedBy,uniqueidentifier,Evet,,Hayir,Crm.Users.Uid,Crm.Contracts; Crm.Customers; Crm.Users,
katilim.crm,Crm,DataAnalysisLogs,Deleted,bit,Hayir,,Hayir,,Crm.Contracts; Crm.Customers; Crm.Users,
katilim.crm,Crm,DataAnalysisLogs,CustomerUid,uniqueidentifier,Evet,,Hayir,Crm.Customers.Uid,Crm.Contracts; Crm.Customers; Crm.Users,
katilim.crm,Crm,DataAnalysisLogs,ContractUid,uniqueidentifier,Evet,,Hayir,Crm.Contracts.Uid,Crm.Contracts; Crm.Customers; Crm.Users,
katilim.crm,Crm,DataAnalysisLogs,LeadUid,uniqueidentifier,Evet,,Hayir,,Crm.Contracts; Crm.Customers; Crm.Users,
katilim.crm,Crm,DataAnalysisLogs,OwnerUid,uniqueidentifier,Evet,,Hayir,Crm.Users.Uid,Crm.Contracts; Crm.Customers; Crm.Users,
katilim.crm,Crm,DataAnalysisLogs,Code,nvarchar(100),Evet,,Hayir,,Crm.Contracts; Crm.Customers; Crm.Users,
katilim.crm,Crm,DataAnalysisLogs,IsConfirmed,bit,Evet,((0)),Hayir,,Crm.Contracts; Crm.Customers; Crm.Users,
katilim.crm,Crm,Debits,Uid,uniqueidentifier,Hayir,,Evet,,Crm.InventoryDebits; Crm.Users,
katilim.crm,Crm,Debits,UpdatedAt,datetime2(7),Evet,,Hayir,,Crm.InventoryDebits; Crm.Users,
katilim.crm,Crm,Debits,DeletedAt,datetime2(7),Evet,,Hayir,,Crm.InventoryDebits; Crm.Users,
katilim.crm,Crm,Debits,CreatedAt,datetime2(7),Hayir,,Hayir,,Crm.InventoryDebits; Crm.Users,
katilim.crm,Crm,Debits,CreatedBy,uniqueidentifier,Evet,,Hayir,Crm.Users.Uid,Crm.InventoryDebits; Crm.Users,
katilim.crm,Crm,Debits,UpdatedBy,uniqueidentifier,Evet,,Hayir,Crm.Users.Uid,Crm.InventoryDebits; Crm.Users,
katilim.crm,Crm,Debits,DeletedBy,uniqueidentifier,Evet,,Hayir,Crm.Users.Uid,Crm.InventoryDebits; Crm.Users,
katilim.crm,Crm,Debits,Deleted,bit,Hayir,,Hayir,,Crm.InventoryDebits; Crm.Users,
katilim.crm,Crm,Debits,UserUid,uniqueidentifier,Evet,,Hayir,Crm.Users.Uid,Crm.InventoryDebits; Crm.Users,
katilim.crm,Crm,Debits,DebitFile,nvarchar(100),Evet,,Hayir,,Crm.InventoryDebits; Crm.Users,
katilim.crm,Crm,Debits,Status,nvarchar(100),Evet,,Hayir,,Crm.InventoryDebits; Crm.Users,
katilim.crm,Crm,Debits,StartDate,datetime2(7),Hayir,,Hayir,,Crm.InventoryDebits; Crm.Users,
katilim.crm,Crm,Debits,EndDate,datetime2(7),Evet,,Hayir,,Crm.InventoryDebits; Crm.Users,
katilim.crm,Crm,Debits,Text,nvarchar(4000),Evet,,Hayir,,Crm.InventoryDebits; Crm.Users,
katilim.crm,Crm,Debits,Note,nvarchar(1000),Evet,,Hayir,,Crm.InventoryDebits; Crm.Users,
katilim.crm,Crm,Debits,InventoryUid,uniqueidentifier,Hayir,,Hayir,,Crm.InventoryDebits; Crm.Users,
katilim.crm,Crm,Debits,OrganizationUid,uniqueidentifier,Evet,,Hayir,,Crm.InventoryDebits; Crm.Users,
katilim.crm,Crm,Deliveries,Uid,uniqueidentifier,Hayir,,Evet,,Crm.Contracts; Crm.MortgageTypes; Crm.Users,
katilim.crm,Crm,Deliveries,UpdatedAt,datetime2(7),Evet,,Hayir,,Crm.Contracts; Crm.MortgageTypes; Crm.Users,
katilim.crm,Crm,Deliveries,DeletedAt,datetime2(7),Evet,,Hayir,,Crm.Contracts; Crm.MortgageTypes; Crm.Users,
katilim.crm,Crm,Deliveries,CreatedAt,datetime2(7),Hayir,,Hayir,,Crm.Contracts; Crm.MortgageTypes; Crm.Users,
katilim.crm,Crm,Deliveries,CreatedBy,uniqueidentifier,Evet,,Hayir,Crm.Users.Uid,Crm.Contracts; Crm.MortgageTypes; Crm.Users,
katilim.crm,Crm,Deliveries,UpdatedBy,uniqueidentifier,Evet,,Hayir,Crm.Users.Uid,Crm.Contracts; Crm.MortgageTypes; Crm.Users,
katilim.crm,Crm,Deliveries,DeletedBy,uniqueidentifier,Evet,,Hayir,Crm.Users.Uid,Crm.Contracts; Crm.MortgageTypes; Crm.Users,
katilim.crm,Crm,Deliveries,Deleted,bit,Hayir,,Hayir,,Crm.Contracts; Crm.MortgageTypes; Crm.Users,
katilim.crm,Crm,Deliveries,ContractUid,uniqueidentifier,Hayir,,Hayir,,Crm.Contracts; Crm.MortgageTypes; Crm.Users,
katilim.crm,Crm,Deliveries,Type,nvarchar(max),Evet,,Hayir,,Crm.Contracts; Crm.MortgageTypes; Crm.Users,
katilim.crm,Crm,Deliveries,CostInclusive,bit,Hayir,,Hayir,,Crm.Contracts; Crm.MortgageTypes; Crm.Users,
katilim.crm,Crm,Deliveries,MortgageTypeUid,uniqueidentifier,Evet,,Hayir,Crm.MortgageTypes.Uid,Crm.Contracts; Crm.MortgageTypes; Crm.Users,
katilim.crm,Crm,Deliveries,AssurancePrice,"decimal(18,2)",Evet,,Hayir,,Crm.Contracts; Crm.MortgageTypes; Crm.Users,
katilim.crm,Crm,Deliveries,ExpertizePrice,"decimal(18,2)",Evet,,Hayir,,Crm.Contracts; Crm.MortgageTypes; Crm.Users,
katilim.crm,Crm,Deliveries,DeliveryAmount,"decimal(18,2)",Hayir,,Hayir,,Crm.Contracts; Crm.MortgageTypes; Crm.Users,
katilim.crm,Crm,Deliveries,DeliveryDate,datetime2(7),Evet,,Hayir,,Crm.Contracts; Crm.MortgageTypes; Crm.Users,
katilim.crm,Crm,Deliveries,FinancialDeliveryDate,datetime2(7),Evet,,Hayir,,Crm.Contracts; Crm.MortgageTypes; Crm.Users,
katilim.crm,Crm,Deliveries,PaperWorkCompleteDate,datetime2(7),Evet,,Hayir,,Crm.Contracts; Crm.MortgageTypes; Crm.Users,
katilim.crm,Crm,Deliveries,OffsettingContractUid,uniqueidentifier,Evet,,Hayir,Crm.Contracts.Uid,Crm.Contracts; Crm.MortgageTypes; Crm.Users,
katilim.crm,Crm,Deliveries,ProductType,nvarchar(max),Evet,,Hayir,,Crm.Contracts; Crm.MortgageTypes; Crm.Users,
katilim.crm,Crm,Deliveries,IsComplete,bit,Hayir,,Hayir,,Crm.Contracts; Crm.MortgageTypes; Crm.Users,
katilim.crm,Crm,Deliveries,Receipt,varchar(100),Evet,,Hayir,,Crm.Contracts; Crm.MortgageTypes; Crm.Users,
katilim.crm,Crm,DeliveryCallHistories,Uid,uniqueidentifier,Hayir,,Evet,,Crm.DeliveryCalls; Crm.Users,
katilim.crm,Crm,DeliveryCallHistories,UpdatedAt,datetime2(7),Evet,,Hayir,,Crm.DeliveryCalls; Crm.Users,
katilim.crm,Crm,DeliveryCallHistories,DeletedAt,datetime2(7),Evet,,Hayir,,Crm.DeliveryCalls; Crm.Users,
katilim.crm,Crm,DeliveryCallHistories,CreatedAt,datetime2(7),Hayir,,Hayir,,Crm.DeliveryCalls; Crm.Users,
katilim.crm,Crm,DeliveryCallHistories,CreatedBy,uniqueidentifier,Evet,,Hayir,Crm.Users.Uid,Crm.DeliveryCalls; Crm.Users,
katilim.crm,Crm,DeliveryCallHistories,UpdatedBy,uniqueidentifier,Evet,,Hayir,Crm.Users.Uid,Crm.DeliveryCalls; Crm.Users,
katilim.crm,Crm,DeliveryCallHistories,DeletedBy,uniqueidentifier,Evet,,Hayir,Crm.Users.Uid,Crm.DeliveryCalls; Crm.Users,
katilim.crm,Crm,DeliveryCallHistories,Deleted,bit,Hayir,,Hayir,,Crm.DeliveryCalls; Crm.Users,
katilim.crm,Crm,DeliveryCallHistories,DeliveryCallUid,uniqueidentifier,Hayir,,Hayir,Crm.DeliveryCalls.Uid,Crm.DeliveryCalls; Crm.Users,
katilim.crm,Crm,DeliveryCallHistories,ContractUid,uniqueidentifier,Evet,,Hayir,,Crm.DeliveryCalls; Crm.Users,
katilim.crm,Crm,DeliveryCallHistories,OwnerUid,uniqueidentifier,Evet,,Hayir,,Crm.DeliveryCalls; Crm.Users,
katilim.crm,Crm,DeliveryCallHistories,OutBoundCallUid,uniqueidentifier,Evet,,Hayir,,Crm.DeliveryCalls; Crm.Users,
katilim.crm,Crm,DeliveryCallHistories,CallCount,int,Hayir,((0)),Hayir,,Crm.DeliveryCalls; Crm.Users,
katilim.crm,Crm,DeliveryCallHistories,Status,smallint,Evet,,Hayir,,Crm.DeliveryCalls; Crm.Users,
katilim.crm,Crm,DeliveryCallHistories,RecallDate,datetime2(7),Evet,,Hayir,,Crm.DeliveryCalls; Crm.Users,
katilim.crm,Crm,DeliveryCallHistories,CompletedDate,datetime2(7),Evet,,Hayir,,Crm.DeliveryCalls; Crm.Users,
katilim.crm,Crm,DeliveryCallHistories,UnReachedDate,datetime2(7),Evet,,Hayir,,Crm.DeliveryCalls; Crm.Users,
katilim.crm,Crm,DeliveryCallHistories,OldValue,nvarchar(max),Evet,,Hayir,,Crm.DeliveryCalls; Crm.Users,
katilim.crm,Crm,DeliveryCallHistories,NewValue,nvarchar(max),Evet,,Hayir,,Crm.DeliveryCalls; Crm.Users,
katilim.crm,Crm,DeliveryCallHistories,TransactionName,nvarchar(100),Evet,,Hayir,,Crm.DeliveryCalls; Crm.Users,
katilim.crm,Crm,DeliveryCallHistories,OldValueText,nvarchar(100),Evet,,Hayir,,Crm.DeliveryCalls; Crm.Users,
katilim.crm,Crm,DeliveryCallHistories,NewValueText,nvarchar(100),Evet,,Hayir,,Crm.DeliveryCalls; Crm.Users,
katilim.crm,Crm,DeliveryCallHistories,FieldNameText,nvarchar(100),Evet,,Hayir,,Crm.DeliveryCalls; Crm.Users,
katilim.crm,Crm,DeliveryCallHistories,DocumentRequestedDate,datetime2(7),Evet,,Hayir,,Crm.DeliveryCalls; Crm.Users,
katilim.crm,Crm,DeliveryCallNotes,Uid,uniqueidentifier,Hayir,,Evet,,Crm.DeliveryCalls; Crm.Users,
katilim.crm,Crm,DeliveryCallNotes,UpdatedAt,datetime2(7),Evet,,Hayir,,Crm.DeliveryCalls; Crm.Users,
katilim.crm,Crm,DeliveryCallNotes,DeletedAt,datetime2(7),Evet,,Hayir,,Crm.DeliveryCalls; Crm.Users,
katilim.crm,Crm,DeliveryCallNotes,CreatedAt,datetime2(7),Hayir,,Hayir,,Crm.DeliveryCalls; Crm.Users,
katilim.crm,Crm,DeliveryCallNotes,CreatedBy,uniqueidentifier,Evet,,Hayir,Crm.Users.Uid,Crm.DeliveryCalls; Crm.Users,
katilim.crm,Crm,DeliveryCallNotes,UpdatedBy,uniqueidentifier,Evet,,Hayir,Crm.Users.Uid,Crm.DeliveryCalls; Crm.Users,
katilim.crm,Crm,DeliveryCallNotes,DeletedBy,uniqueidentifier,Evet,,Hayir,Crm.Users.Uid,Crm.DeliveryCalls; Crm.Users,
katilim.crm,Crm,DeliveryCallNotes,Deleted,bit,Hayir,,Hayir,,Crm.DeliveryCalls; Crm.Users,
katilim.crm,Crm,DeliveryCallNotes,DeliveryCallUid,uniqueidentifier,Hayir,,Hayir,Crm.DeliveryCalls.Uid,Crm.DeliveryCalls; Crm.Users,
katilim.crm,Crm,DeliveryCallNotes,OwnerUid,uniqueidentifier,Hayir,,Hayir,,Crm.DeliveryCalls; Crm.Users,
katilim.crm,Crm,DeliveryCallNotes,NoteText,nvarchar(max),Evet,,Hayir,,Crm.DeliveryCalls; Crm.Users,
katilim.crm,Crm,DeliveryCallNotes,FileUid,uniqueidentifier,Evet,,Hayir,,Crm.DeliveryCalls; Crm.Users,
katilim.crm,Crm,DeliveryCalls,Uid,uniqueidentifier,Hayir,,Evet,,Crm.Contracts; Crm.DeliveryCallHistories; Crm.DeliveryCallNotes; Crm.Users,
katilim.crm,Crm,DeliveryCalls,UpdatedAt,datetime2(7),Evet,,Hayir,,Crm.Contracts; Crm.DeliveryCallHistories; Crm.DeliveryCallNotes; Crm.Users,
katilim.crm,Crm,DeliveryCalls,DeletedAt,datetime2(7),Evet,,Hayir,,Crm.Contracts; Crm.DeliveryCallHistories; Crm.DeliveryCallNotes; Crm.Users,
katilim.crm,Crm,DeliveryCalls,CreatedAt,datetime2(7),Hayir,,Hayir,,Crm.Contracts; Crm.DeliveryCallHistories; Crm.DeliveryCallNotes; Crm.Users,
katilim.crm,Crm,DeliveryCalls,CreatedBy,uniqueidentifier,Evet,,Hayir,Crm.Users.Uid,Crm.Contracts; Crm.DeliveryCallHistories; Crm.DeliveryCallNotes; Crm.Users,
katilim.crm,Crm,DeliveryCalls,UpdatedBy,uniqueidentifier,Evet,,Hayir,Crm.Users.Uid,Crm.Contracts; Crm.DeliveryCallHistories; Crm.DeliveryCallNotes; Crm.Users,
katilim.crm,Crm,DeliveryCalls,DeletedBy,uniqueidentifier,Evet,,Hayir,Crm.Users.Uid,Crm.Contracts; Crm.DeliveryCallHistories; Crm.DeliveryCallNotes; Crm.Users,
katilim.crm,Crm,DeliveryCalls,Deleted,bit,Hayir,,Hayir,,Crm.Contracts; Crm.DeliveryCallHistories; Crm.DeliveryCallNotes; Crm.Users,
katilim.crm,Crm,DeliveryCalls,ContractUid,uniqueidentifier,Evet,,Hayir,Crm.Contracts.Uid,Crm.Contracts; Crm.DeliveryCallHistories; Crm.DeliveryCallNotes; Crm.Users,
katilim.crm,Crm,DeliveryCalls,OwnerUid,uniqueidentifier,Evet,,Hayir,,Crm.Contracts; Crm.DeliveryCallHistories; Crm.DeliveryCallNotes; Crm.Users,
katilim.crm,Crm,DeliveryCalls,OutBoundCallUid,uniqueidentifier,Evet,,Hayir,,Crm.Contracts; Crm.DeliveryCallHistories; Crm.DeliveryCallNotes; Crm.Users,
katilim.crm,Crm,DeliveryCalls,CallCount,int,Hayir,((0)),Hayir,,Crm.Contracts; Crm.DeliveryCallHistories; Crm.DeliveryCallNotes; Crm.Users,
katilim.crm,Crm,DeliveryCalls,Status,smallint,Evet,,Hayir,,Crm.Contracts; Crm.DeliveryCallHistories; Crm.DeliveryCallNotes; Crm.Users,
katilim.crm,Crm,DeliveryCalls,RecallDate,datetime2(7),Evet,,Hayir,,Crm.Contracts; Crm.DeliveryCallHistories; Crm.DeliveryCallNotes; Crm.Users,
katilim.crm,Crm,DeliveryCalls,CompletedDate,datetime2(7),Evet,,Hayir,,Crm.Contracts; Crm.DeliveryCallHistories; Crm.DeliveryCallNotes; Crm.Users,
katilim.crm,Crm,DeliveryCalls,UnReachedDate,datetime2(7),Evet,,Hayir,,Crm.Contracts; Crm.DeliveryCallHistories; Crm.DeliveryCallNotes; Crm.Users,
katilim.crm,Crm,DeliveryCalls,DocumentRequestedDate,datetime2(7),Evet,,Hayir,,Crm.Contracts; Crm.DeliveryCallHistories; Crm.DeliveryCallNotes; Crm.Users,
katilim.crm,Crm,DeliveryDocumentApprovals,Uid,uniqueidentifier,Hayir,,Evet,,Crm.Contracts; Crm.FileTypes; Crm.Files,
katilim.crm,Crm,DeliveryDocumentApprovals,UpdatedAt,datetime2(7),Evet,,Hayir,,Crm.Contracts; Crm.FileTypes; Crm.Files,
katilim.crm,Crm,DeliveryDocumentApprovals,DeletedAt,datetime2(7),Evet,,Hayir,,Crm.Contracts; Crm.FileTypes; Crm.Files,
katilim.crm,Crm,DeliveryDocumentApprovals,CreatedAt,datetime2(7),Hayir,,Hayir,,Crm.Contracts; Crm.FileTypes; Crm.Files,
katilim.crm,Crm,DeliveryDocumentApprovals,CreatedBy,uniqueidentifier,Evet,,Hayir,,Crm.Contracts; Crm.FileTypes; Crm.Files,
katilim.crm,Crm,DeliveryDocumentApprovals,UpdatedBy,uniqueidentifier,Evet,,Hayir,,Crm.Contracts; Crm.FileTypes; Crm.Files,
katilim.crm,Crm,DeliveryDocumentApprovals,DeletedBy,uniqueidentifier,Evet,,Hayir,,Crm.Contracts; Crm.FileTypes; Crm.Files,
katilim.crm,Crm,DeliveryDocumentApprovals,Deleted,bit,Hayir,,Hayir,,Crm.Contracts; Crm.FileTypes; Crm.Files,
katilim.crm,Crm,DeliveryDocumentApprovals,ContractUid,uniqueidentifier,Hayir,,Hayir,Crm.Contracts.Uid,Crm.Contracts; Crm.FileTypes; Crm.Files,
katilim.crm,Crm,DeliveryDocumentApprovals,FileTypeUid,uniqueidentifier,Hayir,,Hayir,Crm.FileTypes.Uid,Crm.Contracts; Crm.FileTypes; Crm.Files,
katilim.crm,Crm,DeliveryDocumentApprovals,FileUid,uniqueidentifier,Evet,,Hayir,Crm.Files.Uid,Crm.Contracts; Crm.FileTypes; Crm.Files,
katilim.crm,Crm,DeliveryDocumentApprovals,Status,smallint,Hayir,,Hayir,,Crm.Contracts; Crm.FileTypes; Crm.Files,
katilim.crm,Crm,DeliveryDocumentApprovals,OldStatus,smallint,Evet,,Hayir,,Crm.Contracts; Crm.FileTypes; Crm.Files,
katilim.crm,Crm,DeliveryDocumentApprovals,Comment,nvarchar(max),Evet,,Hayir,,Crm.Contracts; Crm.FileTypes; Crm.Files,
katilim.crm,Crm,DeliveryDocumentApprovals,IsRequired,bit,Hayir,((1)),Hayir,,Crm.Contracts; Crm.FileTypes; Crm.Files,
katilim.crm,Crm,DeliveryDocumentApprovals,ProductType,nvarchar(2),Hayir,,Hayir,,Crm.Contracts; Crm.FileTypes; Crm.Files,
katilim.crm,Crm,DeliveryDocumentApprovals,ControlAt,datetime2(7),Evet,,Hayir,,Crm.Contracts; Crm.FileTypes; Crm.Files,
katilim.crm,Crm,DeliveryDocumentApprovals,ControlBy,uniqueidentifier,Evet,,Hayir,,Crm.Contracts; Crm.FileTypes; Crm.Files,
katilim.crm,Crm,DeliveryDocumentApprovals,SendApprovalBy,uniqueidentifier,Evet,,Hayir,,Crm.Contracts; Crm.FileTypes; Crm.Files,
katilim.crm,Crm,DeliveryDocumentApprovals,GuarontorName,nvarchar(200),Evet,,Hayir,,Crm.Contracts; Crm.FileTypes; Crm.Files,
katilim.crm,Crm,DeliveryEmployees,Uid,uniqueidentifier,Hayir,,Evet,,Crm.Organizations; Crm.Users,
katilim.crm,Crm,DeliveryEmployees,UpdatedAt,datetime2(7),Evet,,Hayir,,Crm.Organizations; Crm.Users,
katilim.crm,Crm,DeliveryEmployees,DeletedAt,datetime2(7),Evet,,Hayir,,Crm.Organizations; Crm.Users,
katilim.crm,Crm,DeliveryEmployees,CreatedAt,datetime2(7),Hayir,,Hayir,,Crm.Organizations; Crm.Users,
katilim.crm,Crm,DeliveryEmployees,CreatedBy,uniqueidentifier,Evet,,Hayir,Crm.Users.Uid,Crm.Organizations; Crm.Users,
katilim.crm,Crm,DeliveryEmployees,UpdatedBy,uniqueidentifier,Evet,,Hayir,Crm.Users.Uid,Crm.Organizations; Crm.Users,
katilim.crm,Crm,DeliveryEmployees,DeletedBy,uniqueidentifier,Evet,,Hayir,Crm.Users.Uid,Crm.Organizations; Crm.Users,
katilim.crm,Crm,DeliveryEmployees,Deleted,bit,Hayir,,Hayir,,Crm.Organizations; Crm.Users,
katilim.crm,Crm,DeliveryEmployees,UserUid,uniqueidentifier,Evet,,Hayir,Crm.Users.Uid,Crm.Organizations; Crm.Users,
katilim.crm,Crm,DeliveryEmployees,OrganizationUid,uniqueidentifier,Evet,,Hayir,Crm.Organizations.Uid,Crm.Organizations; Crm.Users,
katilim.crm,Crm,DeliveryEmployees,DayOfWeek,int,Evet,,Hayir,,Crm.Organizations; Crm.Users,
katilim.crm,Crm,DeliveryFiles,UpdatedBy,uniqueidentifier,Evet,,Hayir,Crm.Users.Uid,Crm.Contracts; Crm.FileTypes; Crm.Files; Crm.Users,
katilim.crm,Crm,DeliveryFiles,CreatedAt,datetime2(7),Hayir,,Hayir,,Crm.Contracts; Crm.FileTypes; Crm.Files; Crm.Users,
katilim.crm,Crm,DeliveryFiles,CreatedBy,uniqueidentifier,Evet,,Hayir,Crm.Users.Uid,Crm.Contracts; Crm.FileTypes; Crm.Files; Crm.Users,
katilim.crm,Crm,DeliveryFiles,Deleted,bit,Hayir,,Hayir,,Crm.Contracts; Crm.FileTypes; Crm.Files; Crm.Users,
katilim.crm,Crm,DeliveryFiles,DeletedAt,datetime2(7),Evet,,Hayir,,Crm.Contracts; Crm.FileTypes; Crm.Files; Crm.Users,
katilim.crm,Crm,DeliveryFiles,DeletedBy,uniqueidentifier,Evet,,Hayir,Crm.Users.Uid,Crm.Contracts; Crm.FileTypes; Crm.Files; Crm.Users,
katilim.crm,Crm,DeliveryFiles,Uid,uniqueidentifier,Hayir,,Evet,,Crm.Contracts; Crm.FileTypes; Crm.Files; Crm.Users,
katilim.crm,Crm,DeliveryFiles,UpdatedAt,datetime2(7),Evet,,Hayir,,Crm.Contracts; Crm.FileTypes; Crm.Files; Crm.Users,
katilim.crm,Crm,DeliveryFiles,ContractUid,uniqueidentifier,Hayir,,Hayir,Crm.Contracts.Uid,Crm.Contracts; Crm.FileTypes; Crm.Files; Crm.Users,
katilim.crm,Crm,DeliveryFiles,DeliveryUid,uniqueidentifier,Evet,,Hayir,,Crm.Contracts; Crm.FileTypes; Crm.Files; Crm.Users,
katilim.crm,Crm,DeliveryFiles,FileTypeUid,uniqueidentifier,Evet,,Hayir,Crm.FileTypes.Uid,Crm.Contracts; Crm.FileTypes; Crm.Files; Crm.Users,
katilim.crm,Crm,DeliveryFiles,FileUid,uniqueidentifier,Evet,,Hayir,Crm.Files.Uid,Crm.Contracts; Crm.FileTypes; Crm.Files; Crm.Users,
katilim.crm,Crm,DeliveryFiles,GuarantorUid,uniqueidentifier,Evet,,Hayir,,Crm.Contracts; Crm.FileTypes; Crm.Files; Crm.Users,
katilim.crm,Crm,DeliveryFiles,ApproverUid,uniqueidentifier,Evet,,Hayir,,Crm.Contracts; Crm.FileTypes; Crm.Files; Crm.Users,
katilim.crm,Crm,DeliveryFiles,Status,varchar(2),Evet,,Hayir,,Crm.Contracts; Crm.FileTypes; Crm.Files; Crm.Users,
katilim.crm,Crm,DeliveryPaymentLogs,Uid,uniqueidentifier,Hayir,,Hayir,,,
katilim.crm,Crm,DeliveryPaymentLogs,UpdatedAt,datetime2(7),Evet,,Hayir,,,
katilim.crm,Crm,DeliveryPaymentLogs,DeletedAt,datetime2(7),Evet,,Hayir,,,
katilim.crm,Crm,DeliveryPaymentLogs,CreatedAt,datetime2(7),Hayir,,Hayir,,,
katilim.crm,Crm,DeliveryPaymentLogs,CreatedBy,uniqueidentifier,Evet,,Hayir,,,
katilim.crm,Crm,DeliveryPaymentLogs,UpdatedBy,uniqueidentifier,Evet,,Hayir,,,
katilim.crm,Crm,DeliveryPaymentLogs,DeletedBy,uniqueidentifier,Evet,,Hayir,,,
katilim.crm,Crm,DeliveryPaymentLogs,Deleted,bit,Hayir,,Hayir,,,
katilim.crm,Crm,DeliveryPaymentLogs,LogType,smallint,Evet,,Hayir,,,
katilim.crm,Crm,DeliveryPaymentLogs,Department,nvarchar(100),Evet,,Hayir,,,
katilim.crm,Crm,DeliveryPaymentLogs,DeliveryPaymentUid,uniqueidentifier,Evet,,Hayir,,,
katilim.crm,Crm,DeliveryPaymentLogs,Description,nvarchar(4000),Evet,,Hayir,,,
katilim.crm,Crm,DeliveryPayments,Uid,uniqueidentifier,Hayir,,Evet,,Crm.MortgageTypes; Crm.Users,
katilim.crm,Crm,DeliveryPayments,UpdatedAt,datetime2(7),Evet,,Hayir,,Crm.MortgageTypes; Crm.Users,
katilim.crm,Crm,DeliveryPayments,DeletedAt,datetime2(7),Evet,,Hayir,,Crm.MortgageTypes; Crm.Users,
katilim.crm,Crm,DeliveryPayments,CreatedAt,datetime2(7),Hayir,,Hayir,,Crm.MortgageTypes; Crm.Users,
katilim.crm,Crm,DeliveryPayments,CreatedBy,uniqueidentifier,Evet,,Hayir,Crm.Users.Uid,Crm.MortgageTypes; Crm.Users,
katilim.crm,Crm,DeliveryPayments,UpdatedBy,uniqueidentifier,Evet,,Hayir,Crm.Users.Uid,Crm.MortgageTypes; Crm.Users,
katilim.crm,Crm,DeliveryPayments,DeletedBy,uniqueidentifier,Evet,,Hayir,Crm.Users.Uid,Crm.MortgageTypes; Crm.Users,
katilim.crm,Crm,DeliveryPayments,Deleted,bit,Hayir,,Hayir,,Crm.MortgageTypes; Crm.Users,
katilim.crm,Crm,DeliveryPayments,ContractUid,uniqueidentifier,Hayir,,Hayir,,Crm.MortgageTypes; Crm.Users,
katilim.crm,Crm,DeliveryPayments,MortgageTypeUid,uniqueidentifier,Evet,,Hayir,Crm.MortgageTypes.Uid,Crm.MortgageTypes; Crm.Users,
katilim.crm,Crm,DeliveryPayments,DeliveryAmount,"decimal(18,2)",Hayir,,Hayir,,Crm.MortgageTypes; Crm.Users,
katilim.crm,Crm,DeliveryPayments,ProductType,nvarchar(10),Evet,,Hayir,,Crm.MortgageTypes; Crm.Users,
katilim.crm,Crm,DeliveryPayments,InsuranceDeduction,"decimal(18,2)",Evet,,Hayir,,Crm.MortgageTypes; Crm.Users,
katilim.crm,Crm,DeliveryPayments,CompletedDeliveryAmount,"decimal(18,2)",Evet,,Hayir,,Crm.MortgageTypes; Crm.Users,
katilim.crm,Crm,DeliveryPayments,BeforeDeliveryStatus,nvarchar(50),Hayir,,Hayir,,Crm.MortgageTypes; Crm.Users,
katilim.crm,Crm,DeliveryPayments,BeforeDeliverySubStatus,smallint,Evet,,Hayir,,Crm.MortgageTypes; Crm.Users,
katilim.crm,Crm,DeliveryPayments,DeliveryRefundLogoManualAction,bit,Evet,,Hayir,,Crm.MortgageTypes; Crm.Users,
katilim.crm,Crm,DeliveryPayments,RefundAmount,"decimal(18,2)",Evet,,Hayir,,Crm.MortgageTypes; Crm.Users,
katilim.crm,Crm,DeliveryPayments,DeliveryApprovalDate,datetime2(7),Evet,,Hayir,,Crm.MortgageTypes; Crm.Users,
katilim.crm,Crm,DeliveryPayments,DeliveryRefundDate,datetime2(7),Evet,,Hayir,,Crm.MortgageTypes; Crm.Users,
katilim.crm,Crm,DeliveryPayments,LogoNo,bigint,Evet,,Hayir,,Crm.MortgageTypes; Crm.Users,
katilim.crm,Crm,DeliveryPayments,LogoProcessDate,datetime,Evet,,Hayir,,Crm.MortgageTypes; Crm.Users,
katilim.crm,Crm,DeliveryPayments,BankUid,uniqueidentifier,Evet,,Hayir,,Crm.MortgageTypes; Crm.Users,
katilim.crm,Crm,DeliveryPayments,BankAccountUid,uniqueidentifier,Evet,,Hayir,,Crm.MortgageTypes; Crm.Users,
katilim.crm,Crm,DeliveryPayments,Status,smallint,Evet,,Hayir,,Crm.MortgageTypes; Crm.Users,
katilim.crm,Crm,DeliveryPayments,Message,varchar(max),Evet,,Hayir,,Crm.MortgageTypes; Crm.Users,
katilim.crm,Crm,DeliveryPayments,AccountList,varchar(max),Evet,,Hayir,,Crm.MortgageTypes; Crm.Users,
katilim.crm,Crm,DeliveryPayments,ErrorList,varchar(max),Evet,,Hayir,,Crm.MortgageTypes; Crm.Users,
katilim.crm,Crm,DeliveryPayments,DeliveryApporovalUserUid,uniqueidentifier,Evet,,Hayir,Crm.Users.Uid,Crm.MortgageTypes; Crm.Users,
katilim.crm,Crm,DeliveryPayments,Notes,varchar(max),Evet,,Hayir,,Crm.MortgageTypes; Crm.Users,
katilim.crm,Crm,DeliveryPayments,PaymentDate,datetime2(7),Evet,,Hayir,,Crm.MortgageTypes; Crm.Users,
katilim.crm,Crm,DeliveryPayments,PaymentUserUid,uniqueidentifier,Evet,,Hayir,,Crm.MortgageTypes; Crm.Users,
katilim.crm,Crm,DeliveryRanges,Uid,uniqueidentifier,Hayir,,Evet,,Crm.Products; Crm.Users,
katilim.crm,Crm,DeliveryRanges,UpdatedAt,datetime2(7),Evet,,Hayir,,Crm.Products; Crm.Users,
katilim.crm,Crm,DeliveryRanges,DeletedAt,datetime2(7),Evet,,Hayir,,Crm.Products; Crm.Users,
katilim.crm,Crm,DeliveryRanges,CreatedAt,datetime2(7),Hayir,,Hayir,,Crm.Products; Crm.Users,
katilim.crm,Crm,DeliveryRanges,CreatedBy,uniqueidentifier,Evet,,Hayir,Crm.Users.Uid,Crm.Products; Crm.Users,
katilim.crm,Crm,DeliveryRanges,UpdatedBy,uniqueidentifier,Evet,,Hayir,Crm.Users.Uid,Crm.Products; Crm.Users,
katilim.crm,Crm,DeliveryRanges,DeletedBy,uniqueidentifier,Evet,,Hayir,Crm.Users.Uid,Crm.Products; Crm.Users,
katilim.crm,Crm,DeliveryRanges,Deleted,bit,Hayir,,Hayir,,Crm.Products; Crm.Users,
katilim.crm,Crm,DeliveryRanges,ProductUid,uniqueidentifier,Hayir,,Hayir,Crm.Products.Uid,Crm.Products; Crm.Users,
katilim.crm,Crm,DeliveryRanges,StartMonth,int,Hayir,,Hayir,,Crm.Products; Crm.Users,
katilim.crm,Crm,DeliveryRanges,EndMonth,int,Hayir,,Hayir,,Crm.Products; Crm.Users,
katilim.crm,Crm,DeliveryRanges,StartMonthNotCampaign,int,Hayir,((0)),Hayir,,Crm.Products; Crm.Users,
katilim.crm,Crm,DeliveryRanges,EndMonthNotCampaign,int,Hayir,((0)),Hayir,,Crm.Products; Crm.Users,
katilim.crm,Crm,DeliveryRanges,StartRate,"decimal(18,2)",Hayir,,Hayir,,Crm.Products; Crm.Users,
katilim.crm,Crm,DeliveryRanges,EndRate,"decimal(18,2)",Hayir,,Hayir,,Crm.Products; Crm.Users,
katilim.crm,Crm,DeliveryRanges,MeskenUid,uniqueidentifier,Evet,,Hayir,,Crm.Products; Crm.Users,
katilim.crm,Crm,DeliveryWorkAdvances,Uid,uniqueidentifier,Hayir,,Evet,,Crm.Users,
katilim.crm,Crm,DeliveryWorkAdvances,UpdatedAt,datetime2(7),Evet,,Hayir,,Crm.Users,
katilim.crm,Crm,DeliveryWorkAdvances,DeletedAt,datetime2(7),Evet,,Hayir,,Crm.Users,
katilim.crm,Crm,DeliveryWorkAdvances,CreatedAt,datetime2(7),Hayir,,Hayir,,Crm.Users,
katilim.crm,Crm,DeliveryWorkAdvances,CreatedBy,uniqueidentifier,Evet,,Hayir,Crm.Users.Uid,Crm.Users,
katilim.crm,Crm,DeliveryWorkAdvances,UpdatedBy,uniqueidentifier,Evet,,Hayir,Crm.Users.Uid,Crm.Users,
katilim.crm,Crm,DeliveryWorkAdvances,DeletedBy,uniqueidentifier,Evet,,Hayir,Crm.Users.Uid,Crm.Users,
katilim.crm,Crm,DeliveryWorkAdvances,Deleted,bit,Hayir,,Hayir,,Crm.Users,
katilim.crm,Crm,DeliveryWorkAdvances,UserUid,uniqueidentifier,Evet,,Hayir,Crm.Users.Uid,Crm.Users,
katilim.crm,Crm,DeliveryWorkAdvances,Amount,"decimal(18,2)",Evet,,Hayir,,Crm.Users,
katilim.crm,Crm,DeliveryWorkAdvances,EndingAmount,"decimal(18,2)",Evet,,Hayir,,Crm.Users,
katilim.crm,Crm,DeprivationInqueries,Uid,uniqueidentifier,Hayir,,Evet,,,
katilim.crm,Crm,DeprivationInqueries,UpdatedAt,datetime2(7),Evet,,Hayir,,,
katilim.crm,Crm,DeprivationInqueries,DeletedAt,datetime2(7),Evet,,Hayir,,,
katilim.crm,Crm,DeprivationInqueries,CreatedAt,datetime2(7),Hayir,,Hayir,,,
katilim.crm,Crm,DeprivationInqueries,CreatedBy,uniqueidentifier,Evet,,Hayir,,,
katilim.crm,Crm,DeprivationInqueries,UpdatedBy,uniqueidentifier,Evet,,Hayir,,,
katilim.crm,Crm,DeprivationInqueries,DeletedBy,uniqueidentifier,Evet,,Hayir,,,
katilim.crm,Crm,DeprivationInqueries,Deleted,bit,Hayir,,Hayir,,,
katilim.crm,Crm,DeprivationInqueries,PlateNumber,nvarchar(50),Evet,,Hayir,,,
katilim.crm,Crm,DeprivationInqueries,RegistrationSerialNumber,nvarchar(50),Evet,,Hayir,,,
katilim.crm,Crm,DeprivationInqueries,AsbisRegistrationReferenceNumber,nvarchar(50),Evet,,Hayir,,,
katilim.crm,Crm,DeprivationInqueries,VehicleType,int,Evet,,Hayir,,,
katilim.crm,Crm,DeprivationInqueries,VehicleBrand,nvarchar(50),Evet,,Hayir,,,
katilim.crm,Crm,DeprivationInqueries,Year,int,Evet,,Hayir,,,
katilim.crm,Crm,DeprivationInqueries,RegistrationStatus,bit,Hayir,,Hayir,,,
katilim.crm,Crm,DeprivationInqueries,EngineNumber,varchar(50),Evet,,Hayir,,,
katilim.crm,Crm,DeprivationInqueries,ChassisNumber,varchar(50),Evet,,Hayir,,,
katilim.crm,Crm,DeprivationInqueries,ReasonType,smallint,Evet,,Hayir,,,
katilim.crm,Crm,Distraints,Uid,uniqueidentifier,Hayir,,Evet,,Crm.Contracts; Crm.Files; Crm.Users,
katilim.crm,Crm,Distraints,UpdatedAt,datetime2(7),Evet,,Hayir,,Crm.Contracts; Crm.Files; Crm.Users,
katilim.crm,Crm,Distraints,DeletedAt,datetime2(7),Evet,,Hayir,,Crm.Contracts; Crm.Files; Crm.Users,
katilim.crm,Crm,Distraints,CreatedAt,datetime2(7),Hayir,,Hayir,,Crm.Contracts; Crm.Files; Crm.Users,
katilim.crm,Crm,Distraints,CreatedBy,uniqueidentifier,Evet,,Hayir,Crm.Users.Uid,Crm.Contracts; Crm.Files; Crm.Users,
katilim.crm,Crm,Distraints,UpdatedBy,uniqueidentifier,Evet,,Hayir,Crm.Users.Uid,Crm.Contracts; Crm.Files; Crm.Users,
katilim.crm,Crm,Distraints,DeletedBy,uniqueidentifier,Evet,,Hayir,Crm.Users.Uid,Crm.Contracts; Crm.Files; Crm.Users,
katilim.crm,Crm,Distraints,Deleted,bit,Hayir,,Hayir,,Crm.Contracts; Crm.Files; Crm.Users,
katilim.crm,Crm,Distraints,DistraintOffice,nvarchar(200),Evet,,Hayir,,Crm.Contracts; Crm.Files; Crm.Users,
katilim.crm,Crm,Distraints,FileNumber,nvarchar(50),Evet,,Hayir,,Crm.Contracts; Crm.Files; Crm.Users,
katilim.crm,Crm,Distraints,StartDate,datetime2(7),Evet,,Hayir,,Crm.Contracts; Crm.Files; Crm.Users,
katilim.crm,Crm,Distraints,RenewalDate,datetime2(7),Evet,,Hayir,,Crm.Contracts; Crm.Files; Crm.Users,
katilim.crm,Crm,Distraints,ContractUid,uniqueidentifier,Hayir,,Hayir,Crm.Contracts.Uid,Crm.Contracts; Crm.Files; Crm.Users,
katilim.crm,Crm,Distraints,EndDate,datetime2(7),Evet,,Hayir,,Crm.Contracts; Crm.Files; Crm.Users,
katilim.crm,Crm,DocumentReads,Uid,uniqueidentifier,Hayir,,Hayir,,,
katilim.crm,Crm,DocumentReads,UpdatedAt,datetime2(7),Evet,,Hayir,,,
katilim.crm,Crm,DocumentReads,DeletedAt,datetime2(7),Evet,,Hayir,,,
katilim.crm,Crm,DocumentReads,CreatedAt,datetime2(7),Hayir,,Hayir,,,
katilim.crm,Crm,DocumentReads,CreatedBy,uniqueidentifier,Evet,,Hayir,,,
katilim.crm,Crm,DocumentReads,UpdatedBy,uniqueidentifier,Evet,,Hayir,,,
katilim.crm,Crm,DocumentReads,DeletedBy,uniqueidentifier,Evet,,Hayir,,,
katilim.crm,Crm,DocumentReads,Deleted,bit,Hayir,,Hayir,,,
katilim.crm,Crm,DocumentReads,DocumentUid,uniqueidentifier,Hayir,,Hayir,,,
katilim.crm,Crm,DocumentReads,OrganizationUid,uniqueidentifier,Evet,,Hayir,,,
katilim.crm,Crm,DocumentReads,AllOrganitionRead,bit,Hayir,((0)),Hayir,,,
katilim.crm,Crm,DocumentReads,AllRegionsRead,bit,Hayir,((0)),Hayir,,,
katilim.crm,Crm,Documents,Uid,uniqueidentifier,Hayir,,Evet,,Crm.Users,
katilim.crm,Crm,Documents,UpdatedAt,datetime2(7),Evet,,Hayir,,Crm.Users,
katilim.crm,Crm,Documents,DeletedAt,datetime2(7),Evet,,Hayir,,Crm.Users,
katilim.crm,Crm,Documents,CreatedAt,datetime2(7),Hayir,,Hayir,,Crm.Users,
katilim.crm,Crm,Documents,CreatedBy,uniqueidentifier,Evet,,Hayir,Crm.Users.Uid,Crm.Users,
katilim.crm,Crm,Documents,UpdatedBy,uniqueidentifier,Evet,,Hayir,Crm.Users.Uid,Crm.Users,
katilim.crm,Crm,Documents,DeletedBy,uniqueidentifier,Evet,,Hayir,Crm.Users.Uid,Crm.Users,
katilim.crm,Crm,Documents,Deleted,bit,Hayir,,Hayir,,Crm.Users,
katilim.crm,Crm,Documents,ImportUid,uniqueidentifier,Hayir,,Hayir,,Crm.Users,
katilim.crm,Crm,Documents,Name,nvarchar(100),Evet,,Hayir,,Crm.Users,
katilim.crm,Crm,Documents,Description,nvarchar(4000),Evet,,Hayir,,Crm.Users,
katilim.crm,Crm,Documents,Type,nvarchar(50),Evet,,Hayir,,Crm.Users,
katilim.crm,Crm,Documents,Order,int,Hayir,,Hayir,,Crm.Users,
katilim.crm,Crm,Documents,OrganizationUid,uniqueidentifier,Evet,,Hayir,,Crm.Users,
katilim.crm,Crm,DrawCodes,Uid,uniqueidentifier,Hayir,,Evet,,Crm.Activities; Crm.Contracts; Crm.Draws; Crm.Users,
katilim.crm,Crm,DrawCodes,UpdatedAt,datetime2(7),Evet,,Hayir,,Crm.Activities; Crm.Contracts; Crm.Draws; Crm.Users,
katilim.crm,Crm,DrawCodes,DeletedAt,datetime2(7),Evet,,Hayir,,Crm.Activities; Crm.Contracts; Crm.Draws; Crm.Users,
katilim.crm,Crm,DrawCodes,CreatedAt,datetime2(7),Hayir,,Hayir,,Crm.Activities; Crm.Contracts; Crm.Draws; Crm.Users,
katilim.crm,Crm,DrawCodes,CreatedBy,uniqueidentifier,Evet,,Hayir,Crm.Users.Uid,Crm.Activities; Crm.Contracts; Crm.Draws; Crm.Users,
katilim.crm,Crm,DrawCodes,UpdatedBy,uniqueidentifier,Evet,,Hayir,Crm.Users.Uid,Crm.Activities; Crm.Contracts; Crm.Draws; Crm.Users,
katilim.crm,Crm,DrawCodes,DeletedBy,uniqueidentifier,Evet,,Hayir,Crm.Users.Uid,Crm.Activities; Crm.Contracts; Crm.Draws; Crm.Users,
katilim.crm,Crm,DrawCodes,Deleted,bit,Hayir,,Hayir,,Crm.Activities; Crm.Contracts; Crm.Draws; Crm.Users,
katilim.crm,Crm,DrawCodes,LeadUid,uniqueidentifier,Evet,,Hayir,,Crm.Activities; Crm.Contracts; Crm.Draws; Crm.Users,
katilim.crm,Crm,DrawCodes,Code,nvarchar(50),Evet,,Hayir,,Crm.Activities; Crm.Contracts; Crm.Draws; Crm.Users,
katilim.crm,Crm,DrawCodes,ActivityUid,uniqueidentifier,Evet,,Hayir,Crm.Activities.Uid,Crm.Activities; Crm.Contracts; Crm.Draws; Crm.Users,
katilim.crm,Crm,DrawCodes,DrawUid,uniqueidentifier,Evet,,Hayir,Crm.Draws.Uid,Crm.Activities; Crm.Contracts; Crm.Draws; Crm.Users,
katilim.crm,Crm,DrawCodes,Type,nvarchar(50),Evet,,Hayir,,Crm.Activities; Crm.Contracts; Crm.Draws; Crm.Users,
katilim.crm,Crm,DrawCodes,ContractUid,uniqueidentifier,Evet,,Hayir,Crm.Contracts.Uid,Crm.Activities; Crm.Contracts; Crm.Draws; Crm.Users,
katilim.crm,Crm,Draws,Uid,uniqueidentifier,Hayir,,Evet,,Crm.DrawCodes; Crm.Organizations; Crm.Users,
katilim.crm,Crm,Draws,UpdatedAt,datetime2(7),Evet,,Hayir,,Crm.DrawCodes; Crm.Organizations; Crm.Users,
katilim.crm,Crm,Draws,DeletedAt,datetime2(7),Evet,,Hayir,,Crm.DrawCodes; Crm.Organizations; Crm.Users,
katilim.crm,Crm,Draws,CreatedAt,datetime2(7),Hayir,,Hayir,,Crm.DrawCodes; Crm.Organizations; Crm.Users,
katilim.crm,Crm,Draws,CreatedBy,uniqueidentifier,Evet,,Hayir,Crm.Users.Uid,Crm.DrawCodes; Crm.Organizations; Crm.Users,
katilim.crm,Crm,Draws,UpdatedBy,uniqueidentifier,Evet,,Hayir,Crm.Users.Uid,Crm.DrawCodes; Crm.Organizations; Crm.Users,
katilim.crm,Crm,Draws,DeletedBy,uniqueidentifier,Evet,,Hayir,Crm.Users.Uid,Crm.DrawCodes; Crm.Organizations; Crm.Users,
katilim.crm,Crm,Draws,Deleted,bit,Hayir,,Hayir,,Crm.DrawCodes; Crm.Organizations; Crm.Users,
katilim.crm,Crm,Draws,OrganizationUid,uniqueidentifier,Evet,,Hayir,Crm.Organizations.Uid,Crm.DrawCodes; Crm.Organizations; Crm.Users,
katilim.crm,Crm,Draws,StartDate,datetime2(7),Evet,,Hayir,,Crm.DrawCodes; Crm.Organizations; Crm.Users,
katilim.crm,Crm,Draws,EndDate,datetime2(7),Evet,,Hayir,,Crm.DrawCodes; Crm.Organizations; Crm.Users,
katilim.crm,Crm,Draws,IsActive,bit,Hayir,,Hayir,,Crm.DrawCodes; Crm.Organizations; Crm.Users,
katilim.crm,Crm,Draws,Name,nvarchar(100),Evet,,Hayir,,Crm.DrawCodes; Crm.Organizations; Crm.Users,
katilim.crm,Crm,Draws,Message,nvarchar(4000),Evet,,Hayir,,Crm.DrawCodes; Crm.Organizations; Crm.Users,
katilim.crm,Crm,Draws,CodeLength,int,Hayir,,Hayir,,Crm.DrawCodes; Crm.Organizations; Crm.Users,
katilim.crm,Crm,Draws,IsAppointment,bit,Hayir,,Hayir,,Crm.DrawCodes; Crm.Organizations; Crm.Users,
katilim.crm,Crm,Draws,AppointmentCodeCount,int,Hayir,,Hayir,,Crm.DrawCodes; Crm.Organizations; Crm.Users,
katilim.crm,Crm,Draws,IsContract,bit,Hayir,,Hayir,,Crm.DrawCodes; Crm.Organizations; Crm.Users,
katilim.crm,Crm,Draws,ContractCodeCount,int,Hayir,,Hayir,,Crm.DrawCodes; Crm.Organizations; Crm.Users,
katilim.crm,Crm,Draws,IsCandidate,bit,Hayir,,Hayir,,Crm.DrawCodes; Crm.Organizations; Crm.Users,
katilim.crm,Crm,Draws,CandidateCodeCount,int,Hayir,,Hayir,,Crm.DrawCodes; Crm.Organizations; Crm.Users,
katilim.crm,Crm,Draws,CodeMessage,nvarchar(4000),Evet,,Hayir,,Crm.DrawCodes; Crm.Organizations; Crm.Users,
katilim.crm,Crm,Draws,ContractMessage,nvarchar(4000),Evet,,Hayir,,Crm.DrawCodes; Crm.Organizations; Crm.Users,
katilim.crm,Crm,ETesisTerkinContractIbans,Uid,uniqueidentifier,Hayir,,Evet,,Crm.ContractIBANs; Crm.ETesisTerkinIntegrations; Crm.Users,
katilim.crm,Crm,ETesisTerkinContractIbans,UpdatedAt,datetime2(7),Evet,,Hayir,,Crm.ContractIBANs; Crm.ETesisTerkinIntegrations; Crm.Users,
katilim.crm,Crm,ETesisTerkinContractIbans,DeletedAt,datetime2(7),Evet,,Hayir,,Crm.ContractIBANs; Crm.ETesisTerkinIntegrations; Crm.Users,
katilim.crm,Crm,ETesisTerkinContractIbans,CreatedAt,datetime2(7),Hayir,,Hayir,,Crm.ContractIBANs; Crm.ETesisTerkinIntegrations; Crm.Users,
katilim.crm,Crm,ETesisTerkinContractIbans,CreatedBy,uniqueidentifier,Evet,,Hayir,Crm.Users.Uid,Crm.ContractIBANs; Crm.ETesisTerkinIntegrations; Crm.Users,
katilim.crm,Crm,ETesisTerkinContractIbans,UpdatedBy,uniqueidentifier,Evet,,Hayir,Crm.Users.Uid,Crm.ContractIBANs; Crm.ETesisTerkinIntegrations; Crm.Users,
katilim.crm,Crm,ETesisTerkinContractIbans,DeletedBy,uniqueidentifier,Evet,,Hayir,Crm.Users.Uid,Crm.ContractIBANs; Crm.ETesisTerkinIntegrations; Crm.Users,
katilim.crm,Crm,ETesisTerkinContractIbans,Deleted,bit,Hayir,,Hayir,,Crm.ContractIBANs; Crm.ETesisTerkinIntegrations; Crm.Users,
katilim.crm,Crm,ETesisTerkinContractIbans,ETesisTerkinIntegrationUid,uniqueidentifier,Hayir,,Hayir,Crm.ETesisTerkinIntegrations.Uid,Crm.ContractIBANs; Crm.ETesisTerkinIntegrations; Crm.Users,
katilim.crm,Crm,ETesisTerkinContractIbans,ContractIBANUid,uniqueidentifier,Hayir,,Hayir,Crm.ContractIBANs.Uid,Crm.ContractIBANs; Crm.ETesisTerkinIntegrations; Crm.Users,
katilim.crm,Crm,ETesisTerkinIntegrations,Uid,uniqueidentifier,Hayir,,Evet,,Crm.Contracts; Crm.Customers; Crm.ETesisTerkinContractIbans; Crm.Users,
katilim.crm,Crm,ETesisTerkinIntegrations,UpdatedAt,datetime2(7),Evet,,Hayir,,Crm.Contracts; Crm.Customers; Crm.ETesisTerkinContractIbans; Crm.Users,
katilim.crm,Crm,ETesisTerkinIntegrations,DeletedAt,datetime2(7),Evet,,Hayir,,Crm.Contracts; Crm.Customers; Crm.ETesisTerkinContractIbans; Crm.Users,
katilim.crm,Crm,ETesisTerkinIntegrations,CreatedAt,datetime2(7),Hayir,,Hayir,,Crm.Contracts; Crm.Customers; Crm.ETesisTerkinContractIbans; Crm.Users,
katilim.crm,Crm,ETesisTerkinIntegrations,CreatedBy,uniqueidentifier,Evet,,Hayir,Crm.Users.Uid,Crm.Contracts; Crm.Customers; Crm.ETesisTerkinContractIbans; Crm.Users,
katilim.crm,Crm,ETesisTerkinIntegrations,UpdatedBy,uniqueidentifier,Evet,,Hayir,Crm.Users.Uid,Crm.Contracts; Crm.Customers; Crm.ETesisTerkinContractIbans; Crm.Users,
katilim.crm,Crm,ETesisTerkinIntegrations,DeletedBy,uniqueidentifier,Evet,,Hayir,Crm.Users.Uid,Crm.Contracts; Crm.Customers; Crm.ETesisTerkinContractIbans; Crm.Users,
katilim.crm,Crm,ETesisTerkinIntegrations,Deleted,bit,Hayir,,Hayir,,Crm.Contracts; Crm.Customers; Crm.ETesisTerkinContractIbans; Crm.Users,
katilim.crm,Crm,ETesisTerkinIntegrations,MortgageUid,uniqueidentifier,Hayir,,Hayir,,Crm.Contracts; Crm.Customers; Crm.ETesisTerkinContractIbans; Crm.Users,
katilim.crm,Crm,ETesisTerkinIntegrations,IntegrationNo,nvarchar(450),Hayir,,Hayir,,Crm.Contracts; Crm.Customers; Crm.ETesisTerkinContractIbans; Crm.Users,
katilim.crm,Crm,ETesisTerkinIntegrations,ContractUid,uniqueidentifier,Hayir,,Hayir,Crm.Contracts.Uid,Crm.Contracts; Crm.Customers; Crm.ETesisTerkinContractIbans; Crm.Users,
katilim.crm,Crm,ETesisTerkinIntegrations,CustomerUid,uniqueidentifier,Hayir,,Hayir,Crm.Customers.Uid,Crm.Contracts; Crm.Customers; Crm.ETesisTerkinContractIbans; Crm.Users,
katilim.crm,Crm,ETesisTerkinIntegrations,InsuranceUid,uniqueidentifier,Hayir,,Hayir,,Crm.Contracts; Crm.Customers; Crm.ETesisTerkinContractIbans; Crm.Users,
katilim.crm,Crm,ETesisTerkinIntegrations,ImmovableCityId,int,Hayir,,Hayir,,Crm.Contracts; Crm.Customers; Crm.ETesisTerkinContractIbans; Crm.Users,
katilim.crm,Crm,ETesisTerkinIntegrations,ImmovableTownId,int,Hayir,,Hayir,,Crm.Contracts; Crm.Customers; Crm.ETesisTerkinContractIbans; Crm.Users,
katilim.crm,Crm,ETesisTerkinIntegrations,ImmovableHomeTownId,int,Hayir,,Hayir,,Crm.Contracts; Crm.Customers; Crm.ETesisTerkinContractIbans; Crm.Users,
katilim.crm,Crm,ETesisTerkinIntegrations,ImmovableBlock,nvarchar(255),Hayir,,Hayir,,Crm.Contracts; Crm.Customers; Crm.ETesisTerkinContractIbans; Crm.Users,
katilim.crm,Crm,ETesisTerkinIntegrations,ImmovableParcel,nvarchar(255),Hayir,,Hayir,,Crm.Contracts; Crm.Customers; Crm.ETesisTerkinContractIbans; Crm.Users,
katilim.crm,Crm,ETesisTerkinIntegrations,IndependentUnitNo,nvarchar(255),Hayir,,Hayir,,Crm.Contracts; Crm.Customers; Crm.ETesisTerkinContractIbans; Crm.Users,
katilim.crm,Crm,ETesisTerkinIntegrations,LandOffice,nvarchar(255),Evet,,Hayir,,Crm.Contracts; Crm.Customers; Crm.ETesisTerkinContractIbans; Crm.Users,
katilim.crm,Crm,ETesisTerkinIntegrations,DocumentNumber,nvarchar(255),Evet,,Hayir,,Crm.Contracts; Crm.Customers; Crm.ETesisTerkinContractIbans; Crm.Users,
katilim.crm,Crm,ETesisTerkinIntegrations,LandOfficeId,int,Evet,,Hayir,,Crm.Contracts; Crm.Customers; Crm.ETesisTerkinContractIbans; Crm.Users,
katilim.crm,Crm,ETesisTerkinIntegrations,StartDate,datetime2(7),Evet,,Hayir,,Crm.Contracts; Crm.Customers; Crm.ETesisTerkinContractIbans; Crm.Users,
katilim.crm,Crm,ETesisTerkinIntegrations,EndDate,datetime2(7),Evet,,Hayir,,Crm.Contracts; Crm.Customers; Crm.ETesisTerkinContractIbans; Crm.Users,
katilim.crm,Crm,ETesisTerkinIntegrations,WageDate,datetime2(7),Evet,,Hayir,,Crm.Contracts; Crm.Customers; Crm.ETesisTerkinContractIbans; Crm.Users,
katilim.crm,Crm,ETesisTerkinIntegrations,WageNumber,varchar(50),Evet,,Hayir,,Crm.Contracts; Crm.Customers; Crm.ETesisTerkinContractIbans; Crm.Users,
katilim.crm,Crm,ETesisTerkinIntegrations,Type,smallint,Hayir,,Hayir,,Crm.Contracts; Crm.Customers; Crm.ETesisTerkinContractIbans; Crm.Users,
katilim.crm,Crm,ETesisTerkinIntegrations,Status,smallint,Hayir,,Hayir,,Crm.Contracts; Crm.Customers; Crm.ETesisTerkinContractIbans; Crm.Users,
katilim.crm,Crm,ETesisTerkinIntegrations,MortgagePrice,"decimal(18,2)",Hayir,,Hayir,,Crm.Contracts; Crm.Customers; Crm.ETesisTerkinContractIbans; Crm.Users,
katilim.crm,Crm,ETesisTerkinIntegrations,MortgageFileUid,uniqueidentifier,Evet,,Hayir,,Crm.Contracts; Crm.Customers; Crm.ETesisTerkinContractIbans; Crm.Users,
katilim.crm,Crm,ETesisTerkinIntegrations,OfficialDeedFileUid,uniqueidentifier,Evet,,Hayir,,Crm.Contracts; Crm.Customers; Crm.ETesisTerkinContractIbans; Crm.Users,
katilim.crm,Crm,ETesisTerkinIntegrations,CancelDescription,nvarchar(4000),Evet,,Hayir,,Crm.Contracts; Crm.Customers; Crm.ETesisTerkinContractIbans; Crm.Users,
katilim.crm,Crm,Files,Uid,uniqueidentifier,Hayir,,Evet,,Crm.ContractRevisions; Crm.Contracts; Crm.Customers; Crm.DeliveryDocumentApprovals; Crm.DeliveryFiles; Crm.Distraints; Crm.Inventories; Crm.Mortgages; Crm.Users,
katilim.crm,Crm,Files,UpdatedAt,datetime2(7),Evet,,Hayir,,Crm.ContractRevisions; Crm.Contracts; Crm.Customers; Crm.DeliveryDocumentApprovals; Crm.DeliveryFiles; Crm.Distraints; Crm.Inventories; Crm.Mortgages; Crm.Users,
katilim.crm,Crm,Files,DeletedAt,datetime2(7),Evet,,Hayir,,Crm.ContractRevisions; Crm.Contracts; Crm.Customers; Crm.DeliveryDocumentApprovals; Crm.DeliveryFiles; Crm.Distraints; Crm.Inventories; Crm.Mortgages; Crm.Users,
katilim.crm,Crm,Files,CreatedAt,datetime2(7),Hayir,,Hayir,,Crm.ContractRevisions; Crm.Contracts; Crm.Customers; Crm.DeliveryDocumentApprovals; Crm.DeliveryFiles; Crm.Distraints; Crm.Inventories; Crm.Mortgages; Crm.Users,
katilim.crm,Crm,Files,CreatedBy,uniqueidentifier,Evet,,Hayir,Crm.Users.Uid,Crm.ContractRevisions; Crm.Contracts; Crm.Customers; Crm.DeliveryDocumentApprovals; Crm.DeliveryFiles; Crm.Distraints; Crm.Inventories; Crm.Mortgages; Crm.Users,
katilim.crm,Crm,Files,UpdatedBy,uniqueidentifier,Evet,,Hayir,Crm.Users.Uid,Crm.ContractRevisions; Crm.Contracts; Crm.Customers; Crm.DeliveryDocumentApprovals; Crm.DeliveryFiles; Crm.Distraints; Crm.Inventories; Crm.Mortgages; Crm.Users,
katilim.crm,Crm,Files,DeletedBy,uniqueidentifier,Evet,,Hayir,Crm.Users.Uid,Crm.ContractRevisions; Crm.Contracts; Crm.Customers; Crm.DeliveryDocumentApprovals; Crm.DeliveryFiles; Crm.Distraints; Crm.Inventories; Crm.Mortgages; Crm.Users,
katilim.crm,Crm,Files,Deleted,bit,Hayir,,Hayir,,Crm.ContractRevisions; Crm.Contracts; Crm.Customers; Crm.DeliveryDocumentApprovals; Crm.DeliveryFiles; Crm.Distraints; Crm.Inventories; Crm.Mortgages; Crm.Users,
katilim.crm,Crm,Files,Type,nvarchar(100),Evet,,Hayir,,Crm.ContractRevisions; Crm.Contracts; Crm.Customers; Crm.DeliveryDocumentApprovals; Crm.DeliveryFiles; Crm.Distraints; Crm.Inventories; Crm.Mortgages; Crm.Users,
katilim.crm,Crm,Files,Link,nvarchar(100),Evet,,Hayir,,Crm.ContractRevisions; Crm.Contracts; Crm.Customers; Crm.DeliveryDocumentApprovals; Crm.DeliveryFiles; Crm.Distraints; Crm.Inventories; Crm.Mortgages; Crm.Users,
katilim.crm,Crm,Files,Description,nvarchar(4000),Evet,,Hayir,,Crm.ContractRevisions; Crm.Contracts; Crm.Customers; Crm.DeliveryDocumentApprovals; Crm.DeliveryFiles; Crm.Distraints; Crm.Inventories; Crm.Mortgages; Crm.Users,
katilim.crm,Crm,Files,CustomerUid,uniqueidentifier,Evet,,Hayir,Crm.Customers.Uid,Crm.ContractRevisions; Crm.Contracts; Crm.Customers; Crm.DeliveryDocumentApprovals; Crm.DeliveryFiles; Crm.Distraints; Crm.Inventories; Crm.Mortgages; Crm.Users,
katilim.crm,Crm,Files,ContractUid,uniqueidentifier,Evet,,Hayir,Crm.Contracts.Uid,Crm.ContractRevisions; Crm.Contracts; Crm.Customers; Crm.DeliveryDocumentApprovals; Crm.DeliveryFiles; Crm.Distraints; Crm.Inventories; Crm.Mortgages; Crm.Users,
katilim.crm,Crm,Files,DistraintUid,uniqueidentifier,Evet,,Hayir,Crm.Distraints.Uid,Crm.ContractRevisions; Crm.Contracts; Crm.Customers; Crm.DeliveryDocumentApprovals; Crm.DeliveryFiles; Crm.Distraints; Crm.Inventories; Crm.Mortgages; Crm.Users,
katilim.crm,Crm,Files,MortgageUid,uniqueidentifier,Evet,,Hayir,Crm.Mortgages.Uid,Crm.ContractRevisions; Crm.Contracts; Crm.Customers; Crm.DeliveryDocumentApprovals; Crm.DeliveryFiles; Crm.Distraints; Crm.Inventories; Crm.Mortgages; Crm.Users,
katilim.crm,Crm,Files,InventoryUid,uniqueidentifier,Evet,,Hayir,Crm.Inventories.Uid,Crm.ContractRevisions; Crm.Contracts; Crm.Customers; Crm.DeliveryDocumentApprovals; Crm.DeliveryFiles; Crm.Distraints; Crm.Inventories; Crm.Mortgages; Crm.Users,
katilim.crm,Crm,Files,FileTypeUid,uniqueidentifier,Evet,,Hayir,,Crm.ContractRevisions; Crm.Contracts; Crm.Customers; Crm.DeliveryDocumentApprovals; Crm.DeliveryFiles; Crm.Distraints; Crm.Inventories; Crm.Mortgages; Crm.Users,
katilim.crm,Crm,Files,DeliveryHistoryUid,uniqueidentifier,Evet,,Hayir,,Crm.ContractRevisions; Crm.Contracts; Crm.Customers; Crm.DeliveryDocumentApprovals; Crm.DeliveryFiles; Crm.Distraints; Crm.Inventories; Crm.Mortgages; Crm.Users,
katilim.crm,Crm,Files,ApproverUid,uniqueidentifier,Evet,,Hayir,,Crm.ContractRevisions; Crm.Contracts; Crm.Customers; Crm.DeliveryDocumentApprovals; Crm.DeliveryFiles; Crm.Distraints; Crm.Inventories; Crm.Mortgages; Crm.Users,
katilim.crm,Crm,Files,Status,varchar(2),Evet,,Hayir,,Crm.ContractRevisions; Crm.Contracts; Crm.Customers; Crm.DeliveryDocumentApprovals; Crm.DeliveryFiles; Crm.Distraints; Crm.Inventories; Crm.Mortgages; Crm.Users,
katilim.crm,Crm,Files,DeliveryUid,uniqueidentifier,Evet,,Hayir,,Crm.ContractRevisions; Crm.Contracts; Crm.Customers; Crm.DeliveryDocumentApprovals; Crm.DeliveryFiles; Crm.Distraints; Crm.Inventories; Crm.Mortgages; Crm.Users,
katilim.crm,Crm,Files,GuarantorUid,uniqueidentifier,Evet,,Hayir,,Crm.ContractRevisions; Crm.Contracts; Crm.Customers; Crm.DeliveryDocumentApprovals; Crm.DeliveryFiles; Crm.Distraints; Crm.Inventories; Crm.Mortgages; Crm.Users,
katilim.crm,Crm,Files,DeliveryFileUid,uniqueidentifier,Evet,,Hayir,,Crm.ContractRevisions; Crm.Contracts; Crm.Customers; Crm.DeliveryDocumentApprovals; Crm.DeliveryFiles; Crm.Distraints; Crm.Inventories; Crm.Mortgages; Crm.Users,
katilim.crm,Crm,Files,IsMesken,bit,Evet,,Hayir,,Crm.ContractRevisions; Crm.Contracts; Crm.Customers; Crm.DeliveryDocumentApprovals; Crm.DeliveryFiles; Crm.Distraints; Crm.Inventories; Crm.Mortgages; Crm.Users,
katilim.crm,Crm,Files,CandidateUid,uniqueidentifier,Evet,,Hayir,,Crm.ContractRevisions; Crm.Contracts; Crm.Customers; Crm.DeliveryDocumentApprovals; Crm.DeliveryFiles; Crm.Distraints; Crm.Inventories; Crm.Mortgages; Crm.Users,
katilim.crm,Crm,Files,MortgageInsuranceUid,uniqueidentifier,Evet,,Hayir,,Crm.ContractRevisions; Crm.Contracts; Crm.Customers; Crm.DeliveryDocumentApprovals; Crm.DeliveryFiles; Crm.Distraints; Crm.Inventories; Crm.Mortgages; Crm.Users,
katilim.crm,Crm,Files,PathStatus,smallint,Hayir,((1)),Hayir,,Crm.ContractRevisions; Crm.Contracts; Crm.Customers; Crm.DeliveryDocumentApprovals; Crm.DeliveryFiles; Crm.Distraints; Crm.Inventories; Crm.Mortgages; Crm.Users,
katilim.crm,Crm,Files,TransferDescription,nvarchar(500),Evet,,Hayir,,Crm.ContractRevisions; Crm.Contracts; Crm.Customers; Crm.DeliveryDocumentApprovals; Crm.DeliveryFiles; Crm.Distraints; Crm.Inventories; Crm.Mortgages; Crm.Users,
katilim.crm,Crm,Files,TransferStatus,smallint,Evet,((0)),Hayir,,Crm.ContractRevisions; Crm.Contracts; Crm.Customers; Crm.DeliveryDocumentApprovals; Crm.DeliveryFiles; Crm.Distraints; Crm.Inventories; Crm.Mortgages; Crm.Users,
katilim.crm,Crm,Files,RepUid,uniqueidentifier,Evet,,Hayir,,Crm.ContractRevisions; Crm.Contracts; Crm.Customers; Crm.DeliveryDocumentApprovals; Crm.DeliveryFiles; Crm.Distraints; Crm.Inventories; Crm.Mortgages; Crm.Users,
katilim.crm,Crm,Files,ApproveAt,datetime2(7),Evet,,Hayir,,Crm.ContractRevisions; Crm.Contracts; Crm.Customers; Crm.DeliveryDocumentApprovals; Crm.DeliveryFiles; Crm.Distraints; Crm.Inventories; Crm.Mortgages; Crm.Users,
katilim.crm,Crm,Files,RejectAt,datetime2(7),Evet,,Hayir,,Crm.ContractRevisions; Crm.Contracts; Crm.Customers; Crm.DeliveryDocumentApprovals; Crm.DeliveryFiles; Crm.Distraints; Crm.Inventories; Crm.Mortgages; Crm.Users,
katilim.crm,Crm,Files,RejectUid,uniqueidentifier,Evet,,Hayir,,Crm.ContractRevisions; Crm.Contracts; Crm.Customers; Crm.DeliveryDocumentApprovals; Crm.DeliveryFiles; Crm.Distraints; Crm.Inventories; Crm.Mortgages; Crm.Users,
katilim.crm,Crm,Files,Path,nvarchar(400),Evet,,Hayir,,Crm.ContractRevisions; Crm.Contracts; Crm.Customers; Crm.DeliveryDocumentApprovals; Crm.DeliveryFiles; Crm.Distraints; Crm.Inventories; Crm.Mortgages; Crm.Users,
katilim.crm,Crm,Files,ComplaintUid,uniqueidentifier,Evet,,Hayir,,Crm.ContractRevisions; Crm.Contracts; Crm.Customers; Crm.DeliveryDocumentApprovals; Crm.DeliveryFiles; Crm.Distraints; Crm.Inventories; Crm.Mortgages; Crm.Users,
katilim.crm,Crm,Files,ComplaintNoteUid,uniqueidentifier,Evet,,Hayir,,Crm.ContractRevisions; Crm.Contracts; Crm.Customers; Crm.DeliveryDocumentApprovals; Crm.DeliveryFiles; Crm.Distraints; Crm.Inventories; Crm.Mortgages; Crm.Users,
katilim.crm,Crm,Files,TicketUid,nvarchar(100),Evet,,Hayir,,Crm.ContractRevisions; Crm.Contracts; Crm.Customers; Crm.DeliveryDocumentApprovals; Crm.DeliveryFiles; Crm.Distraints; Crm.Inventories; Crm.Mortgages; Crm.Users,
katilim.crm,Crm,Files,Hash,varchar(400),Evet,,Hayir,,Crm.ContractRevisions; Crm.Contracts; Crm.Customers; Crm.DeliveryDocumentApprovals; Crm.DeliveryFiles; Crm.Distraints; Crm.Inventories; Crm.Mortgages; Crm.Users,
katilim.crm,Crm,Files,AuthorizationId,varchar(400),Evet,,Hayir,,Crm.ContractRevisions; Crm.Contracts; Crm.Customers; Crm.DeliveryDocumentApprovals; Crm.DeliveryFiles; Crm.Distraints; Crm.Inventories; Crm.Mortgages; Crm.Users,
katilim.crm,Crm,Files,Fingerprint,nvarchar(400),Evet,,Hayir,,Crm.ContractRevisions; Crm.Contracts; Crm.Customers; Crm.DeliveryDocumentApprovals; Crm.DeliveryFiles; Crm.Distraints; Crm.Inventories; Crm.Mortgages; Crm.Users,
katilim.crm,Crm,FileTypeCategories,Uid,uniqueidentifier,Hayir,,Evet,,Crm.Users,
katilim.crm,Crm,FileTypeCategories,UpdatedAt,datetime2(7),Evet,,Hayir,,Crm.Users,
katilim.crm,Crm,FileTypeCategories,DeletedAt,datetime2(7),Evet,,Hayir,,Crm.Users,
katilim.crm,Crm,FileTypeCategories,CreatedAt,datetime2(7),Hayir,,Hayir,,Crm.Users,
katilim.crm,Crm,FileTypeCategories,CreatedBy,uniqueidentifier,Evet,,Hayir,Crm.Users.Uid,Crm.Users,
katilim.crm,Crm,FileTypeCategories,UpdatedBy,uniqueidentifier,Evet,,Hayir,Crm.Users.Uid,Crm.Users,
katilim.crm,Crm,FileTypeCategories,DeletedBy,uniqueidentifier,Evet,,Hayir,Crm.Users.Uid,Crm.Users,
katilim.crm,Crm,FileTypeCategories,Deleted,bit,Hayir,,Hayir,,Crm.Users,
katilim.crm,Crm,FileTypeCategories,Name,nvarchar(100),Evet,,Hayir,,Crm.Users,
katilim.crm,Crm,FileTypeCategories,Key,nvarchar(4),Evet,,Hayir,,Crm.Users,
katilim.crm,Crm,FileTypeCategories,OrderBy,int,Evet,,Hayir,,Crm.Users,
katilim.crm,Crm,FileTypes,Uid,uniqueidentifier,Hayir,,Evet,,Crm.DeliveryDocumentApprovals; Crm.DeliveryFiles; Crm.Users,
katilim.crm,Crm,FileTypes,UpdatedAt,datetime2(7),Evet,,Hayir,,Crm.DeliveryDocumentApprovals; Crm.DeliveryFiles; Crm.Users,
katilim.crm,Crm,FileTypes,DeletedAt,datetime2(7),Evet,,Hayir,,Crm.DeliveryDocumentApprovals; Crm.DeliveryFiles; Crm.Users,
katilim.crm,Crm,FileTypes,CreatedAt,datetime2(7),Hayir,,Hayir,,Crm.DeliveryDocumentApprovals; Crm.DeliveryFiles; Crm.Users,
katilim.crm,Crm,FileTypes,CreatedBy,uniqueidentifier,Evet,,Hayir,Crm.Users.Uid,Crm.DeliveryDocumentApprovals; Crm.DeliveryFiles; Crm.Users,
katilim.crm,Crm,FileTypes,UpdatedBy,uniqueidentifier,Evet,,Hayir,Crm.Users.Uid,Crm.DeliveryDocumentApprovals; Crm.DeliveryFiles; Crm.Users,
katilim.crm,Crm,FileTypes,DeletedBy,uniqueidentifier,Evet,,Hayir,Crm.Users.Uid,Crm.DeliveryDocumentApprovals; Crm.DeliveryFiles; Crm.Users,
katilim.crm,Crm,FileTypes,Deleted,bit,Hayir,,Hayir,,Crm.DeliveryDocumentApprovals; Crm.DeliveryFiles; Crm.Users,
katilim.crm,Crm,FileTypes,Name,nvarchar(max),Evet,,Hayir,,Crm.DeliveryDocumentApprovals; Crm.DeliveryFiles; Crm.Users,
katilim.crm,Crm,FileTypes,Type,nvarchar(4),Evet,,Hayir,,Crm.DeliveryDocumentApprovals; Crm.DeliveryFiles; Crm.Users,
katilim.crm,Crm,FileTypes,IsRequired,bit,Hayir,,Hayir,,Crm.DeliveryDocumentApprovals; Crm.DeliveryFiles; Crm.Users,
katilim.crm,Crm,FileTypes,Department,nvarchar(4),Evet,,Hayir,,Crm.DeliveryDocumentApprovals; Crm.DeliveryFiles; Crm.Users,
katilim.crm,Crm,FileTypes,OrderBy,int,Evet,,Hayir,,Crm.DeliveryDocumentApprovals; Crm.DeliveryFiles; Crm.Users,
katilim.crm,Crm,FileTypes,IsTradesman,bit,Evet,,Hayir,,Crm.DeliveryDocumentApprovals; Crm.DeliveryFiles; Crm.Users,
katilim.crm,Crm,FileTypes,IsGuarantor,bit,Evet,,Hayir,,Crm.DeliveryDocumentApprovals; Crm.DeliveryFiles; Crm.Users,
katilim.crm,Crm,FileTypes,IsDelivery,bit,Evet,,Hayir,,Crm.DeliveryDocumentApprovals; Crm.DeliveryFiles; Crm.Users,
katilim.crm,Crm,FileTypes,ProductType,nvarchar(2),Evet,,Hayir,,Crm.DeliveryDocumentApprovals; Crm.DeliveryFiles; Crm.Users,
katilim.crm,Crm,FileTypes,CategoryUid,uniqueidentifier,Evet,,Hayir,,Crm.DeliveryDocumentApprovals; Crm.DeliveryFiles; Crm.Users,
katilim.crm,Crm,FileTypes,IsLegalProceeding,bit,Evet,,Hayir,,Crm.DeliveryDocumentApprovals; Crm.DeliveryFiles; Crm.Users,
katilim.crm,Crm,FileTypes,Path,varchar(300),Evet,,Hayir,,Crm.DeliveryDocumentApprovals; Crm.DeliveryFiles; Crm.Users,
katilim.crm,Crm,FileTypes,NewPath,varchar(300),Evet,,Hayir,,Crm.DeliveryDocumentApprovals; Crm.DeliveryFiles; Crm.Users,
katilim.crm,Crm,FileTypes,TransferStatus,smallint,Hayir,((0)),Hayir,,Crm.DeliveryDocumentApprovals; Crm.DeliveryFiles; Crm.Users,
katilim.crm,Crm,Firms,Uid,uniqueidentifier,Hayir,,Evet,,Crm.Organizations; Crm.Users,
katilim.crm,Crm,Firms,UpdatedAt,datetime2(7),Evet,,Hayir,,Crm.Organizations; Crm.Users,
katilim.crm,Crm,Firms,DeletedAt,datetime2(7),Evet,,Hayir,,Crm.Organizations; Crm.Users,
katilim.crm,Crm,Firms,CreatedAt,datetime2(7),Hayir,,Hayir,,Crm.Organizations; Crm.Users,
katilim.crm,Crm,Firms,CreatedBy,uniqueidentifier,Evet,,Hayir,Crm.Users.Uid,Crm.Organizations; Crm.Users,
katilim.crm,Crm,Firms,UpdatedBy,uniqueidentifier,Evet,,Hayir,Crm.Users.Uid,Crm.Organizations; Crm.Users,
katilim.crm,Crm,Firms,DeletedBy,uniqueidentifier,Evet,,Hayir,Crm.Users.Uid,Crm.Organizations; Crm.Users,
katilim.crm,Crm,Firms,Deleted,bit,Hayir,,Hayir,,Crm.Organizations; Crm.Users,
katilim.crm,Crm,Firms,Name,nvarchar(100),Evet,,Hayir,,Crm.Organizations; Crm.Users,
katilim.crm,Crm,Firms,DefaultGroupStartDay,int,Hayir,,Hayir,,Crm.Organizations; Crm.Users,
katilim.crm,Crm,GroupProducts,Uid,uniqueidentifier,Hayir,,Evet,,Crm.Groups; Crm.Products; Crm.Users,
katilim.crm,Crm,GroupProducts,UpdatedAt,datetime2(7),Evet,,Hayir,,Crm.Groups; Crm.Products; Crm.Users,
katilim.crm,Crm,GroupProducts,DeletedAt,datetime2(7),Evet,,Hayir,,Crm.Groups; Crm.Products; Crm.Users,
katilim.crm,Crm,GroupProducts,CreatedAt,datetime2(7),Hayir,,Hayir,,Crm.Groups; Crm.Products; Crm.Users,
katilim.crm,Crm,GroupProducts,CreatedBy,uniqueidentifier,Evet,,Hayir,Crm.Users.Uid,Crm.Groups; Crm.Products; Crm.Users,
katilim.crm,Crm,GroupProducts,UpdatedBy,uniqueidentifier,Evet,,Hayir,Crm.Users.Uid,Crm.Groups; Crm.Products; Crm.Users,
katilim.crm,Crm,GroupProducts,DeletedBy,uniqueidentifier,Evet,,Hayir,Crm.Users.Uid,Crm.Groups; Crm.Products; Crm.Users,
katilim.crm,Crm,GroupProducts,Deleted,bit,Hayir,,Hayir,,Crm.Groups; Crm.Products; Crm.Users,
katilim.crm,Crm,GroupProducts,GroupUid,uniqueidentifier,Hayir,,Hayir,Crm.Groups.Uid,Crm.Groups; Crm.Products; Crm.Users,
katilim.crm,Crm,GroupProducts,ProductUid,uniqueidentifier,Hayir,,Hayir,Crm.Products.Uid,Crm.Groups; Crm.Products; Crm.Users,
katilim.crm,Crm,Groups,Uid,uniqueidentifier,Hayir,,Evet,,Crm.GroupProducts; Crm.NotaryResults; Crm.Users,
katilim.crm,Crm,Groups,UpdatedAt,datetime2(7),Evet,,Hayir,,Crm.GroupProducts; Crm.NotaryResults; Crm.Users,
katilim.crm,Crm,Groups,DeletedAt,datetime2(7),Evet,,Hayir,,Crm.GroupProducts; Crm.NotaryResults; Crm.Users,
katilim.crm,Crm,Groups,CreatedAt,datetime2(7),Hayir,,Hayir,,Crm.GroupProducts; Crm.NotaryResults; Crm.Users,
katilim.crm,Crm,Groups,CreatedBy,uniqueidentifier,Evet,,Hayir,Crm.Users.Uid,Crm.GroupProducts; Crm.NotaryResults; Crm.Users,
katilim.crm,Crm,Groups,UpdatedBy,uniqueidentifier,Evet,,Hayir,Crm.Users.Uid,Crm.GroupProducts; Crm.NotaryResults; Crm.Users,
katilim.crm,Crm,Groups,DeletedBy,uniqueidentifier,Evet,,Hayir,Crm.Users.Uid,Crm.GroupProducts; Crm.NotaryResults; Crm.Users,
katilim.crm,Crm,Groups,Deleted,bit,Hayir,,Hayir,,Crm.GroupProducts; Crm.NotaryResults; Crm.Users,
katilim.crm,Crm,Groups,Name,nvarchar(100),Evet,,Hayir,,Crm.GroupProducts; Crm.NotaryResults; Crm.Users,
katilim.crm,Crm,Groups,StartDate,datetime2(7),Hayir,,Hayir,,Crm.GroupProducts; Crm.NotaryResults; Crm.Users,
katilim.crm,Crm,Groups,EndDate,datetime2(7),Evet,,Hayir,,Crm.GroupProducts; Crm.NotaryResults; Crm.Users,
katilim.crm,Crm,Groups,GroupDate,datetime2(7),Hayir,,Hayir,,Crm.GroupProducts; Crm.NotaryResults; Crm.Users,
katilim.crm,Crm,Groups,IsOpen,bit,Hayir,,Hayir,,Crm.GroupProducts; Crm.NotaryResults; Crm.Users,
katilim.crm,Crm,Groups,ClosedBy,uniqueidentifier,Evet,,Hayir,Crm.Users.Uid,Crm.GroupProducts; Crm.NotaryResults; Crm.Users,
katilim.crm,Crm,Groups,Type,nvarchar(100),Evet,,Hayir,,Crm.GroupProducts; Crm.NotaryResults; Crm.Users,
katilim.crm,Crm,Groups,InstallmentCount,int,Evet,,Hayir,,Crm.GroupProducts; Crm.NotaryResults; Crm.Users,
katilim.crm,Crm,Groups,LimitedProductUid,uniqueidentifier,Evet,,Hayir,,Crm.GroupProducts; Crm.NotaryResults; Crm.Users,
katilim.crm,Crm,Groups,Status,nvarchar(50),Evet,,Hayir,,Crm.GroupProducts; Crm.NotaryResults; Crm.Users,
katilim.crm,Crm,Groups,IsMesken,bit,Evet,,Hayir,,Crm.GroupProducts; Crm.NotaryResults; Crm.Users,
katilim.crm,Crm,Groups,IsPool,bit,Hayir,((0)),Hayir,,Crm.GroupProducts; Crm.NotaryResults; Crm.Users,
katilim.crm,Crm,GroupsForBulkDrawQueues,Uid,uniqueidentifier,Hayir,,Evet,,,
katilim.crm,Crm,GroupsForBulkDrawQueues,UpdatedAt,datetime2(7),Evet,,Hayir,,,
katilim.crm,Crm,GroupsForBulkDrawQueues,DeletedAt,datetime2(7),Evet,,Hayir,,,
katilim.crm,Crm,GroupsForBulkDrawQueues,CreatedAt,datetime2(7),Hayir,,Hayir,,,
katilim.crm,Crm,GroupsForBulkDrawQueues,CreatedBy,uniqueidentifier,Evet,,Hayir,,,
katilim.crm,Crm,GroupsForBulkDrawQueues,UpdatedBy,uniqueidentifier,Evet,,Hayir,,,
katilim.crm,Crm,GroupsForBulkDrawQueues,DeletedBy,uniqueidentifier,Evet,,Hayir,,,
katilim.crm,Crm,GroupsForBulkDrawQueues,Deleted,bit,Hayir,,Hayir,,,
katilim.crm,Crm,GroupsForBulkDrawQueues,NotaryName,nvarchar(400),Hayir,,Hayir,,,
katilim.crm,Crm,GroupsForBulkDrawQueues,OrganizationPlace,nvarchar(1000),Hayir,,Hayir,,,
katilim.crm,Crm,GroupsForBulkDrawQueues,OrganizationDate,datetime2(7),Hayir,,Hayir,,,
katilim.crm,Crm,GroupsForBulkDrawQueues,GroupUid,uniqueidentifier,Hayir,,Hayir,,,
katilim.crm,Crm,GroupsForBulkDrawQueues,Status,smallint,Evet,,Hayir,,,
katilim.crm,Crm,GroupsForBulkDrawQueues,IsOpen,bit,Hayir,,Hayir,,,
katilim.crm,Crm,GroupsForBulkDrawQueues,BallCount,int,Hayir,((0)),Hayir,,,
katilim.crm,Crm,GroupsForBulkDrawQueues,Message,nvarchar(1000),Evet,,Hayir,,,
katilim.crm,Crm,Guarantors,Uid,uniqueidentifier,Hayir,,Evet,,Crm.Contracts; Crm.Users,
katilim.crm,Crm,Guarantors,UpdatedAt,datetime2(7),Evet,,Hayir,,Crm.Contracts; Crm.Users,
katilim.crm,Crm,Guarantors,UpdatedBy,uniqueidentifier,Evet,,Hayir,Crm.Users.Uid,Crm.Contracts; Crm.Users,
katilim.crm,Crm,Guarantors,CreatedAt,datetime2(7),Hayir,,Hayir,,Crm.Contracts; Crm.Users,
katilim.crm,Crm,Guarantors,CreatedBy,uniqueidentifier,Evet,,Hayir,Crm.Users.Uid,Crm.Contracts; Crm.Users,
katilim.crm,Crm,Guarantors,Deleted,bit,Hayir,,Hayir,,Crm.Contracts; Crm.Users,
katilim.crm,Crm,Guarantors,DeletedAt,datetime2(7),Evet,,Hayir,,Crm.Contracts; Crm.Users,
katilim.crm,Crm,Guarantors,DeletedBy,uniqueidentifier,Evet,,Hayir,Crm.Users.Uid,Crm.Contracts; Crm.Users,
katilim.crm,Crm,Guarantors,Name,nvarchar(100),Evet,,Hayir,,Crm.Contracts; Crm.Users,
katilim.crm,Crm,Guarantors,Tckno,nvarchar(20),Evet,,Hayir,,Crm.Contracts; Crm.Users,
katilim.crm,Crm,Guarantors,Phone,nvarchar(20),Evet,,Hayir,,Crm.Contracts; Crm.Users,
katilim.crm,Crm,Guarantors,Address,nvarchar(500),Evet,,Hayir,,Crm.Contracts; Crm.Users,
katilim.crm,Crm,Guarantors,ContractUid,uniqueidentifier,Hayir,,Hayir,Crm.Contracts.Uid,Crm.Contracts; Crm.Users,
katilim.crm,Crm,Guarantors,Number,int,Evet,,Hayir,,Crm.Contracts; Crm.Users,
katilim.crm,Crm,Guarantors,IsTradesman,bit,Evet,,Hayir,,Crm.Contracts; Crm.Users,
katilim.crm,Crm,Holidays,Uid,uniqueidentifier,Hayir,,Evet,,,
katilim.crm,Crm,Holidays,UserUid,uniqueidentifier,Evet,,Hayir,,,
katilim.crm,Crm,Holidays,UpdatedAt,datetime2(7),Evet,,Hayir,,,
katilim.crm,Crm,Holidays,DeletedAt,datetime2(7),Evet,,Hayir,,,
katilim.crm,Crm,Holidays,CreatedAt,datetime2(7),Hayir,,Hayir,,,
katilim.crm,Crm,Holidays,CreatedBy,uniqueidentifier,Evet,,Hayir,,,
katilim.crm,Crm,Holidays,UpdatedBy,uniqueidentifier,Evet,,Hayir,,,
katilim.crm,Crm,Holidays,DeletedBy,uniqueidentifier,Evet,,Hayir,,,
katilim.crm,Crm,Holidays,Deleted,bit,Evet,,Hayir,,,
katilim.crm,Crm,Holidays,Name,varchar(50),Evet,,Hayir,,,
katilim.crm,Crm,Holidays,StartDate,datetime2(7),Evet,,Hayir,,,
katilim.crm,Crm,Holidays,EndDate,datetime2(7),Evet,,Hayir,,,
katilim.crm,Crm,Holidays,Year,int,Evet,,Hayir,,,
katilim.crm,Crm,Holidays,Total,"decimal(18,2)",Evet,,Hayir,,,
katilim.crm,Crm,Installments,Uid,uniqueidentifier,Hayir,,Evet,,Crm.PremiumItems,
katilim.crm,Crm,Installments,UpdatedAt,datetime2(7),Evet,,Hayir,,Crm.PremiumItems,
katilim.crm,Crm,Installments,DeletedAt,datetime2(7),Evet,,Hayir,,Crm.PremiumItems,
katilim.crm,Crm,Installments,CreatedAt,datetime2(7),Hayir,,Hayir,,Crm.PremiumItems,
katilim.crm,Crm,Installments,CreatedBy,uniqueidentifier,Evet,,Hayir,,Crm.PremiumItems,
katilim.crm,Crm,Installments,UpdatedBy,uniqueidentifier,Evet,,Hayir,,Crm.PremiumItems,
katilim.crm,Crm,Installments,DeletedBy,uniqueidentifier,Evet,,Hayir,,Crm.PremiumItems,
katilim.crm,Crm,Installments,Deleted,bit,Hayir,,Hayir,,Crm.PremiumItems,
katilim.crm,Crm,Installments,ContractUid,uniqueidentifier,Hayir,,Hayir,,Crm.PremiumItems,
katilim.crm,Crm,Installments,ContractRevisionUid,uniqueidentifier,Hayir,,Hayir,,Crm.PremiumItems,
katilim.crm,Crm,Installments,InstallmentNumber,int,Hayir,,Hayir,,Crm.PremiumItems,
katilim.crm,Crm,Installments,Type,nvarchar(50),Evet,,Hayir,,Crm.PremiumItems,
katilim.crm,Crm,Installments,Status,nvarchar(100),Evet,,Hayir,,Crm.PremiumItems,
katilim.crm,Crm,Installments,Price,"decimal(18,2)",Hayir,,Hayir,,Crm.PremiumItems,
katilim.crm,Crm,Installments,PricePaid,"decimal(18,2)",Hayir,,Hayir,,Crm.PremiumItems,
katilim.crm,Crm,Installments,DueDate,datetime2(7),Hayir,,Hayir,,Crm.PremiumItems,
katilim.crm,Crm,Installments,PaymentDate,datetime2(7),Evet,,Hayir,,Crm.PremiumItems,
katilim.crm,Crm,Installments,VariableIndexUid,uniqueidentifier,Evet,,Hayir,,Crm.PremiumItems,
katilim.crm,Crm,Installments,IsLogo,bit,Hayir,((0)),Hayir,,Crm.PremiumItems,
katilim.crm,Crm,Installments,IsLast,bit,Hayir,((0)),Hayir,,Crm.PremiumItems,
katilim.crm,Crm,Installments,SentCountSMS,int,Hayir,((0)),Hayir,,Crm.PremiumItems,
katilim.crm,Crm,Installments,PostponePrice,"decimal(18,2)",Evet,((0)),Hayir,,Crm.PremiumItems,
katilim.crm,Crm,Installments,PostponePricePaid,"decimal(18,2)",Evet,((0)),Hayir,,Crm.PremiumItems,
katilim.crm,Crm,Installments,BankLogUid,uniqueidentifier,Evet,,Hayir,,Crm.PremiumItems,
katilim.crm,Crm,Installments,DidBillSend,bit,Evet,,Hayir,,Crm.PremiumItems,
katilim.crm,Crm,Installments,ProcessDate,datetime2(7),Evet,,Hayir,,Crm.PremiumItems,
katilim.crm,Crm,Installments,IsMesken,bit,Evet,,Hayir,,Crm.PremiumItems,
katilim.crm,Crm,Installments,Sub_Type,nvarchar(10),Evet,,Hayir,,Crm.PremiumItems,
katilim.crm,Crm,Installments,Sub_InstallmentNumber,int,Evet,,Hayir,,Crm.PremiumItems,
katilim.crm,Crm,Installments,PromissoryNotePostingDate,datetime2(7),Evet,,Hayir,,Crm.PremiumItems,
katilim.crm,Crm,IntegrationApiLogs,Uid,uniqueidentifier,Hayir,,Evet,,Crm.Users,
katilim.crm,Crm,IntegrationApiLogs,UpdatedAt,datetime2(7),Evet,,Hayir,,Crm.Users,
katilim.crm,Crm,IntegrationApiLogs,DeletedAt,datetime2(7),Evet,,Hayir,,Crm.Users,
katilim.crm,Crm,IntegrationApiLogs,CreatedAt,datetime2(7),Hayir,,Hayir,,Crm.Users,
katilim.crm,Crm,IntegrationApiLogs,CreatedByUserUid,uniqueidentifier,Evet,,Hayir,Crm.Users.Uid,Crm.Users,
katilim.crm,Crm,IntegrationApiLogs,CreatedBy,uniqueidentifier,Evet,,Hayir,,Crm.Users,
katilim.crm,Crm,IntegrationApiLogs,UpdatedByUserUid,uniqueidentifier,Evet,,Hayir,Crm.Users.Uid,Crm.Users,
katilim.crm,Crm,IntegrationApiLogs,UpdatedBy,uniqueidentifier,Evet,,Hayir,,Crm.Users,
katilim.crm,Crm,IntegrationApiLogs,DeletedByUserUid,uniqueidentifier,Evet,,Hayir,Crm.Users.Uid,Crm.Users,
katilim.crm,Crm,IntegrationApiLogs,DeletedBy,uniqueidentifier,Evet,,Hayir,,Crm.Users,
katilim.crm,Crm,IntegrationApiLogs,Deleted,bit,Hayir,,Hayir,,Crm.Users,
katilim.crm,Crm,IntegrationApiLogs,JsonData,nvarchar(1000),Evet,,Hayir,,Crm.Users,
katilim.crm,Crm,IntegrationApiLogs,Result,nvarchar(2500),Evet,,Hayir,,Crm.Users,
katilim.crm,Crm,IntegrationApiLogs,LeadUid,uniqueidentifier,Evet,,Hayir,,Crm.Users,
katilim.crm,Crm,IntegrationApiLogs,MobilePhone,nvarchar(50),Evet,,Hayir,,Crm.Users,
katilim.crm,Crm,IntegrationApiLogs250919,Uid,uniqueidentifier,Hayir,,Evet,,Crm.Users,
katilim.crm,Crm,IntegrationApiLogs250919,UpdatedAt,datetime2(7),Evet,,Hayir,,Crm.Users,
katilim.crm,Crm,IntegrationApiLogs250919,DeletedAt,datetime2(7),Evet,,Hayir,,Crm.Users,
katilim.crm,Crm,IntegrationApiLogs250919,CreatedAt,datetime2(7),Hayir,,Hayir,,Crm.Users,
katilim.crm,Crm,IntegrationApiLogs250919,CreatedByUserUid,uniqueidentifier,Evet,,Hayir,Crm.Users.Uid,Crm.Users,
katilim.crm,Crm,IntegrationApiLogs250919,CreatedBy,uniqueidentifier,Evet,,Hayir,,Crm.Users,
katilim.crm,Crm,IntegrationApiLogs250919,UpdatedByUserUid,uniqueidentifier,Evet,,Hayir,Crm.Users.Uid,Crm.Users,
katilim.crm,Crm,IntegrationApiLogs250919,UpdatedBy,uniqueidentifier,Evet,,Hayir,,Crm.Users,
katilim.crm,Crm,IntegrationApiLogs250919,DeletedByUserUid,uniqueidentifier,Evet,,Hayir,Crm.Users.Uid,Crm.Users,
katilim.crm,Crm,IntegrationApiLogs250919,DeletedBy,uniqueidentifier,Evet,,Hayir,,Crm.Users,
katilim.crm,Crm,IntegrationApiLogs250919,Deleted,bit,Hayir,,Hayir,,Crm.Users,
katilim.crm,Crm,IntegrationApiLogs250919,JsonData,nvarchar(max),Evet,,Hayir,,Crm.Users,
katilim.crm,Crm,IntegrationApiLogs250919,Result,nvarchar(2000),Evet,,Hayir,,Crm.Users,
katilim.crm,Crm,InternalFiles,Uid,uniqueidentifier,Hayir,,Evet,,,
katilim.crm,Crm,InternalFiles,UpdatedAt,datetime2(7),Evet,,Hayir,,,
katilim.crm,Crm,InternalFiles,DeletedAt,datetime2(7),Evet,,Hayir,,,
katilim.crm,Crm,InternalFiles,CreatedAt,datetime2(7),Hayir,(getdate()),Hayir,,,
katilim.crm,Crm,InternalFiles,CreatedBy,uniqueidentifier,Evet,,Hayir,,,
katilim.crm,Crm,InternalFiles,UpdatedBy,uniqueidentifier,Evet,,Hayir,,,
katilim.crm,Crm,InternalFiles,DeletedBy,uniqueidentifier,Evet,,Hayir,,,
katilim.crm,Crm,InternalFiles,Deleted,bit,Hayir,,Hayir,,,
katilim.crm,Crm,InternalFiles,Type,nvarchar(100),Evet,,Hayir,,,
katilim.crm,Crm,InternalFiles,Link,nvarchar(100),Evet,,Hayir,,,
katilim.crm,Crm,InternalFiles,Description,nvarchar(4000),Evet,,Hayir,,,
katilim.crm,Crm,InternalFiles,UserUid,uniqueidentifier,Evet,,Hayir,,,
katilim.crm,Crm,InternalFiles,InternalFileTypeUid,uniqueidentifier,Evet,,Hayir,,,
katilim.crm,Crm,InternalFiles,ApproverUid,uniqueidentifier,Evet,,Hayir,,,
katilim.crm,Crm,InternalFiles,RejectUid,uniqueidentifier,Evet,,Hayir,,,
katilim.crm,Crm,InternalFiles,Status,varchar(2),Evet,,Hayir,,,
katilim.crm,Crm,InternalFiles,PathStatus,smallint,Hayir,((1)),Hayir,,,
katilim.crm,Crm,InternalFiles,TransferDescription,nvarchar(500),Evet,,Hayir,,,
katilim.crm,Crm,InternalFileTypeCategories,Uid,uniqueidentifier,Hayir,,Evet,,,
katilim.crm,Crm,InternalFileTypeCategories,UpdatedAt,datetime2(7),Evet,,Hayir,,,
katilim.crm,Crm,InternalFileTypeCategories,DeletedAt,datetime2(7),Evet,,Hayir,,,
katilim.crm,Crm,InternalFileTypeCategories,CreatedAt,datetime2(7),Hayir,,Hayir,,,
katilim.crm,Crm,InternalFileTypeCategories,CreatedBy,uniqueidentifier,Evet,,Hayir,,,
katilim.crm,Crm,InternalFileTypeCategories,UpdatedBy,uniqueidentifier,Evet,,Hayir,,,
katilim.crm,Crm,InternalFileTypeCategories,DeletedBy,uniqueidentifier,Evet,,Hayir,,,
katilim.crm,Crm,InternalFileTypeCategories,Deleted,bit,Hayir,,Hayir,,,
katilim.crm,Crm,InternalFileTypeCategories,Name,nvarchar(100),Evet,,Hayir,,,
katilim.crm,Crm,InternalFileTypeCategories,Key,nvarchar(5),Evet,,Hayir,,,
katilim.crm,Crm,InternalFileTypes,Uid,uniqueidentifier,Hayir,,Evet,,,
katilim.crm,Crm,InternalFileTypes,UpdatedAt,datetime2(7),Evet,,Hayir,,,
katilim.crm,Crm,InternalFileTypes,DeletedAt,datetime2(7),Evet,,Hayir,,,
katilim.crm,Crm,InternalFileTypes,CreatedAt,datetime2(7),Hayir,,Hayir,,,
katilim.crm,Crm,InternalFileTypes,CreatedBy,uniqueidentifier,Evet,,Hayir,,,
katilim.crm,Crm,InternalFileTypes,UpdatedBy,uniqueidentifier,Evet,,Hayir,,,
katilim.crm,Crm,InternalFileTypes,DeletedBy,uniqueidentifier,Evet,,Hayir,,,
katilim.crm,Crm,InternalFileTypes,Deleted,bit,Hayir,,Hayir,,,
katilim.crm,Crm,InternalFileTypes,Name,nvarchar(max),Evet,,Hayir,,,
katilim.crm,Crm,InternalFileTypes,Type,nvarchar(4),Evet,,Hayir,,,
katilim.crm,Crm,InternalFileTypes,IsRequired,bit,Hayir,,Hayir,,,
katilim.crm,Crm,InternalFileTypes,Department,nvarchar(4),Evet,,Hayir,,,
katilim.crm,Crm,InternalFileTypes,OrderBy,int,Evet,,Hayir,,,
katilim.crm,Crm,InternalFileTypes,ProductType,nvarchar(2),Evet,,Hayir,,,
katilim.crm,Crm,InternalFileTypes,CategoryUid,uniqueidentifier,Evet,,Hayir,,,
katilim.crm,Crm,InternalFileTypes,Path,varchar(250),Evet,,Hayir,,,
katilim.crm,Crm,InternetSubeLogs,Uid,uniqueidentifier,Hayir,,Evet,,Crm.Customers; Crm.Users,
katilim.crm,Crm,InternetSubeLogs,UpdatedAt,datetime2(7),Evet,,Hayir,,Crm.Customers; Crm.Users,
katilim.crm,Crm,InternetSubeLogs,DeletedAt,datetime2(7),Evet,,Hayir,,Crm.Customers; Crm.Users,
katilim.crm,Crm,InternetSubeLogs,CreatedAt,datetime2(7),Hayir,,Hayir,,Crm.Customers; Crm.Users,
katilim.crm,Crm,InternetSubeLogs,CreatedBy,uniqueidentifier,Evet,,Hayir,Crm.Users.Uid,Crm.Customers; Crm.Users,
katilim.crm,Crm,InternetSubeLogs,UpdatedBy,uniqueidentifier,Evet,,Hayir,Crm.Users.Uid,Crm.Customers; Crm.Users,
katilim.crm,Crm,InternetSubeLogs,DeletedBy,uniqueidentifier,Evet,,Hayir,Crm.Users.Uid,Crm.Customers; Crm.Users,
katilim.crm,Crm,InternetSubeLogs,Deleted,bit,Hayir,,Hayir,,Crm.Customers; Crm.Users,
katilim.crm,Crm,InternetSubeLogs,CustomerUid,uniqueidentifier,Evet,,Hayir,Crm.Customers.Uid,Crm.Customers; Crm.Users,
katilim.crm,Crm,InternetSubeLogs,Password,nvarchar(100),Evet,,Hayir,,Crm.Customers; Crm.Users,
katilim.crm,Crm,InternetSubeLogs,IP,nvarchar(100),Evet,,Hayir,,Crm.Customers; Crm.Users,
katilim.crm,Crm,InternetSubeLogs,RepUid,uniqueidentifier,Evet,,Hayir,,Crm.Customers; Crm.Users,
katilim.crm,Crm,Inventories,Uid,uniqueidentifier,Hayir,,Evet,,Crm.Files; Crm.InventoryDebits; Crm.InventoryTypes; Crm.Users,
katilim.crm,Crm,Inventories,UpdatedAt,datetime2(7),Evet,,Hayir,,Crm.Files; Crm.InventoryDebits; Crm.InventoryTypes; Crm.Users,
katilim.crm,Crm,Inventories,DeletedAt,datetime2(7),Evet,,Hayir,,Crm.Files; Crm.InventoryDebits; Crm.InventoryTypes; Crm.Users,
katilim.crm,Crm,Inventories,CreatedAt,datetime2(7),Hayir,,Hayir,,Crm.Files; Crm.InventoryDebits; Crm.InventoryTypes; Crm.Users,
katilim.crm,Crm,Inventories,CreatedBy,uniqueidentifier,Evet,,Hayir,Crm.Users.Uid,Crm.Files; Crm.InventoryDebits; Crm.InventoryTypes; Crm.Users,
katilim.crm,Crm,Inventories,UpdatedBy,uniqueidentifier,Evet,,Hayir,Crm.Users.Uid,Crm.Files; Crm.InventoryDebits; Crm.InventoryTypes; Crm.Users,
katilim.crm,Crm,Inventories,DeletedBy,uniqueidentifier,Evet,,Hayir,Crm.Users.Uid,Crm.Files; Crm.InventoryDebits; Crm.InventoryTypes; Crm.Users,
katilim.crm,Crm,Inventories,Deleted,bit,Hayir,,Hayir,,Crm.Files; Crm.InventoryDebits; Crm.InventoryTypes; Crm.Users,
katilim.crm,Crm,Inventories,Code,bigint,Hayir,,Hayir,,Crm.Files; Crm.InventoryDebits; Crm.InventoryTypes; Crm.Users,Identity
katilim.crm,Crm,Inventories,Name,nvarchar(100),Evet,,Hayir,,Crm.Files; Crm.InventoryDebits; Crm.InventoryTypes; Crm.Users,
katilim.crm,Crm,Inventories,InventoryTypeUid,uniqueidentifier,Evet,,Hayir,Crm.InventoryTypes.Uid,Crm.Files; Crm.InventoryDebits; Crm.InventoryTypes; Crm.Users,
katilim.crm,Crm,Inventories,DateOfPurchase,datetime2(7),Hayir,,Hayir,,Crm.Files; Crm.InventoryDebits; Crm.InventoryTypes; Crm.Users,
katilim.crm,Crm,Inventories,Price,"decimal(18,2)",Hayir,,Hayir,,Crm.Files; Crm.InventoryDebits; Crm.InventoryTypes; Crm.Users,
katilim.crm,Crm,Inventories,BuyCompany,nvarchar(1000),Evet,,Hayir,,Crm.Files; Crm.InventoryDebits; Crm.InventoryTypes; Crm.Users,
katilim.crm,Crm,Inventories,InvoiceFile,nvarchar(1000),Evet,,Hayir,,Crm.Files; Crm.InventoryDebits; Crm.InventoryTypes; Crm.Users,
katilim.crm,Crm,Inventories,Description,nvarchar(4000),Evet,,Hayir,,Crm.Files; Crm.InventoryDebits; Crm.InventoryTypes; Crm.Users,
katilim.crm,Crm,Inventories,Brand,nvarchar(1000),Evet,,Hayir,,Crm.Files; Crm.InventoryDebits; Crm.InventoryTypes; Crm.Users,
katilim.crm,Crm,Inventories,Model,nvarchar(500),Evet,,Hayir,,Crm.Files; Crm.InventoryDebits; Crm.InventoryTypes; Crm.Users,
katilim.crm,Crm,Inventories,SerialNumber,nvarchar(400),Evet,,Hayir,,Crm.Files; Crm.InventoryDebits; Crm.InventoryTypes; Crm.Users,
katilim.crm,Crm,Inventories,Json,nvarchar(4000),Evet,,Hayir,,Crm.Files; Crm.InventoryDebits; Crm.InventoryTypes; Crm.Users,
katilim.crm,Crm,Inventories,AssetTag,nvarchar(50),Evet,,Hayir,,Crm.Files; Crm.InventoryDebits; Crm.InventoryTypes; Crm.Users,
katilim.crm,Crm,InventoryDebits,Uid,uniqueidentifier,Hayir,,Evet,,Crm.Debits; Crm.Inventories; Crm.Users,
katilim.crm,Crm,InventoryDebits,UpdatedAt,datetime2(7),Evet,,Hayir,,Crm.Debits; Crm.Inventories; Crm.Users,
katilim.crm,Crm,InventoryDebits,DeletedAt,datetime2(7),Evet,,Hayir,,Crm.Debits; Crm.Inventories; Crm.Users,
katilim.crm,Crm,InventoryDebits,CreatedAt,datetime2(7),Hayir,,Hayir,,Crm.Debits; Crm.Inventories; Crm.Users,
katilim.crm,Crm,InventoryDebits,CreatedBy,uniqueidentifier,Evet,,Hayir,Crm.Users.Uid,Crm.Debits; Crm.Inventories; Crm.Users,
katilim.crm,Crm,InventoryDebits,UpdatedBy,uniqueidentifier,Evet,,Hayir,Crm.Users.Uid,Crm.Debits; Crm.Inventories; Crm.Users,
katilim.crm,Crm,InventoryDebits,DeletedBy,uniqueidentifier,Evet,,Hayir,Crm.Users.Uid,Crm.Debits; Crm.Inventories; Crm.Users,
katilim.crm,Crm,InventoryDebits,Deleted,bit,Hayir,,Hayir,,Crm.Debits; Crm.Inventories; Crm.Users,
katilim.crm,Crm,InventoryDebits,DebitUid,uniqueidentifier,Evet,,Hayir,Crm.Debits.Uid,Crm.Debits; Crm.Inventories; Crm.Users,
katilim.crm,Crm,InventoryDebits,InventoryUid,uniqueidentifier,Evet,,Hayir,Crm.Inventories.Uid,Crm.Debits; Crm.Inventories; Crm.Users,
katilim.crm,Crm,InventoryTypes,Uid,uniqueidentifier,Hayir,,Evet,,Crm.Inventories; Crm.Users,
katilim.crm,Crm,InventoryTypes,UpdatedAt,datetime2(7),Evet,,Hayir,,Crm.Inventories; Crm.Users,
katilim.crm,Crm,InventoryTypes,DeletedAt,datetime2(7),Evet,,Hayir,,Crm.Inventories; Crm.Users,
katilim.crm,Crm,InventoryTypes,CreatedAt,datetime2(7),Hayir,,Hayir,,Crm.Inventories; Crm.Users,
katilim.crm,Crm,InventoryTypes,CreatedBy,uniqueidentifier,Evet,,Hayir,Crm.Users.Uid,Crm.Inventories; Crm.Users,
katilim.crm,Crm,InventoryTypes,UpdatedBy,uniqueidentifier,Evet,,Hayir,Crm.Users.Uid,Crm.Inventories; Crm.Users,
katilim.crm,Crm,InventoryTypes,DeletedBy,uniqueidentifier,Evet,,Hayir,Crm.Users.Uid,Crm.Inventories; Crm.Users,
katilim.crm,Crm,InventoryTypes,Deleted,bit,Hayir,,Hayir,,Crm.Inventories; Crm.Users,
katilim.crm,Crm,InventoryTypes,Name,nvarchar(100),Evet,,Hayir,,Crm.Inventories; Crm.Users,
katilim.crm,Crm,InventoryTypes,Properties,nvarchar(500),Evet,,Hayir,,Crm.Inventories; Crm.Users,
katilim.crm,Crm,InvoiceLogoLogs,Uid,uniqueidentifier,Hayir,,Evet,,Crm.Contracts; Crm.Users,
katilim.crm,Crm,InvoiceLogoLogs,UpdatedAt,datetime2(7),Evet,,Hayir,,Crm.Contracts; Crm.Users,
katilim.crm,Crm,InvoiceLogoLogs,DeletedAt,datetime2(7),Evet,,Hayir,,Crm.Contracts; Crm.Users,
katilim.crm,Crm,InvoiceLogoLogs,CreatedAt,datetime2(7),Hayir,,Hayir,,Crm.Contracts; Crm.Users,
katilim.crm,Crm,InvoiceLogoLogs,CreatedBy,uniqueidentifier,Evet,,Hayir,Crm.Users.Uid,Crm.Contracts; Crm.Users,
katilim.crm,Crm,InvoiceLogoLogs,UpdatedBy,uniqueidentifier,Evet,,Hayir,Crm.Users.Uid,Crm.Contracts; Crm.Users,
katilim.crm,Crm,InvoiceLogoLogs,DeletedBy,uniqueidentifier,Evet,,Hayir,Crm.Users.Uid,Crm.Contracts; Crm.Users,
katilim.crm,Crm,InvoiceLogoLogs,Deleted,bit,Hayir,,Hayir,,Crm.Contracts; Crm.Users,
katilim.crm,Crm,InvoiceLogoLogs,ContractUid,uniqueidentifier,Evet,,Hayir,Crm.Contracts.Uid,Crm.Contracts; Crm.Users,
katilim.crm,Crm,InvoiceLogoLogs,CustomerNo,nvarchar(50),Evet,,Hayir,,Crm.Contracts; Crm.Users,
katilim.crm,Crm,InvoiceLogoLogs,ContractNo,nvarchar(50),Evet,,Hayir,,Crm.Contracts; Crm.Users,
katilim.crm,Crm,InvoiceLogoLogs,InvoiceRef,nvarchar(200),Evet,,Hayir,,Crm.Contracts; Crm.Users,
katilim.crm,Crm,InvoiceLogoLogs,InvoiceAmount,"decimal(18,2)",Hayir,,Hayir,,Crm.Contracts; Crm.Users,
katilim.crm,Crm,InvoiceLogoLogs,BsmvAmount,"decimal(18,2)",Hayir,,Hayir,,Crm.Contracts; Crm.Users,
katilim.crm,Crm,InvoiceLogoLogs,BsmvRate,"decimal(18,2)",Hayir,,Hayir,,Crm.Contracts; Crm.Users,
katilim.crm,Crm,InvoiceLogoLogs,InvoiceNo,varchar(50),Evet,,Hayir,,Crm.Contracts; Crm.Users,
katilim.crm,Crm,InvoiceLogoLogs,BsmvCode,varchar(100),Evet,,Hayir,,Crm.Contracts; Crm.Users,
katilim.crm,Crm,InvoiceLogoLogs,Status,smallint,Hayir,((0)),Hayir,,Crm.Contracts; Crm.Users,
katilim.crm,Crm,InvoiceLogoLogs,InvoiceServiceCode,varchar(100),Evet,,Hayir,,Crm.Contracts; Crm.Users,
katilim.crm,Crm,InvoiceLogoLogs,Message,varchar(max),Evet,,Hayir,,Crm.Contracts; Crm.Users,
katilim.crm,Crm,IssueHistories,Uid,uniqueidentifier,Hayir,,Evet,,Crm.Issues; Crm.Organizations; Crm.Users,
katilim.crm,Crm,IssueHistories,UpdatedAt,datetime2(7),Evet,,Hayir,,Crm.Issues; Crm.Organizations; Crm.Users,
katilim.crm,Crm,IssueHistories,DeletedAt,datetime2(7),Evet,,Hayir,,Crm.Issues; Crm.Organizations; Crm.Users,
katilim.crm,Crm,IssueHistories,CreatedAt,datetime2(7),Hayir,,Hayir,,Crm.Issues; Crm.Organizations; Crm.Users,
katilim.crm,Crm,IssueHistories,CreatedBy,uniqueidentifier,Evet,,Hayir,Crm.Users.Uid,Crm.Issues; Crm.Organizations; Crm.Users,
katilim.crm,Crm,IssueHistories,UpdatedBy,uniqueidentifier,Evet,,Hayir,Crm.Users.Uid,Crm.Issues; Crm.Organizations; Crm.Users,
katilim.crm,Crm,IssueHistories,DeletedBy,uniqueidentifier,Evet,,Hayir,Crm.Users.Uid,Crm.Issues; Crm.Organizations; Crm.Users,
katilim.crm,Crm,IssueHistories,Deleted,bit,Hayir,,Hayir,,Crm.Issues; Crm.Organizations; Crm.Users,
katilim.crm,Crm,IssueHistories,UserUid,uniqueidentifier,Evet,,Hayir,Crm.Users.Uid,Crm.Issues; Crm.Organizations; Crm.Users,
katilim.crm,Crm,IssueHistories,OrganizationUid,uniqueidentifier,Evet,,Hayir,Crm.Organizations.Uid,Crm.Issues; Crm.Organizations; Crm.Users,
katilim.crm,Crm,IssueHistories,DirectUserUid,uniqueidentifier,Evet,,Hayir,Crm.Users.Uid,Crm.Issues; Crm.Organizations; Crm.Users,
katilim.crm,Crm,IssueHistories,DirectDate,datetime2(7),Evet,,Hayir,,Crm.Issues; Crm.Organizations; Crm.Users,
katilim.crm,Crm,IssueHistories,DirectDescription,nvarchar(max),Evet,,Hayir,,Crm.Issues; Crm.Organizations; Crm.Users,
katilim.crm,Crm,IssueHistories,Subject,nvarchar(max),Evet,,Hayir,,Crm.Issues; Crm.Organizations; Crm.Users,
katilim.crm,Crm,IssueHistories,Explanation,nvarchar(max),Evet,,Hayir,,Crm.Issues; Crm.Organizations; Crm.Users,
katilim.crm,Crm,IssueHistories,IsAnswer,bit,Evet,,Hayir,,Crm.Issues; Crm.Organizations; Crm.Users,
katilim.crm,Crm,IssueHistories,Answer,nvarchar(max),Evet,,Hayir,,Crm.Issues; Crm.Organizations; Crm.Users,
katilim.crm,Crm,IssueHistories,AnswerBy,uniqueidentifier,Evet,,Hayir,Crm.Users.Uid,Crm.Issues; Crm.Organizations; Crm.Users,
katilim.crm,Crm,IssueHistories,AnswerDate,datetime2(7),Evet,,Hayir,,Crm.Issues; Crm.Organizations; Crm.Users,
katilim.crm,Crm,IssueHistories,Type,nvarchar(max),Evet,,Hayir,,Crm.Issues; Crm.Organizations; Crm.Users,
katilim.crm,Crm,IssueHistories,Status,nvarchar(max),Evet,,Hayir,,Crm.Issues; Crm.Organizations; Crm.Users,
katilim.crm,Crm,IssueHistories,IssueUid,uniqueidentifier,Evet,,Hayir,Crm.Issues.Uid,Crm.Issues; Crm.Organizations; Crm.Users,
katilim.crm,Crm,Issues,Uid,uniqueidentifier,Hayir,,Evet,,Crm.IssueHistories; Crm.Organizations; Crm.Users,
katilim.crm,Crm,Issues,UpdatedAt,datetime2(7),Evet,,Hayir,,Crm.IssueHistories; Crm.Organizations; Crm.Users,
katilim.crm,Crm,Issues,DeletedAt,datetime2(7),Evet,,Hayir,,Crm.IssueHistories; Crm.Organizations; Crm.Users,
katilim.crm,Crm,Issues,CreatedAt,datetime2(7),Hayir,,Hayir,,Crm.IssueHistories; Crm.Organizations; Crm.Users,
katilim.crm,Crm,Issues,CreatedBy,uniqueidentifier,Evet,,Hayir,Crm.Users.Uid,Crm.IssueHistories; Crm.Organizations; Crm.Users,
katilim.crm,Crm,Issues,UpdatedBy,uniqueidentifier,Evet,,Hayir,Crm.Users.Uid,Crm.IssueHistories; Crm.Organizations; Crm.Users,
katilim.crm,Crm,Issues,DeletedBy,uniqueidentifier,Evet,,Hayir,Crm.Users.Uid,Crm.IssueHistories; Crm.Organizations; Crm.Users,
katilim.crm,Crm,Issues,Deleted,bit,Hayir,,Hayir,,Crm.IssueHistories; Crm.Organizations; Crm.Users,
katilim.crm,Crm,Issues,Code,nvarchar(max),Evet,,Hayir,,Crm.IssueHistories; Crm.Organizations; Crm.Users,
katilim.crm,Crm,Issues,UserUid,uniqueidentifier,Evet,,Hayir,Crm.Users.Uid,Crm.IssueHistories; Crm.Organizations; Crm.Users,
katilim.crm,Crm,Issues,OrganizationUid,uniqueidentifier,Evet,,Hayir,Crm.Organizations.Uid,Crm.IssueHistories; Crm.Organizations; Crm.Users,
katilim.crm,Crm,Issues,DirectUserUid,uniqueidentifier,Evet,,Hayir,Crm.Users.Uid,Crm.IssueHistories; Crm.Organizations; Crm.Users,
katilim.crm,Crm,Issues,DirectDate,datetime2(7),Evet,,Hayir,,Crm.IssueHistories; Crm.Organizations; Crm.Users,
katilim.crm,Crm,Issues,DirectDescription,nvarchar(max),Evet,,Hayir,,Crm.IssueHistories; Crm.Organizations; Crm.Users,
katilim.crm,Crm,Issues,Subject,nvarchar(max),Evet,,Hayir,,Crm.IssueHistories; Crm.Organizations; Crm.Users,
katilim.crm,Crm,Issues,Explanation,nvarchar(max),Evet,,Hayir,,Crm.IssueHistories; Crm.Organizations; Crm.Users,
katilim.crm,Crm,Issues,IsAnswer,bit,Evet,,Hayir,,Crm.IssueHistories; Crm.Organizations; Crm.Users,
katilim.crm,Crm,Issues,Answer,nvarchar(max),Evet,,Hayir,,Crm.IssueHistories; Crm.Organizations; Crm.Users,
katilim.crm,Crm,Issues,AnswerBy,uniqueidentifier,Evet,,Hayir,Crm.Users.Uid,Crm.IssueHistories; Crm.Organizations; Crm.Users,
katilim.crm,Crm,Issues,AnswerDate,datetime2(7),Evet,,Hayir,,Crm.IssueHistories; Crm.Organizations; Crm.Users,
katilim.crm,Crm,Issues,Type,nvarchar(max),Evet,,Hayir,,Crm.IssueHistories; Crm.Organizations; Crm.Users,
katilim.crm,Crm,Issues,Status,nvarchar(max),Evet,,Hayir,,Crm.IssueHistories; Crm.Organizations; Crm.Users,
katilim.crm,Crm,ITSystemUserLogins,Uid,uniqueidentifier,Hayir,,Evet,,,
katilim.crm,Crm,ITSystemUserLogins,UpdatedAt,datetime2(7),Evet,,Hayir,,,
katilim.crm,Crm,ITSystemUserLogins,DeletedAt,datetime2(7),Evet,,Hayir,,,
katilim.crm,Crm,ITSystemUserLogins,CreatedAt,datetime2(7),Hayir,,Hayir,,,
katilim.crm,Crm,ITSystemUserLogins,CreatedBy,uniqueidentifier,Evet,,Hayir,,,
katilim.crm,Crm,ITSystemUserLogins,UpdatedBy,uniqueidentifier,Evet,,Hayir,,,
katilim.crm,Crm,ITSystemUserLogins,DeletedBy,uniqueidentifier,Evet,,Hayir,,,
katilim.crm,Crm,ITSystemUserLogins,Deleted,bit,Hayir,,Hayir,,,
katilim.crm,Crm,ITSystemUserLogins,UserUid,uniqueidentifier,Hayir,,Hayir,,,
katilim.crm,Crm,ITSystemUserLogins,IP,nvarchar(100),Evet,,Hayir,,,
katilim.crm,Crm,ITSystemUserLogins,Host,nvarchar(100),Evet,,Hayir,,,
katilim.crm,Crm,ITSystemUserLogins,Browser,nvarchar(100),Evet,,Hayir,,,
katilim.crm,Crm,ITSystemUserLogins,Authority,nvarchar(max),Evet,,Hayir,,,
katilim.crm,Crm,ITSystemUserLogins,LastConnectDate,datetime2(7),Hayir,,Hayir,,,
katilim.crm,Crm,ITSystemUserLogins,IsLdap,bit,Evet,,Hayir,,,
katilim.crm,Crm,LeadForms,Uid,uniqueidentifier,Hayir,,Evet,,Crm.Activities; Crm.AdForms; Crm.Organizations; Crm.Users,
katilim.crm,Crm,LeadForms,UpdatedAt,datetime2(7),Evet,,Hayir,,Crm.Activities; Crm.AdForms; Crm.Organizations; Crm.Users,
katilim.crm,Crm,LeadForms,DeletedAt,datetime2(7),Evet,,Hayir,,Crm.Activities; Crm.AdForms; Crm.Organizations; Crm.Users,
katilim.crm,Crm,LeadForms,CreatedAt,datetime2(7),Hayir,,Hayir,,Crm.Activities; Crm.AdForms; Crm.Organizations; Crm.Users,
katilim.crm,Crm,LeadForms,CreatedBy,uniqueidentifier,Evet,,Hayir,Crm.Users.Uid,Crm.Activities; Crm.AdForms; Crm.Organizations; Crm.Users,
katilim.crm,Crm,LeadForms,UpdatedBy,uniqueidentifier,Evet,,Hayir,Crm.Users.Uid,Crm.Activities; Crm.AdForms; Crm.Organizations; Crm.Users,
katilim.crm,Crm,LeadForms,DeletedBy,uniqueidentifier,Evet,,Hayir,Crm.Users.Uid,Crm.Activities; Crm.AdForms; Crm.Organizations; Crm.Users,
katilim.crm,Crm,LeadForms,Deleted,bit,Hayir,,Hayir,,Crm.Activities; Crm.AdForms; Crm.Organizations; Crm.Users,
katilim.crm,Crm,LeadForms,ID,nvarchar(200),Evet,,Hayir,,Crm.Activities; Crm.AdForms; Crm.Organizations; Crm.Users,
katilim.crm,Crm,LeadForms,FormID,nvarchar(200),Evet,,Hayir,,Crm.Activities; Crm.AdForms; Crm.Organizations; Crm.Users,
katilim.crm,Crm,LeadForms,FormCreateDate,datetime2(7),Hayir,,Hayir,,Crm.Activities; Crm.AdForms; Crm.Organizations; Crm.Users,
katilim.crm,Crm,LeadForms,CampaignID,nvarchar(200),Evet,,Hayir,,Crm.Activities; Crm.AdForms; Crm.Organizations; Crm.Users,
katilim.crm,Crm,LeadForms,AdID,nvarchar(200),Evet,,Hayir,,Crm.Activities; Crm.AdForms; Crm.Organizations; Crm.Users,
katilim.crm,Crm,LeadForms,AdSetID,nvarchar(200),Evet,,Hayir,,Crm.Activities; Crm.AdForms; Crm.Organizations; Crm.Users,
katilim.crm,Crm,LeadForms,Platform,nvarchar(100),Evet,,Hayir,,Crm.Activities; Crm.AdForms; Crm.Organizations; Crm.Users,
katilim.crm,Crm,LeadForms,Name,nvarchar(100),Evet,,Hayir,,Crm.Activities; Crm.AdForms; Crm.Organizations; Crm.Users,
katilim.crm,Crm,LeadForms,MobilePhone,nvarchar(50),Evet,,Hayir,,Crm.Activities; Crm.AdForms; Crm.Organizations; Crm.Users,
katilim.crm,Crm,LeadForms,Type,nvarchar(100),Evet,,Hayir,,Crm.Activities; Crm.AdForms; Crm.Organizations; Crm.Users,
katilim.crm,Crm,LeadForms,Log,nvarchar(max),Evet,,Hayir,,Crm.Activities; Crm.AdForms; Crm.Organizations; Crm.Users,
katilim.crm,Crm,LeadForms,LeadUid,uniqueidentifier,Evet,,Hayir,,Crm.Activities; Crm.AdForms; Crm.Organizations; Crm.Users,
katilim.crm,Crm,LeadForms,CountryUid,uniqueidentifier,Evet,,Hayir,,Crm.Activities; Crm.AdForms; Crm.Organizations; Crm.Users,
katilim.crm,Crm,LeadForms,CityUid,uniqueidentifier,Evet,,Hayir,,Crm.Activities; Crm.AdForms; Crm.Organizations; Crm.Users,
katilim.crm,Crm,LeadForms,TownUid,uniqueidentifier,Evet,,Hayir,,Crm.Activities; Crm.AdForms; Crm.Organizations; Crm.Users,
katilim.crm,Crm,LeadForms,RecordType,nvarchar(1),Evet,,Hayir,,Crm.Activities; Crm.AdForms; Crm.Organizations; Crm.Users,
katilim.crm,Crm,LeadForms,InstallmentRange,nvarchar(50),Evet,,Hayir,,Crm.Activities; Crm.AdForms; Crm.Organizations; Crm.Users,
katilim.crm,Crm,LeadForms,PriceRange,nvarchar(50),Evet,,Hayir,,Crm.Activities; Crm.AdForms; Crm.Organizations; Crm.Users,
katilim.crm,Crm,LeadForms,FormUid,nvarchar(200),Evet,,Hayir,,Crm.Activities; Crm.AdForms; Crm.Organizations; Crm.Users,
katilim.crm,Crm,LeadForms,Note,nvarchar(4000),Evet,,Hayir,,Crm.Activities; Crm.AdForms; Crm.Organizations; Crm.Users,
katilim.crm,Crm,LeadForms,AdFormUid,uniqueidentifier,Evet,,Hayir,Crm.AdForms.Uid,Crm.Activities; Crm.AdForms; Crm.Organizations; Crm.Users,
katilim.crm,Crm,LeadForms,IsRecurring,bit,Hayir,((0)),Hayir,,Crm.Activities; Crm.AdForms; Crm.Organizations; Crm.Users,
katilim.crm,Crm,LeadForms,OrganizationUid,uniqueidentifier,Evet,,Hayir,Crm.Organizations.Uid,Crm.Activities; Crm.AdForms; Crm.Organizations; Crm.Users,
katilim.crm,Crm,LeadForms,ActivityUid,uniqueidentifier,Evet,,Hayir,Crm.Activities.Uid,Crm.Activities; Crm.AdForms; Crm.Organizations; Crm.Users,
katilim.crm,Crm,LeadForms,IsRecurringOld,bit,Evet,,Hayir,,Crm.Activities; Crm.AdForms; Crm.Organizations; Crm.Users,
katilim.crm,Crm,LeadForms,IsDigitalRecurring,bit,Hayir,((0)),Hayir,,Crm.Activities; Crm.AdForms; Crm.Organizations; Crm.Users,
katilim.crm,Crm,LeadForms,MobilePhone2,nvarchar(50),Evet,,Hayir,,Crm.Activities; Crm.AdForms; Crm.Organizations; Crm.Users,
katilim.crm,Crm,Leads,Uid,uniqueidentifier,Hayir,,Evet,,Crm.AppointmentAssignments; Crm.Opportunities; Crm.SmsLogs; Crm.SmsVerificationCodes,
katilim.crm,Crm,Leads,UpdatedAt,datetime2(7),Evet,,Hayir,,Crm.AppointmentAssignments; Crm.Opportunities; Crm.SmsLogs; Crm.SmsVerificationCodes,
katilim.crm,Crm,Leads,DeletedAt,datetime2(7),Evet,,Hayir,,Crm.AppointmentAssignments; Crm.Opportunities; Crm.SmsLogs; Crm.SmsVerificationCodes,
katilim.crm,Crm,Leads,CreatedAt,datetime2(7),Hayir,,Hayir,,Crm.AppointmentAssignments; Crm.Opportunities; Crm.SmsLogs; Crm.SmsVerificationCodes,
katilim.crm,Crm,Leads,CreatedBy,uniqueidentifier,Evet,,Hayir,,Crm.AppointmentAssignments; Crm.Opportunities; Crm.SmsLogs; Crm.SmsVerificationCodes,
katilim.crm,Crm,Leads,UpdatedBy,uniqueidentifier,Evet,,Hayir,,Crm.AppointmentAssignments; Crm.Opportunities; Crm.SmsLogs; Crm.SmsVerificationCodes,
katilim.crm,Crm,Leads,DeletedBy,uniqueidentifier,Evet,,Hayir,,Crm.AppointmentAssignments; Crm.Opportunities; Crm.SmsLogs; Crm.SmsVerificationCodes,
katilim.crm,Crm,Leads,Deleted,bit,Hayir,,Hayir,,Crm.AppointmentAssignments; Crm.Opportunities; Crm.SmsLogs; Crm.SmsVerificationCodes,
katilim.crm,Crm,Leads,Name,nvarchar(100),Evet,,Hayir,,Crm.AppointmentAssignments; Crm.Opportunities; Crm.SmsLogs; Crm.SmsVerificationCodes,
katilim.crm,Crm,Leads,SurName,nvarchar(100),Evet,,Hayir,,Crm.AppointmentAssignments; Crm.Opportunities; Crm.SmsLogs; Crm.SmsVerificationCodes,
katilim.crm,Crm,Leads,MobilePhone,nvarchar(50),Evet,,Hayir,,Crm.AppointmentAssignments; Crm.Opportunities; Crm.SmsLogs; Crm.SmsVerificationCodes,
katilim.crm,Crm,Leads,Message,nvarchar(4000),Evet,,Hayir,,Crm.AppointmentAssignments; Crm.Opportunities; Crm.SmsLogs; Crm.SmsVerificationCodes,
katilim.crm,Crm,Leads,Status,nvarchar(100),Evet,,Hayir,,Crm.AppointmentAssignments; Crm.Opportunities; Crm.SmsLogs; Crm.SmsVerificationCodes,
katilim.crm,Crm,Leads,Source,nvarchar(100),Evet,,Hayir,,Crm.AppointmentAssignments; Crm.Opportunities; Crm.SmsLogs; Crm.SmsVerificationCodes,
katilim.crm,Crm,Leads,CustomerSourceUid,uniqueidentifier,Evet,,Hayir,,Crm.AppointmentAssignments; Crm.Opportunities; Crm.SmsLogs; Crm.SmsVerificationCodes,
katilim.crm,Crm,Leads,IsContact,bit,Evet,((1)),Hayir,,Crm.AppointmentAssignments; Crm.Opportunities; Crm.SmsLogs; Crm.SmsVerificationCodes,
katilim.crm,Crm,Leads,EMail,nvarchar(50),Evet,,Hayir,,Crm.AppointmentAssignments; Crm.Opportunities; Crm.SmsLogs; Crm.SmsVerificationCodes,
katilim.crm,Crm,Leads,Description,nvarchar(4000),Evet,,Hayir,,Crm.AppointmentAssignments; Crm.Opportunities; Crm.SmsLogs; Crm.SmsVerificationCodes,
katilim.crm,Crm,Leads,CancellationReason,nvarchar(50),Evet,,Hayir,,Crm.AppointmentAssignments; Crm.Opportunities; Crm.SmsLogs; Crm.SmsVerificationCodes,
katilim.crm,Crm,Leads,WaitDate,datetime2(7),Evet,,Hayir,,Crm.AppointmentAssignments; Crm.Opportunities; Crm.SmsLogs; Crm.SmsVerificationCodes,
katilim.crm,Crm,Leads,MemberDate,datetime2(7),Evet,,Hayir,,Crm.AppointmentAssignments; Crm.Opportunities; Crm.SmsLogs; Crm.SmsVerificationCodes,
katilim.crm,Crm,Leads,CampaignUid,uniqueidentifier,Evet,,Hayir,,Crm.AppointmentAssignments; Crm.Opportunities; Crm.SmsLogs; Crm.SmsVerificationCodes,
katilim.crm,Crm,Leads,CampaignItemUid,uniqueidentifier,Evet,,Hayir,,Crm.AppointmentAssignments; Crm.Opportunities; Crm.SmsLogs; Crm.SmsVerificationCodes,
katilim.crm,Crm,Leads,CountryUid,uniqueidentifier,Evet,,Hayir,,Crm.AppointmentAssignments; Crm.Opportunities; Crm.SmsLogs; Crm.SmsVerificationCodes,
katilim.crm,Crm,Leads,CityUid,uniqueidentifier,Evet,,Hayir,,Crm.AppointmentAssignments; Crm.Opportunities; Crm.SmsLogs; Crm.SmsVerificationCodes,
katilim.crm,Crm,Leads,TownUid,uniqueidentifier,Evet,,Hayir,,Crm.AppointmentAssignments; Crm.Opportunities; Crm.SmsLogs; Crm.SmsVerificationCodes,
katilim.crm,Crm,Leads,HomeTownUid,uniqueidentifier,Evet,,Hayir,,Crm.AppointmentAssignments; Crm.Opportunities; Crm.SmsLogs; Crm.SmsVerificationCodes,
katilim.crm,Crm,Leads,OccupationUid,uniqueidentifier,Evet,,Hayir,,Crm.AppointmentAssignments; Crm.Opportunities; Crm.SmsLogs; Crm.SmsVerificationCodes,
katilim.crm,Crm,Leads,MaritalStatus,nvarchar(50),Evet,,Hayir,,Crm.AppointmentAssignments; Crm.Opportunities; Crm.SmsLogs; Crm.SmsVerificationCodes,
katilim.crm,Crm,Leads,Gender,nvarchar(50),Evet,,Hayir,,Crm.AppointmentAssignments; Crm.Opportunities; Crm.SmsLogs; Crm.SmsVerificationCodes,
katilim.crm,Crm,Leads,CustomerUid,uniqueidentifier,Evet,,Hayir,,Crm.AppointmentAssignments; Crm.Opportunities; Crm.SmsLogs; Crm.SmsVerificationCodes,
katilim.crm,Crm,Leads,ReferanceUid,uniqueidentifier,Evet,,Hayir,,Crm.AppointmentAssignments; Crm.Opportunities; Crm.SmsLogs; Crm.SmsVerificationCodes,
katilim.crm,Crm,Leads,PortfolioUid,uniqueidentifier,Evet,,Hayir,,Crm.AppointmentAssignments; Crm.Opportunities; Crm.SmsLogs; Crm.SmsVerificationCodes,
katilim.crm,Crm,Leads,ConvertToCandidateDate,datetime2(7),Evet,,Hayir,,Crm.AppointmentAssignments; Crm.Opportunities; Crm.SmsLogs; Crm.SmsVerificationCodes,
katilim.crm,Crm,Leads,ConvertToCandidateByUserUid,uniqueidentifier,Evet,,Hayir,,Crm.AppointmentAssignments; Crm.Opportunities; Crm.SmsLogs; Crm.SmsVerificationCodes,
katilim.crm,Crm,Leads,IsCenter,bit,Hayir,((0)),Hayir,,Crm.AppointmentAssignments; Crm.Opportunities; Crm.SmsLogs; Crm.SmsVerificationCodes,
katilim.crm,Crm,Leads,CallOwnerUid,uniqueidentifier,Evet,,Hayir,,Crm.AppointmentAssignments; Crm.Opportunities; Crm.SmsLogs; Crm.SmsVerificationCodes,
katilim.crm,Crm,Leads,IsAppointmentConvert,bit,Hayir,((0)),Hayir,,Crm.AppointmentAssignments; Crm.Opportunities; Crm.SmsLogs; Crm.SmsVerificationCodes,
katilim.crm,Crm,Leads,ConvertType,nvarchar(50),Evet,,Hayir,,Crm.AppointmentAssignments; Crm.Opportunities; Crm.SmsLogs; Crm.SmsVerificationCodes,
katilim.crm,Crm,Leads,IsPassive,bit,Hayir,((0)),Hayir,,Crm.AppointmentAssignments; Crm.Opportunities; Crm.SmsLogs; Crm.SmsVerificationCodes,
katilim.crm,Crm,Leads,IsHomeCar,nvarchar(50),Evet,,Hayir,,Crm.AppointmentAssignments; Crm.Opportunities; Crm.SmsLogs; Crm.SmsVerificationCodes,
katilim.crm,Crm,Leads,IsHomeCarManuel,bit,Hayir,((0)),Hayir,,Crm.AppointmentAssignments; Crm.Opportunities; Crm.SmsLogs; Crm.SmsVerificationCodes,
katilim.crm,Crm,Leads,IsDontCall,bit,Hayir,((0)),Hayir,,Crm.AppointmentAssignments; Crm.Opportunities; Crm.SmsLogs; Crm.SmsVerificationCodes,
katilim.crm,Crm,Leads,IsDontSms,bit,Hayir,((0)),Hayir,,Crm.AppointmentAssignments; Crm.Opportunities; Crm.SmsLogs; Crm.SmsVerificationCodes,
katilim.crm,Crm,Leads,RepUid,uniqueidentifier,Evet,,Hayir,,Crm.AppointmentAssignments; Crm.Opportunities; Crm.SmsLogs; Crm.SmsVerificationCodes,
katilim.crm,Crm,Leads,OwnerRepUid,uniqueidentifier,Evet,,Hayir,,Crm.AppointmentAssignments; Crm.Opportunities; Crm.SmsLogs; Crm.SmsVerificationCodes,
katilim.crm,Crm,Leads,MobilePhone2,nvarchar(50),Evet,,Hayir,,Crm.AppointmentAssignments; Crm.Opportunities; Crm.SmsLogs; Crm.SmsVerificationCodes,
katilim.crm,Crm,Leads,MobilePhoneFormat,nvarchar(100),Evet,,Hayir,,Crm.AppointmentAssignments; Crm.Opportunities; Crm.SmsLogs; Crm.SmsVerificationCodes,
katilim.crm,Crm,Leads,OwnerBrandEnvoyUid,uniqueidentifier,Evet,,Hayir,,Crm.AppointmentAssignments; Crm.Opportunities; Crm.SmsLogs; Crm.SmsVerificationCodes,
katilim.crm,Crm,Leads,OwnerBrandEnvoyPortfolioUid,uniqueidentifier,Evet,,Hayir,,Crm.AppointmentAssignments; Crm.Opportunities; Crm.SmsLogs; Crm.SmsVerificationCodes,
katilim.crm,Crm,Leads,BrandEnvoyDate,datetime,Evet,,Hayir,,Crm.AppointmentAssignments; Crm.Opportunities; Crm.SmsLogs; Crm.SmsVerificationCodes,
katilim.crm,Crm,Leads,BrandEnvoyCall,bit,Evet,,Hayir,,Crm.AppointmentAssignments; Crm.Opportunities; Crm.SmsLogs; Crm.SmsVerificationCodes,
katilim.crm,Crm,Leads,BrandEnvoyCallOwnerUid,uniqueidentifier,Evet,,Hayir,,Crm.AppointmentAssignments; Crm.Opportunities; Crm.SmsLogs; Crm.SmsVerificationCodes,
katilim.crm,Crm,Leads,BrandEnvoyCallDate,datetime,Evet,,Hayir,,Crm.AppointmentAssignments; Crm.Opportunities; Crm.SmsLogs; Crm.SmsVerificationCodes,
katilim.crm,Crm,Leads,CountOfCallLead,int,Evet,,Hayir,,Crm.AppointmentAssignments; Crm.Opportunities; Crm.SmsLogs; Crm.SmsVerificationCodes,
katilim.crm,Crm,Leads,CountOfCallCandidate,int,Evet,,Hayir,,Crm.AppointmentAssignments; Crm.Opportunities; Crm.SmsLogs; Crm.SmsVerificationCodes,
katilim.crm,Crm,Leads,CreatedByUserOrganizationType,nvarchar(50),Evet,,Hayir,,Crm.AppointmentAssignments; Crm.Opportunities; Crm.SmsLogs; Crm.SmsVerificationCodes,
katilim.crm,Crm,Leads,PortfolioOrganizationUid,uniqueidentifier,Evet,,Hayir,,Crm.AppointmentAssignments; Crm.Opportunities; Crm.SmsLogs; Crm.SmsVerificationCodes,
katilim.crm,Crm,Leads,PortfolioRegionUid,uniqueidentifier,Evet,,Hayir,,Crm.AppointmentAssignments; Crm.Opportunities; Crm.SmsLogs; Crm.SmsVerificationCodes,
katilim.crm,Crm,Leads,IsAppointment,bit,Evet,,Hayir,,Crm.AppointmentAssignments; Crm.Opportunities; Crm.SmsLogs; Crm.SmsVerificationCodes,
katilim.crm,Crm,Leads,IsPendingActivity,bit,Evet,,Hayir,,Crm.AppointmentAssignments; Crm.Opportunities; Crm.SmsLogs; Crm.SmsVerificationCodes,
katilim.crm,Crm,Leads,LastContactDate,datetime2(7),Evet,,Hayir,,Crm.AppointmentAssignments; Crm.Opportunities; Crm.SmsLogs; Crm.SmsVerificationCodes,
katilim.crm,Crm,Leads,IsRecentlyPassive,bit,Evet,,Hayir,,Crm.AppointmentAssignments; Crm.Opportunities; Crm.SmsLogs; Crm.SmsVerificationCodes,
katilim.crm,Crm,Leads,CountryName,nvarchar(100),Evet,,Hayir,,Crm.AppointmentAssignments; Crm.Opportunities; Crm.SmsLogs; Crm.SmsVerificationCodes,
katilim.crm,Crm,Leads,CityName,nvarchar(100),Evet,,Hayir,,Crm.AppointmentAssignments; Crm.Opportunities; Crm.SmsLogs; Crm.SmsVerificationCodes,
katilim.crm,Crm,Leads,TownName,nvarchar(100),Evet,,Hayir,,Crm.AppointmentAssignments; Crm.Opportunities; Crm.SmsLogs; Crm.SmsVerificationCodes,
katilim.crm,Crm,Leads,HomeTownName,nvarchar(100),Evet,,Hayir,,Crm.AppointmentAssignments; Crm.Opportunities; Crm.SmsLogs; Crm.SmsVerificationCodes,
katilim.crm,Crm,Leads,PortfolioName,nvarchar(100),Evet,,Hayir,,Crm.AppointmentAssignments; Crm.Opportunities; Crm.SmsLogs; Crm.SmsVerificationCodes,
katilim.crm,Crm,Leads,PortfolioCode,nvarchar(100),Evet,,Hayir,,Crm.AppointmentAssignments; Crm.Opportunities; Crm.SmsLogs; Crm.SmsVerificationCodes,
katilim.crm,Crm,Leads,PortfolioUserName,nvarchar(100),Evet,,Hayir,,Crm.AppointmentAssignments; Crm.Opportunities; Crm.SmsLogs; Crm.SmsVerificationCodes,
katilim.crm,Crm,Leads,PortfolioOrganizationName,nvarchar(100),Evet,,Hayir,,Crm.AppointmentAssignments; Crm.Opportunities; Crm.SmsLogs; Crm.SmsVerificationCodes,
katilim.crm,Crm,Leads,OccupationName,nvarchar(100),Evet,,Hayir,,Crm.AppointmentAssignments; Crm.Opportunities; Crm.SmsLogs; Crm.SmsVerificationCodes,
katilim.crm,Crm,Leads,CustomerSourceName,nvarchar(100),Evet,,Hayir,,Crm.AppointmentAssignments; Crm.Opportunities; Crm.SmsLogs; Crm.SmsVerificationCodes,
katilim.crm,Crm,Leads,CreatedByUserName,nvarchar(100),Evet,,Hayir,,Crm.AppointmentAssignments; Crm.Opportunities; Crm.SmsLogs; Crm.SmsVerificationCodes,
katilim.crm,Crm,Leads,UpdatedByUserName,nvarchar(100),Evet,,Hayir,,Crm.AppointmentAssignments; Crm.Opportunities; Crm.SmsLogs; Crm.SmsVerificationCodes,
katilim.crm,Crm,Leads,ConvertToCandidateByUserName,nvarchar(100),Evet,,Hayir,,Crm.AppointmentAssignments; Crm.Opportunities; Crm.SmsLogs; Crm.SmsVerificationCodes,
katilim.crm,Crm,Leads,CallOwnerName,nvarchar(100),Evet,,Hayir,,Crm.AppointmentAssignments; Crm.Opportunities; Crm.SmsLogs; Crm.SmsVerificationCodes,
katilim.crm,Crm,Leads,CustomerSourceIsDigital,bit,Evet,,Hayir,,Crm.AppointmentAssignments; Crm.Opportunities; Crm.SmsLogs; Crm.SmsVerificationCodes,
katilim.crm,Crm,Leads,CustomerSourceIsMarketing,bit,Evet,,Hayir,,Crm.AppointmentAssignments; Crm.Opportunities; Crm.SmsLogs; Crm.SmsVerificationCodes,
katilim.crm,Crm,Leads,CustomerBirthDate,datetime2(7),Evet,,Hayir,,Crm.AppointmentAssignments; Crm.Opportunities; Crm.SmsLogs; Crm.SmsVerificationCodes,
katilim.crm,Crm,Leads,IsJoinJob,bit,Evet,,Hayir,,Crm.AppointmentAssignments; Crm.Opportunities; Crm.SmsLogs; Crm.SmsVerificationCodes,
katilim.crm,Crm,Leads,RepPortfolioUid,uniqueidentifier,Evet,,Hayir,,Crm.AppointmentAssignments; Crm.Opportunities; Crm.SmsLogs; Crm.SmsVerificationCodes,
katilim.crm,Crm,Leads,IsDuplicateBrandEnvoyLead,bit,Evet,,Hayir,,Crm.AppointmentAssignments; Crm.Opportunities; Crm.SmsLogs; Crm.SmsVerificationCodes,
katilim.crm,Crm,Leads,LastTalkDate,datetime2(7),Evet,,Hayir,,Crm.AppointmentAssignments; Crm.Opportunities; Crm.SmsLogs; Crm.SmsVerificationCodes,
katilim.crm,Crm,Leads,OwnerRepFamiliarity,nvarchar(5),Evet,,Hayir,,Crm.AppointmentAssignments; Crm.Opportunities; Crm.SmsLogs; Crm.SmsVerificationCodes,
katilim.crm,Crm,Leads,IsInAutomation,bit,Evet,,Hayir,,Crm.AppointmentAssignments; Crm.Opportunities; Crm.SmsLogs; Crm.SmsVerificationCodes,
katilim.crm,Crm,Leads,SmsChaseDate,datetime2(7),Evet,,Hayir,,Crm.AppointmentAssignments; Crm.Opportunities; Crm.SmsLogs; Crm.SmsVerificationCodes,
katilim.crm,Crm,Leads,MeskenUid,uniqueidentifier,Evet,,Hayir,,Crm.AppointmentAssignments; Crm.Opportunities; Crm.SmsLogs; Crm.SmsVerificationCodes,
katilim.crm,Crm,Leads,MeskenCustomerUid,uniqueidentifier,Evet,,Hayir,,Crm.AppointmentAssignments; Crm.Opportunities; Crm.SmsLogs; Crm.SmsVerificationCodes,
katilim.crm,Crm,Leads,AutomationListName,varchar(50),Evet,,Hayir,,Crm.AppointmentAssignments; Crm.Opportunities; Crm.SmsLogs; Crm.SmsVerificationCodes,
katilim.crm,Crm,Leads,IysTransactionId,nvarchar(100),Evet,,Hayir,,Crm.AppointmentAssignments; Crm.Opportunities; Crm.SmsLogs; Crm.SmsVerificationCodes,
katilim.crm,Crm,Leads,IysRequestId,nvarchar(100),Evet,,Hayir,,Crm.AppointmentAssignments; Crm.Opportunities; Crm.SmsLogs; Crm.SmsVerificationCodes,
katilim.crm,Crm,Leads,IysSubRequestId,nvarchar(100),Evet,,Hayir,,Crm.AppointmentAssignments; Crm.Opportunities; Crm.SmsLogs; Crm.SmsVerificationCodes,
katilim.crm,Crm,Leads,SaveAgainDate,datetime2(7),Evet,,Hayir,,Crm.AppointmentAssignments; Crm.Opportunities; Crm.SmsLogs; Crm.SmsVerificationCodes,
katilim.crm,Crm,Leads,Tckno,varchar(50),Evet,,Hayir,,Crm.AppointmentAssignments; Crm.Opportunities; Crm.SmsLogs; Crm.SmsVerificationCodes,
katilim.crm,Crm,Leads,TaxNo,varchar(50),Evet,,Hayir,,Crm.AppointmentAssignments; Crm.Opportunities; Crm.SmsLogs; Crm.SmsVerificationCodes,
katilim.crm,Crm,Leads,TmsfFirmId,smallint,Evet,,Hayir,,Crm.AppointmentAssignments; Crm.Opportunities; Crm.SmsLogs; Crm.SmsVerificationCodes,
katilim.crm,Crm,Leads,Address,varchar(200),Evet,,Hayir,,Crm.AppointmentAssignments; Crm.Opportunities; Crm.SmsLogs; Crm.SmsVerificationCodes,
katilim.crm,Crm,Leads,TMSFFirmIds,varchar(20),Evet,,Hayir,,Crm.AppointmentAssignments; Crm.Opportunities; Crm.SmsLogs; Crm.SmsVerificationCodes,
katilim.crm,Crm,Leads,AutoPortfolioAssignment,bit,Hayir,((0)),Hayir,,Crm.AppointmentAssignments; Crm.Opportunities; Crm.SmsLogs; Crm.SmsVerificationCodes,
katilim.crm,Crm,Leads,FULLNAME,computed,,,Hayir,,Crm.AppointmentAssignments; Crm.Opportunities; Crm.SmsLogs; Crm.SmsVerificationCodes,Computed
katilim.crm,Crm,Leads,HardDeleted,bit,Hayir,((0)),Hayir,,Crm.AppointmentAssignments; Crm.Opportunities; Crm.SmsLogs; Crm.SmsVerificationCodes,
katilim.crm,Crm,Leads,CancellationedByUserName,nvarchar(100),Evet,,Hayir,,Crm.AppointmentAssignments; Crm.Opportunities; Crm.SmsLogs; Crm.SmsVerificationCodes,
katilim.crm,Crm,Leads,CancellationedBy,uniqueidentifier,Evet,,Hayir,,Crm.AppointmentAssignments; Crm.Opportunities; Crm.SmsLogs; Crm.SmsVerificationCodes,
katilim.crm,Crm,Leads,CancellationedAt,datetime2(7),Evet,,Hayir,,Crm.AppointmentAssignments; Crm.Opportunities; Crm.SmsLogs; Crm.SmsVerificationCodes,
katilim.crm,Crm,Leads,IsDontEmail,bit,Evet,,Hayir,,Crm.AppointmentAssignments; Crm.Opportunities; Crm.SmsLogs; Crm.SmsVerificationCodes,
katilim.crm,Crm,Leads,ConvertToCancelByManuel,bit,Evet,,Hayir,,Crm.AppointmentAssignments; Crm.Opportunities; Crm.SmsLogs; Crm.SmsVerificationCodes,
katilim.crm,Crm,Leads,ConvertToCandidateByManuel,bit,Evet,,Hayir,,Crm.AppointmentAssignments; Crm.Opportunities; Crm.SmsLogs; Crm.SmsVerificationCodes,
katilim.crm,Crm,Leads,IsRecurring,bit,Evet,,Hayir,,Crm.AppointmentAssignments; Crm.Opportunities; Crm.SmsLogs; Crm.SmsVerificationCodes,
katilim.crm,Crm,Leads,CallCenterContactKey,varchar(4000),Evet,,Hayir,,Crm.AppointmentAssignments; Crm.Opportunities; Crm.SmsLogs; Crm.SmsVerificationCodes,
katilim.crm,Crm,Leads,IsSmsVerified,bit,Evet,,Hayir,,Crm.AppointmentAssignments; Crm.Opportunities; Crm.SmsLogs; Crm.SmsVerificationCodes,
katilim.crm,Crm,Leads,CallCenterContactUid,uniqueidentifier,Evet,,Hayir,,Crm.AppointmentAssignments; Crm.Opportunities; Crm.SmsLogs; Crm.SmsVerificationCodes,
katilim.crm,Crm,Leads,IsClarification,bit,Evet,,Hayir,,Crm.AppointmentAssignments; Crm.Opportunities; Crm.SmsLogs; Crm.SmsVerificationCodes,
katilim.crm,Crm,Leads,ClarificationDate,datetime2(7),Evet,,Hayir,,Crm.AppointmentAssignments; Crm.Opportunities; Crm.SmsLogs; Crm.SmsVerificationCodes,
katilim.crm,Crm,Leads,ConsentIp,nvarchar(100),Evet,,Hayir,,Crm.AppointmentAssignments; Crm.Opportunities; Crm.SmsLogs; Crm.SmsVerificationCodes,
katilim.crm,Crm,Leads,ConsentVersion,nvarchar(100),Evet,,Hayir,,Crm.AppointmentAssignments; Crm.Opportunities; Crm.SmsLogs; Crm.SmsVerificationCodes,
katilim.crm,Crm,Leads,IsConsent,bit,Evet,,Hayir,,Crm.AppointmentAssignments; Crm.Opportunities; Crm.SmsLogs; Crm.SmsVerificationCodes,
katilim.crm,Crm,Leads,ConsentDate,datetime2(7),Evet,,Hayir,,Crm.AppointmentAssignments; Crm.Opportunities; Crm.SmsLogs; Crm.SmsVerificationCodes,
katilim.crm,Crm,Leads,ClarificationIp,nvarchar(100),Evet,,Hayir,,Crm.AppointmentAssignments; Crm.Opportunities; Crm.SmsLogs; Crm.SmsVerificationCodes,
katilim.crm,Crm,Leads,ClarificationVersion,nvarchar(100),Evet,,Hayir,,Crm.AppointmentAssignments; Crm.Opportunities; Crm.SmsLogs; Crm.SmsVerificationCodes,
katilim.crm,Crm,LoginFaileds,Uid,uniqueidentifier,Hayir,,Evet,,Crm.Users,
katilim.crm,Crm,LoginFaileds,UpdatedAt,datetime2(7),Evet,,Hayir,,Crm.Users,
katilim.crm,Crm,LoginFaileds,DeletedAt,datetime2(7),Evet,,Hayir,,Crm.Users,
katilim.crm,Crm,LoginFaileds,CreatedAt,datetime2(7),Hayir,,Hayir,,Crm.Users,
katilim.crm,Crm,LoginFaileds,CreatedBy,uniqueidentifier,Evet,,Hayir,Crm.Users.Uid,Crm.Users,
katilim.crm,Crm,LoginFaileds,UpdatedBy,uniqueidentifier,Evet,,Hayir,,Crm.Users,
katilim.crm,Crm,LoginFaileds,DeletedBy,uniqueidentifier,Evet,,Hayir,Crm.Users.Uid,Crm.Users,
katilim.crm,Crm,LoginFaileds,Deleted,bit,Hayir,,Hayir,,Crm.Users,
katilim.crm,Crm,LoginFaileds,Password,nvarchar(100),Evet,,Hayir,,Crm.Users,
katilim.crm,Crm,LoginFaileds,IP,nvarchar(100),Evet,,Hayir,,Crm.Users,
katilim.crm,Crm,LoginFaileds,Browser,nvarchar(100),Evet,,Hayir,,Crm.Users,
katilim.crm,Crm,LoginFaileds,MachineName,nvarchar(100),Evet,,Hayir,,Crm.Users,
katilim.crm,Crm,LoginFaileds,Message,nvarchar(400),Evet,,Hayir,,Crm.Users,
katilim.crm,Crm,LoginFaileds,IsLdap,bit,Hayir,,Hayir,,Crm.Users,
katilim.crm,Crm,LoginFaileds,Device,nvarchar(20),Evet,,Hayir,,Crm.Users,
katilim.crm,Crm,Logins,Uid,uniqueidentifier,Hayir,,Evet,,Crm.Users,
katilim.crm,Crm,Logins,UpdatedAt,datetime2(7),Evet,,Hayir,,Crm.Users,
katilim.crm,Crm,Logins,DeletedAt,datetime2(7),Evet,,Hayir,,Crm.Users,
katilim.crm,Crm,Logins,CreatedAt,datetime2(7),Hayir,,Hayir,,Crm.Users,
katilim.crm,Crm,Logins,CreatedBy,uniqueidentifier,Evet,,Hayir,Crm.Users.Uid,Crm.Users,
katilim.crm,Crm,Logins,UpdatedBy,uniqueidentifier,Evet,,Hayir,Crm.Users.Uid,Crm.Users,
katilim.crm,Crm,Logins,DeletedBy,uniqueidentifier,Evet,,Hayir,Crm.Users.Uid,Crm.Users,
katilim.crm,Crm,Logins,Deleted,bit,Hayir,,Hayir,,Crm.Users,
katilim.crm,Crm,Logins,UserUid,uniqueidentifier,Hayir,,Hayir,Crm.Users.Uid,Crm.Users,
katilim.crm,Crm,Logins,IP,nvarchar(100),Evet,,Hayir,,Crm.Users,
katilim.crm,Crm,Logins,Host,nvarchar(100),Evet,,Hayir,,Crm.Users,
katilim.crm,Crm,Logins,Browser,nvarchar(100),Evet,,Hayir,,Crm.Users,
katilim.crm,Crm,Logins,Authority,nvarchar(max),Evet,,Hayir,,Crm.Users,
katilim.crm,Crm,Logins,LastConnectDate,datetime2(7),Hayir,,Hayir,,Crm.Users,
katilim.crm,Crm,Logins,IsCrm,bit,Evet,,Hayir,,Crm.Users,
katilim.crm,Crm,Logins,IsLdap,bit,Evet,,Hayir,,Crm.Users,
katilim.crm,Crm,Logins,OrganizationUid,uniqueidentifier,Evet,,Hayir,,Crm.Users,
katilim.crm,Crm,LogoLogs,Uid,uniqueidentifier,Hayir,,Evet,,Crm.Users,
katilim.crm,Crm,LogoLogs,UpdatedAt,datetime2(7),Evet,,Hayir,,Crm.Users,
katilim.crm,Crm,LogoLogs,DeletedAt,datetime2(7),Evet,,Hayir,,Crm.Users,
katilim.crm,Crm,LogoLogs,CreatedAt,datetime2(7),Hayir,,Hayir,,Crm.Users,
katilim.crm,Crm,LogoLogs,CreatedBy,uniqueidentifier,Evet,,Hayir,Crm.Users.Uid,Crm.Users,
katilim.crm,Crm,LogoLogs,UpdatedBy,uniqueidentifier,Evet,,Hayir,Crm.Users.Uid,Crm.Users,
katilim.crm,Crm,LogoLogs,DeletedBy,uniqueidentifier,Evet,,Hayir,Crm.Users.Uid,Crm.Users,
katilim.crm,Crm,LogoLogs,Deleted,bit,Hayir,,Hayir,,Crm.Users,
katilim.crm,Crm,LogoLogs,LOGICALREF,int,Hayir,,Hayir,,Crm.Users,
katilim.crm,Crm,LogoLogs,LINEEXP,nvarchar(200),Evet,,Hayir,,Crm.Users,
katilim.crm,Crm,LogoLogs,TRANNO,nvarchar(200),Evet,,Hayir,,Crm.Users,
katilim.crm,Crm,LogoLogs,ACCFICHEREF,int,Hayir,,Hayir,,Crm.Users,
katilim.crm,Crm,LogoLogs,GENEXP1,nvarchar(200),Evet,,Hayir,,Crm.Users,
katilim.crm,Crm,LogoLogs,AMOUNT,"decimal(18,2)",Hayir,,Hayir,,Crm.Users,
katilim.crm,Crm,LogoLogs,CODE,nvarchar(50),Evet,,Hayir,,Crm.Users,
katilim.crm,Crm,LogoLogs,CAPIBLOCK_CREADEDDATE,datetime2(7),Hayir,,Hayir,,Crm.Users,
katilim.crm,Crm,LogoLogs,CAPIBLOCK_MODIFIEDDATE,datetime2(7),Hayir,,Hayir,,Crm.Users,
katilim.crm,Crm,LogoLogs,TYPE,nvarchar(200),Evet,,Hayir,,Crm.Users,
katilim.crm,Crm,LogoLogs,PAYMENT_DATE,datetime2(7),Evet,,Hayir,,Crm.Users,
katilim.crm,Crm,LogoPayments,Uid,uniqueidentifier,Hayir,,Evet,,Crm.Users,
katilim.crm,Crm,LogoPayments,UpdatedAt,datetime2(7),Evet,,Hayir,,Crm.Users,
katilim.crm,Crm,LogoPayments,DeletedAt,datetime2(7),Evet,,Hayir,,Crm.Users,
katilim.crm,Crm,LogoPayments,CreatedAt,datetime2(7),Hayir,,Hayir,,Crm.Users,
katilim.crm,Crm,LogoPayments,CreatedBy,uniqueidentifier,Evet,,Hayir,Crm.Users.Uid,Crm.Users,
katilim.crm,Crm,LogoPayments,UpdatedBy,uniqueidentifier,Evet,,Hayir,Crm.Users.Uid,Crm.Users,
katilim.crm,Crm,LogoPayments,DeletedBy,uniqueidentifier,Evet,,Hayir,Crm.Users.Uid,Crm.Users,
katilim.crm,Crm,LogoPayments,Deleted,bit,Hayir,,Hayir,,Crm.Users,
katilim.crm,Crm,LogoPayments,Type,nvarchar(200),Evet,,Hayir,,Crm.Users,
katilim.crm,Crm,LogoPayments,LogicalRef,int,Hayir,,Hayir,,Crm.Users,
katilim.crm,Crm,LogoPayments,LineExp,nvarchar(200),Evet,,Hayir,,Crm.Users,
katilim.crm,Crm,LogoPayments,TranNo,nvarchar(200),Evet,,Hayir,,Crm.Users,
katilim.crm,Crm,LogoPayments,AccfichefRef,int,Hayir,,Hayir,,Crm.Users,
katilim.crm,Crm,LogoPayments,GenexP1,nvarchar(200),Evet,,Hayir,,Crm.Users,
katilim.crm,Crm,LogoPayments,Amount,"decimal(18,2)",Hayir,,Hayir,,Crm.Users,
katilim.crm,Crm,LogoPayments,Code,nvarchar(50),Evet,,Hayir,,Crm.Users,
katilim.crm,Crm,LogoPayments,CapiBlock_CreatedDate,datetime2(7),Hayir,,Hayir,,Crm.Users,
katilim.crm,Crm,LogoPayments,CapiBlock_ModifiedDate,datetime2(7),Hayir,,Hayir,,Crm.Users,
katilim.crm,Crm,LogoPayments,PaymentDate,datetime2(7),Hayir,,Hayir,,Crm.Users,
katilim.crm,Crm,LogoPayments,Status,smallint,Hayir,,Hayir,,Crm.Users,
katilim.crm,Crm,LogoPayments,Message,nvarchar(max),Evet,,Hayir,,Crm.Users,
katilim.crm,Crm,LogoPayments,ContractUid,uniqueidentifier,Evet,,Hayir,,Crm.Users,
katilim.crm,Crm,LogoServiceLogs,Uid,uniqueidentifier,Hayir,,Evet,,Crm.Users,
katilim.crm,Crm,LogoServiceLogs,UpdatedAt,datetime2(7),Evet,,Hayir,,Crm.Users,
katilim.crm,Crm,LogoServiceLogs,DeletedAt,datetime2(7),Evet,,Hayir,,Crm.Users,
katilim.crm,Crm,LogoServiceLogs,CreatedAt,datetime2(7),Hayir,,Hayir,,Crm.Users,
katilim.crm,Crm,LogoServiceLogs,CreatedBy,uniqueidentifier,Evet,,Hayir,Crm.Users.Uid,Crm.Users,
katilim.crm,Crm,LogoServiceLogs,UpdatedBy,uniqueidentifier,Evet,,Hayir,Crm.Users.Uid,Crm.Users,
katilim.crm,Crm,LogoServiceLogs,DeletedBy,uniqueidentifier,Evet,,Hayir,Crm.Users.Uid,Crm.Users,
katilim.crm,Crm,LogoServiceLogs,Deleted,bit,Hayir,,Hayir,,Crm.Users,
katilim.crm,Crm,LogoServiceLogs,PostData,nvarchar(max),Evet,,Hayir,,Crm.Users,
katilim.crm,Crm,LogoServiceLogs,GetData,nvarchar(max),Evet,,Hayir,,Crm.Users,
katilim.crm,Crm,LogoServiceLogs,ServiceUrl,nvarchar(max),Evet,,Hayir,,Crm.Users,
katilim.crm,Crm,LogoServiceLogs,IsSuccess,bit,Hayir,,Hayir,,Crm.Users,
katilim.crm,Crm,ManuelLeadForCallCenterQueues,Uid,uniqueidentifier,Hayir,,Evet,,Crm.Users,
katilim.crm,Crm,ManuelLeadForCallCenterQueues,UpdatedAt,datetime2(7),Evet,,Hayir,,Crm.Users,
katilim.crm,Crm,ManuelLeadForCallCenterQueues,DeletedAt,datetime2(7),Evet,,Hayir,,Crm.Users,
katilim.crm,Crm,ManuelLeadForCallCenterQueues,CreatedAt,datetime2(7),Hayir,,Hayir,,Crm.Users,
katilim.crm,Crm,ManuelLeadForCallCenterQueues,CreatedBy,uniqueidentifier,Evet,,Hayir,Crm.Users.Uid,Crm.Users,
katilim.crm,Crm,ManuelLeadForCallCenterQueues,UpdatedBy,uniqueidentifier,Evet,,Hayir,Crm.Users.Uid,Crm.Users,
katilim.crm,Crm,ManuelLeadForCallCenterQueues,DeletedBy,uniqueidentifier,Evet,,Hayir,Crm.Users.Uid,Crm.Users,
katilim.crm,Crm,ManuelLeadForCallCenterQueues,Deleted,bit,Hayir,,Hayir,,Crm.Users,
katilim.crm,Crm,ManuelLeadForCallCenterQueues,LeadUid,varchar(50),Hayir,,Hayir,,Crm.Users,
katilim.crm,Crm,ManuelLeadForCallCenterQueues,Name,varchar(100),Evet,,Hayir,,Crm.Users,
katilim.crm,Crm,ManuelLeadForCallCenterQueues,SurName,varchar(100),Evet,,Hayir,,Crm.Users,
katilim.crm,Crm,ManuelLeadForCallCenterQueues,Email,varchar(100),Evet,,Hayir,,Crm.Users,
katilim.crm,Crm,ManuelLeadForCallCenterQueues,MobilePhone,varchar(50),Evet,,Hayir,,Crm.Users,
katilim.crm,Crm,ManuelLeadForCallCenterQueues,CampaignId,varchar(300),Evet,,Hayir,,Crm.Users,
katilim.crm,Crm,ManuelLeadForCallCenterQueues,ManuelListName,varchar(300),Evet,,Hayir,,Crm.Users,
katilim.crm,Crm,ManuelLeadForCallCenterQueues,Status,smallint,Hayir,,Hayir,,Crm.Users,
katilim.crm,Crm,ManuelLeadForCallCenterQueues,Message,varchar(300),Evet,,Hayir,,Crm.Users,
katilim.crm,Crm,ManuelPaymentRequests,Uid,uniqueidentifier,Hayir,,Evet,,,
katilim.crm,Crm,ManuelPaymentRequests,UpdatedAt,datetime2(7),Evet,,Hayir,,,
katilim.crm,Crm,ManuelPaymentRequests,DeletedAt,datetime2(7),Evet,,Hayir,,,
katilim.crm,Crm,ManuelPaymentRequests,CreatedAt,datetime2(7),Hayir,,Hayir,,,
katilim.crm,Crm,ManuelPaymentRequests,CreatedBy,uniqueidentifier,Evet,,Hayir,,,
katilim.crm,Crm,ManuelPaymentRequests,UpdatedBy,uniqueidentifier,Evet,,Hayir,,,
katilim.crm,Crm,ManuelPaymentRequests,DeletedBy,uniqueidentifier,Evet,,Hayir,,,
katilim.crm,Crm,ManuelPaymentRequests,Deleted,bit,Hayir,,Hayir,,,
katilim.crm,Crm,ManuelPaymentRequests,ContractUid,uniqueidentifier,Hayir,,Hayir,,,
katilim.crm,Crm,ManuelPaymentRequests,Type,nvarchar(10),Hayir,,Hayir,,,
katilim.crm,Crm,ManuelPaymentRequests,Status,nvarchar(10),Hayir,,Hayir,,,
katilim.crm,Crm,ManuelPaymentRequests,Amount,"decimal(18,2)",Hayir,,Hayir,,,
katilim.crm,Crm,ManuelPaymentRequests,PaymentDate,datetime2(7),Evet,,Hayir,,,
katilim.crm,Crm,ManuelPaymentRequests,ContractStatus ,nvarchar(10),Evet,,Hayir,,,
katilim.crm,Crm,ManuelPaymentRequests,TotalPaymentBeforeRequest,"decimal(18,2)",Hayir,,Hayir,,,
katilim.crm,Crm,ManuelPaymentRequests,Description,nvarchar(100),Evet,,Hayir,,,
katilim.crm,Crm,ManuelPaymentRequests,Year,int,Hayir,,Hayir,,,
katilim.crm,Crm,ManuelPaymentRequests,Month,int,Hayir,,Hayir,,,
katilim.crm,Crm,ManuelPaymentRequests,ParentRegionUid,uniqueidentifier,Evet,,Hayir,,,
katilim.crm,Crm,ManuelPaymentRequests,RegionUid,uniqueidentifier,Evet,,Hayir,,,
katilim.crm,Crm,ManuelPaymentRequests,BranchUid,uniqueidentifier,Evet,,Hayir,,,
katilim.crm,Crm,ManuelPaymentRequests,ApproverUid,uniqueidentifier,Evet,,Hayir,,,
katilim.crm,Crm,ManuelPaymentRequests,ApprovalDate,datetime2(7),Evet,,Hayir,,,
katilim.crm,Crm,ManuelPaymentRequests,RejectedUserUid,uniqueidentifier,Evet,,Hayir,,,
katilim.crm,Crm,ManuelPaymentRequests,RejectedDate,datetime2(7),Evet,,Hayir,,,
katilim.crm,Crm,MobileApplicationConfigurations,Uid,uniqueidentifier,Hayir,,Evet,,Crm.Users,
katilim.crm,Crm,MobileApplicationConfigurations,UpdatedAt,datetime2(7),Evet,,Hayir,,Crm.Users,
katilim.crm,Crm,MobileApplicationConfigurations,DeletedAt,datetime2(7),Evet,,Hayir,,Crm.Users,
katilim.crm,Crm,MobileApplicationConfigurations,CreatedAt,datetime2(7),Hayir,,Hayir,,Crm.Users,
katilim.crm,Crm,MobileApplicationConfigurations,CreatedBy,uniqueidentifier,Evet,,Hayir,Crm.Users.Uid,Crm.Users,
katilim.crm,Crm,MobileApplicationConfigurations,UpdatedBy,uniqueidentifier,Evet,,Hayir,Crm.Users.Uid,Crm.Users,
katilim.crm,Crm,MobileApplicationConfigurations,DeletedBy,uniqueidentifier,Evet,,Hayir,Crm.Users.Uid,Crm.Users,
katilim.crm,Crm,MobileApplicationConfigurations,Deleted,bit,Hayir,,Hayir,,Crm.Users,
katilim.crm,Crm,MobileApplicationConfigurations,Appkey,nvarchar(50),Evet,,Hayir,,Crm.Users,
katilim.crm,Crm,MobileApplicationConfigurations,Value,nvarchar(max),Evet,,Hayir,,Crm.Users,
katilim.crm,Crm,MobileApplicationConfigurations,Platform,smallint,Hayir,,Hayir,,Crm.Users,
katilim.crm,Crm,MobileApplicationConfigurations,ID,int,Hayir,,Hayir,,Crm.Users,
katilim.crm,Crm,MobileApplicationConfigurations,Description,nvarchar(400),Evet,,Hayir,,Crm.Users,
katilim.crm,Crm,MobileConfigurationSettings,Uid,uniqueidentifier,Hayir,,Evet,,Crm.Users,
katilim.crm,Crm,MobileConfigurationSettings,UpdatedAt,datetime2(7),Evet,,Hayir,,Crm.Users,
katilim.crm,Crm,MobileConfigurationSettings,DeletedAt,datetime2(7),Evet,,Hayir,,Crm.Users,
katilim.crm,Crm,MobileConfigurationSettings,CreatedAt,datetime2(7),Hayir,,Hayir,,Crm.Users,
katilim.crm,Crm,MobileConfigurationSettings,CreatedBy,uniqueidentifier,Evet,,Hayir,Crm.Users.Uid,Crm.Users,
katilim.crm,Crm,MobileConfigurationSettings,UpdatedBy,uniqueidentifier,Evet,,Hayir,Crm.Users.Uid,Crm.Users,
katilim.crm,Crm,MobileConfigurationSettings,DeletedBy,uniqueidentifier,Evet,,Hayir,Crm.Users.Uid,Crm.Users,
katilim.crm,Crm,MobileConfigurationSettings,Deleted,bit,Hayir,,Hayir,,Crm.Users,
katilim.crm,Crm,MobileConfigurationSettings,AppId,int,Hayir,,Hayir,,Crm.Users,
katilim.crm,Crm,MobileConfigurationSettings,PlatformId,int,Hayir,,Hayir,,Crm.Users,
katilim.crm,Crm,MobileConfigurationSettings,VersionNo,nvarchar(50),Evet,,Hayir,,Crm.Users,
katilim.crm,Crm,MobileConfigurationSettings,DownloadLink,nvarchar(250),Evet,,Hayir,,Crm.Users,
katilim.crm,Crm,MobileConfigurationSettings,WarningMessage,nvarchar(500),Evet,,Hayir,,Crm.Users,
katilim.crm,Crm,MobileConfigurationSettings,IsNative,bit,Hayir,,Hayir,,Crm.Users,
katilim.crm,Crm,MobileConfigurationSettings,ForceUpdate,bit,Hayir,,Hayir,,Crm.Users,
katilim.crm,Crm,MobileConfigurationSettings,Enabled,bit,Hayir,,Hayir,,Crm.Users,
katilim.crm,Crm,MobileConfigurationSettings,ServiceUrl,nvarchar(250),Evet,,Hayir,,Crm.Users,
katilim.crm,Crm,MobileConfigurationSettings,StoreStatus,int,Evet,,Hayir,,Crm.Users,
katilim.crm,Crm,MobilePhoneNumbers,Uid,uniqueidentifier,Hayir,,Evet,,Crm.Users,
katilim.crm,Crm,MobilePhoneNumbers,UpdatedAt,datetime2(7),Evet,,Hayir,,Crm.Users,
katilim.crm,Crm,MobilePhoneNumbers,DeletedAt,datetime2(7),Evet,,Hayir,,Crm.Users,
katilim.crm,Crm,MobilePhoneNumbers,CreatedAt,datetime2(7),Hayir,,Hayir,,Crm.Users,
katilim.crm,Crm,MobilePhoneNumbers,CreatedBy,uniqueidentifier,Evet,,Hayir,Crm.Users.Uid,Crm.Users,
katilim.crm,Crm,MobilePhoneNumbers,UpdatedBy,uniqueidentifier,Evet,,Hayir,Crm.Users.Uid,Crm.Users,
katilim.crm,Crm,MobilePhoneNumbers,DeletedBy,uniqueidentifier,Evet,,Hayir,Crm.Users.Uid,Crm.Users,
katilim.crm,Crm,MobilePhoneNumbers,Deleted,bit,Hayir,,Hayir,,Crm.Users,
katilim.crm,Crm,MobilePhoneNumbers,Number,nvarchar(100),Evet,,Hayir,,Crm.Users,
katilim.crm,Crm,MobilePhoneNumbers,OwnerUid,uniqueidentifier,Evet,,Hayir,Crm.Users.Uid,Crm.Users,
katilim.crm,Crm,ModuleAuths,Uid,uniqueidentifier,Hayir,,Evet,,Crm.Authorities; Crm.Modules; Crm.Users,
katilim.crm,Crm,ModuleAuths,UpdatedAt,datetime2(7),Evet,,Hayir,,Crm.Authorities; Crm.Modules; Crm.Users,
katilim.crm,Crm,ModuleAuths,DeletedAt,datetime2(7),Evet,,Hayir,,Crm.Authorities; Crm.Modules; Crm.Users,
katilim.crm,Crm,ModuleAuths,CreatedAt,datetime2(7),Hayir,,Hayir,,Crm.Authorities; Crm.Modules; Crm.Users,
katilim.crm,Crm,ModuleAuths,CreatedBy,uniqueidentifier,Evet,,Hayir,Crm.Users.Uid,Crm.Authorities; Crm.Modules; Crm.Users,
katilim.crm,Crm,ModuleAuths,UpdatedBy,uniqueidentifier,Evet,,Hayir,Crm.Users.Uid,Crm.Authorities; Crm.Modules; Crm.Users,
katilim.crm,Crm,ModuleAuths,DeletedBy,uniqueidentifier,Evet,,Hayir,Crm.Users.Uid,Crm.Authorities; Crm.Modules; Crm.Users,
katilim.crm,Crm,ModuleAuths,Deleted,bit,Hayir,,Hayir,,Crm.Authorities; Crm.Modules; Crm.Users,
katilim.crm,Crm,ModuleAuths,Name,nvarchar(200),Evet,,Hayir,,Crm.Authorities; Crm.Modules; Crm.Users,
katilim.crm,Crm,ModuleAuths,Key,nvarchar(50),Evet,,Hayir,,Crm.Authorities; Crm.Modules; Crm.Users,
katilim.crm,Crm,ModuleAuths,ModuleUid,uniqueidentifier,Hayir,,Hayir,Crm.Modules.Uid,Crm.Authorities; Crm.Modules; Crm.Users,
katilim.crm,Crm,Modules,Uid,uniqueidentifier,Hayir,,Evet,,Crm.ModuleAuths; Crm.Users,
katilim.crm,Crm,Modules,UpdatedAt,datetime2(7),Evet,,Hayir,,Crm.ModuleAuths; Crm.Users,
katilim.crm,Crm,Modules,DeletedAt,datetime2(7),Evet,,Hayir,,Crm.ModuleAuths; Crm.Users,
katilim.crm,Crm,Modules,CreatedAt,datetime2(7),Hayir,,Hayir,,Crm.ModuleAuths; Crm.Users,
katilim.crm,Crm,Modules,CreatedBy,uniqueidentifier,Evet,,Hayir,Crm.Users.Uid,Crm.ModuleAuths; Crm.Users,
katilim.crm,Crm,Modules,UpdatedBy,uniqueidentifier,Evet,,Hayir,Crm.Users.Uid,Crm.ModuleAuths; Crm.Users,
katilim.crm,Crm,Modules,DeletedBy,uniqueidentifier,Evet,,Hayir,Crm.Users.Uid,Crm.ModuleAuths; Crm.Users,
katilim.crm,Crm,Modules,Deleted,bit,Hayir,,Hayir,,Crm.ModuleAuths; Crm.Users,
katilim.crm,Crm,Modules,Name,nvarchar(200),Evet,,Hayir,,Crm.ModuleAuths; Crm.Users,
katilim.crm,Crm,Modules,Key,nvarchar(50),Evet,,Hayir,,Crm.ModuleAuths; Crm.Users,
katilim.crm,Crm,MortgageCosts,Uid,uniqueidentifier,Hayir,,Evet,,Crm.Mortgages; Crm.Users,
katilim.crm,Crm,MortgageCosts,UpdatedAt,datetime2(7),Evet,,Hayir,,Crm.Mortgages; Crm.Users,
katilim.crm,Crm,MortgageCosts,DeletedAt,datetime2(7),Evet,,Hayir,,Crm.Mortgages; Crm.Users,
katilim.crm,Crm,MortgageCosts,CreatedAt,datetime2(7),Hayir,,Hayir,,Crm.Mortgages; Crm.Users,
katilim.crm,Crm,MortgageCosts,CreatedBy,uniqueidentifier,Evet,,Hayir,Crm.Users.Uid,Crm.Mortgages; Crm.Users,
katilim.crm,Crm,MortgageCosts,UpdatedBy,uniqueidentifier,Evet,,Hayir,Crm.Users.Uid,Crm.Mortgages; Crm.Users,
katilim.crm,Crm,MortgageCosts,DeletedBy,uniqueidentifier,Evet,,Hayir,Crm.Users.Uid,Crm.Mortgages; Crm.Users,
katilim.crm,Crm,MortgageCosts,Deleted,bit,Hayir,,Hayir,,Crm.Mortgages; Crm.Users,
katilim.crm,Crm,MortgageCosts,Amount,"decimal(18,2)",Evet,,Hayir,,Crm.Mortgages; Crm.Users,
katilim.crm,Crm,MortgageCosts,Type,nvarchar(max),Evet,,Hayir,,Crm.Mortgages; Crm.Users,
katilim.crm,Crm,MortgageCosts,MortgageUid,uniqueidentifier,Evet,,Hayir,Crm.Mortgages.Uid,Crm.Mortgages; Crm.Users,
katilim.crm,Crm,MortgageCosts,Description,varchar(250),Evet,,Hayir,,Crm.Mortgages; Crm.Users,
katilim.crm,Crm,MortgageCosts,Month,int,Evet,,Hayir,,Crm.Mortgages; Crm.Users,
katilim.crm,Crm,MortgageCosts,Year,int,Evet,,Hayir,,Crm.Mortgages; Crm.Users,
katilim.crm,Crm,MortgageInsurances,Uid,uniqueidentifier,Hayir,,Evet,,Crm.Mortgages; Crm.Users,
katilim.crm,Crm,MortgageInsurances,UpdatedAt,datetime2(7),Evet,,Hayir,,Crm.Mortgages; Crm.Users,
katilim.crm,Crm,MortgageInsurances,DeletedAt,datetime2(7),Evet,,Hayir,,Crm.Mortgages; Crm.Users,
katilim.crm,Crm,MortgageInsurances,CreatedAt,datetime2(7),Hayir,,Hayir,,Crm.Mortgages; Crm.Users,
katilim.crm,Crm,MortgageInsurances,CreatedBy,uniqueidentifier,Evet,,Hayir,Crm.Users.Uid,Crm.Mortgages; Crm.Users,
katilim.crm,Crm,MortgageInsurances,UpdatedBy,uniqueidentifier,Evet,,Hayir,Crm.Users.Uid,Crm.Mortgages; Crm.Users,
katilim.crm,Crm,MortgageInsurances,DeletedBy,uniqueidentifier,Evet,,Hayir,Crm.Users.Uid,Crm.Mortgages; Crm.Users,
katilim.crm,Crm,MortgageInsurances,Deleted,bit,Hayir,,Hayir,,Crm.Mortgages; Crm.Users,
katilim.crm,Crm,MortgageInsurances,Amount,"decimal(18,2)",Evet,,Hayir,,Crm.Mortgages; Crm.Users,
katilim.crm,Crm,MortgageInsurances,FinalAmount,"decimal(18,2)",Evet,,Hayir,,Crm.Mortgages; Crm.Users,
katilim.crm,Crm,MortgageInsurances,Type,smallint,Hayir,,Hayir,,Crm.Mortgages; Crm.Users,
katilim.crm,Crm,MortgageInsurances,Description,nvarchar(max),Evet,,Hayir,,Crm.Mortgages; Crm.Users,
katilim.crm,Crm,MortgageInsurances,MortgageUid,uniqueidentifier,Evet,,Hayir,Crm.Mortgages.Uid,Crm.Mortgages; Crm.Users,
katilim.crm,Crm,MortgageInsurances,DidConsensusDone,bit,Evet,((0)),Hayir,,Crm.Mortgages; Crm.Users,
katilim.crm,Crm,MortgageInsurances,InsurancePaymentMethod,nvarchar(50),Evet,,Hayir,,Crm.Mortgages; Crm.Users,
katilim.crm,Crm,MortgageInsurances,RenewalsNumber,int,Hayir,((0)),Hayir,,Crm.Mortgages; Crm.Users,
katilim.crm,Crm,MortgageInsurances,IsRenewed,bit,Hayir,((0)),Hayir,,Crm.Mortgages; Crm.Users,
katilim.crm,Crm,MortgageInsurances,PolicyStartDate,datetime2(7),Evet,,Hayir,,Crm.Mortgages; Crm.Users,
katilim.crm,Crm,MortgageInsurances,PolicyEndDate,datetime2(7),Evet,,Hayir,,Crm.Mortgages; Crm.Users,
katilim.crm,Crm,MortgageInsurances,IsTraceable,bit,Hayir,((1)),Hayir,,Crm.Mortgages; Crm.Users,
katilim.crm,Crm,MortgageInsurances,FileUid,uniqueidentifier,Evet,,Hayir,,Crm.Mortgages; Crm.Users,
katilim.crm,Crm,MortgageInsurances,PreviousInsuranceUID,uniqueidentifier,Evet,,Hayir,,Crm.Mortgages; Crm.Users,
katilim.crm,Crm,MortgageInsurances,InsurancePlace,smallint,Hayir,((0)),Hayir,,Crm.Mortgages; Crm.Users,
katilim.crm,Crm,MortgageInsurances,PolicyNo,nvarchar(255),Evet,,Hayir,,Crm.Mortgages; Crm.Users,
katilim.crm,Crm,MortgageInsurances,BuildingCollateralAmount,"decimal(18,2)",Evet,,Hayir,,Crm.Mortgages; Crm.Users,
katilim.crm,Crm,MortgageInsurances,PolicyCompanyUid,uniqueidentifier,Evet,,Hayir,,Crm.Mortgages; Crm.Users,
katilim.crm,Crm,MortgageLogs,Uid,uniqueidentifier,Hayir,,Evet,,Crm.Mortgages; Crm.Users,
katilim.crm,Crm,MortgageLogs,UpdatedAt,datetime2(7),Evet,,Hayir,,Crm.Mortgages; Crm.Users,
katilim.crm,Crm,MortgageLogs,DeletedAt,datetime2(7),Evet,,Hayir,,Crm.Mortgages; Crm.Users,
katilim.crm,Crm,MortgageLogs,CreatedAt,datetime2(7),Hayir,,Hayir,,Crm.Mortgages; Crm.Users,
katilim.crm,Crm,MortgageLogs,CreatedBy,uniqueidentifier,Evet,,Hayir,Crm.Users.Uid,Crm.Mortgages; Crm.Users,
katilim.crm,Crm,MortgageLogs,UpdatedBy,uniqueidentifier,Evet,,Hayir,Crm.Users.Uid,Crm.Mortgages; Crm.Users,
katilim.crm,Crm,MortgageLogs,DeletedBy,uniqueidentifier,Evet,,Hayir,Crm.Users.Uid,Crm.Mortgages; Crm.Users,
katilim.crm,Crm,MortgageLogs,Deleted,bit,Hayir,,Hayir,,Crm.Mortgages; Crm.Users,
katilim.crm,Crm,MortgageLogs,MortgageState,nvarchar(4000),Evet,,Hayir,,Crm.Mortgages; Crm.Users,
katilim.crm,Crm,MortgageLogs,MortgageUid,uniqueidentifier,Hayir,,Hayir,Crm.Mortgages.Uid,Crm.Mortgages; Crm.Users,
katilim.crm,Crm,MortgageLogs,IsMesken,bit,Evet,,Hayir,,Crm.Mortgages; Crm.Users,
katilim.crm,Crm,MortgagePledgeConsents,Uid,uniqueidentifier,Hayir,,Evet,,,
katilim.crm,Crm,MortgagePledgeConsents,UpdatedAt,datetime2(7),Evet,,Hayir,,,
katilim.crm,Crm,MortgagePledgeConsents,DeletedAt,datetime2(7),Evet,,Hayir,,,
katilim.crm,Crm,MortgagePledgeConsents,CreatedAt,datetime2(7),Hayir,,Hayir,,,
katilim.crm,Crm,MortgagePledgeConsents,CreatedBy,uniqueidentifier,Evet,,Hayir,,,
katilim.crm,Crm,MortgagePledgeConsents,UpdatedBy,uniqueidentifier,Evet,,Hayir,,,
katilim.crm,Crm,MortgagePledgeConsents,DeletedBy,uniqueidentifier,Evet,,Hayir,,,
katilim.crm,Crm,MortgagePledgeConsents,Deleted,bit,Hayir,,Hayir,,,
katilim.crm,Crm,MortgagePledgeConsents,MortgagesUid,uniqueidentifier,Hayir,,Hayir,,,
katilim.crm,Crm,MortgagePledgeConsents,PledgeUid,uniqueidentifier,Hayir,,Hayir,,,
katilim.crm,Crm,MortgagePledgeConsents,Type,smallint,Hayir,,Hayir,,,
katilim.crm,Crm,MortgagePledgeConsents,TCKN,varchar(50),Evet,,Hayir,,,
katilim.crm,Crm,MortgagePledgeConsents,TaxNumber,varchar(50),Evet,,Hayir,,,
katilim.crm,Crm,MortgagePledgeConsents,VehiclePlateNumber,varchar(50),Evet,,Hayir,,,
katilim.crm,Crm,MortgagePledgeConsents,TNBEGMReferenceNo,varchar(100),Evet,,Hayir,,,
katilim.crm,Crm,MortgagePledgeConsents,EngineNumber,varchar(50),Evet,,Hayir,,,
katilim.crm,Crm,MortgagePledgeConsents,ChassisNumber,varchar(50),Evet,,Hayir,,,
katilim.crm,Crm,MortgagePledgeConsents,StartDate,datetime2(7),Hayir,,Hayir,,,
katilim.crm,Crm,MortgagePledgeConsents,EndDate,datetime2(7),Hayir,,Hayir,,,
katilim.crm,Crm,MortgagePledgeConsents,FileNumber,varchar(150),Evet,,Hayir,,,
katilim.crm,Crm,MortgagePledgeConsents,ConsentEGMRReferenceNo,bigint,Evet,,Hayir,,,
katilim.crm,Crm,MortgagePledgeConsents,Description,varchar(400),Evet,,Hayir,,,
katilim.crm,Crm,MortgagePledgeConsents,CancelDate,datetime2(7),Evet,,Hayir,,,
katilim.crm,Crm,MortgagePledgeConsents,BankName,varchar(150),Evet,,Hayir,,,
katilim.crm,Crm,MortgagePledgeConsents,BankBranchName,varchar(250),Evet,,Hayir,,,
katilim.crm,Crm,MortgagePledgeConsents,BankBranchCode,int,Evet,,Hayir,,,
katilim.crm,Crm,MortgagePledgeConsents,Process,smallint,Hayir,,Hayir,,,
katilim.crm,Crm,MortgagePledgeConsents,QueueStatus,smallint,Evet,,Hayir,,,
katilim.crm,Crm,MortgagePledgeConsents,QueueSubStatus,smallint,Evet,,Hayir,,,
katilim.crm,Crm,MortgagePledgeConsents,QueueMessage,varchar(max),Evet,,Hayir,,,
katilim.crm,Crm,MortgagePledgeRemovals,Uid,uniqueidentifier,Hayir,,Evet,,,
katilim.crm,Crm,MortgagePledgeRemovals,UpdatedAt,datetime2(7),Evet,,Hayir,,,
katilim.crm,Crm,MortgagePledgeRemovals,DeletedAt,datetime2(7),Evet,,Hayir,,,
katilim.crm,Crm,MortgagePledgeRemovals,CreatedAt,datetime2(7),Hayir,,Hayir,,,
katilim.crm,Crm,MortgagePledgeRemovals,CreatedBy,uniqueidentifier,Evet,,Hayir,,,
katilim.crm,Crm,MortgagePledgeRemovals,UpdatedBy,uniqueidentifier,Evet,,Hayir,,,
katilim.crm,Crm,MortgagePledgeRemovals,DeletedBy,uniqueidentifier,Evet,,Hayir,,,
katilim.crm,Crm,MortgagePledgeRemovals,Deleted,bit,Hayir,,Hayir,,,
katilim.crm,Crm,MortgagePledgeRemovals,MortgagesUid,uniqueidentifier,Hayir,,Hayir,,,
katilim.crm,Crm,MortgagePledgeRemovals,PledgeUid,uniqueidentifier,Hayir,,Hayir,,,
katilim.crm,Crm,MortgagePledgeRemovals,TNBEGMReferenceNo,varchar(100),Evet,,Hayir,,,
katilim.crm,Crm,MortgagePledgeRemovals,FileNumber,varchar(150),Evet,,Hayir,,,
katilim.crm,Crm,MortgagePledgeRemovals,RemovalRequestDate,datetime2(7),Evet,,Hayir,,,
katilim.crm,Crm,MortgagePledgeRemovals,BankName,varchar(150),Evet,,Hayir,,,
katilim.crm,Crm,MortgagePledgeRemovals,BankBranchName,varchar(250),Evet,,Hayir,,,
katilim.crm,Crm,MortgagePledgeRemovals,BankBranchCode,int,Evet,,Hayir,,,
katilim.crm,Crm,MortgagePledgeRemovals,QueueStatus,smallint,Evet,,Hayir,,,
katilim.crm,Crm,MortgagePledgeRemovals,QueueSubStatus,smallint,Evet,,Hayir,,,
katilim.crm,Crm,MortgagePledgeRemovals,QueueMessage,varchar(max),Evet,,Hayir,,,
katilim.crm,Crm,MortgagePledgeRemovals,RemovalReason,smallint,Evet,,Hayir,,,
katilim.crm,Crm,MortgagePledges,Uid,uniqueidentifier,Hayir,,Evet,,Crm.MortgagePrePledges; Crm.SustainabilityReports,
katilim.crm,Crm,MortgagePledges,UpdatedAt,datetime2(7),Evet,,Hayir,,Crm.MortgagePrePledges; Crm.SustainabilityReports,
katilim.crm,Crm,MortgagePledges,DeletedAt,datetime2(7),Evet,,Hayir,,Crm.MortgagePrePledges; Crm.SustainabilityReports,
katilim.crm,Crm,MortgagePledges,CreatedAt,datetime2(7),Hayir,,Hayir,,Crm.MortgagePrePledges; Crm.SustainabilityReports,
katilim.crm,Crm,MortgagePledges,CreatedBy,uniqueidentifier,Evet,,Hayir,,Crm.MortgagePrePledges; Crm.SustainabilityReports,
katilim.crm,Crm,MortgagePledges,UpdatedBy,uniqueidentifier,Evet,,Hayir,,Crm.MortgagePrePledges; Crm.SustainabilityReports,
katilim.crm,Crm,MortgagePledges,DeletedBy,uniqueidentifier,Evet,,Hayir,,Crm.MortgagePrePledges; Crm.SustainabilityReports,
katilim.crm,Crm,MortgagePledges,Deleted,bit,Hayir,,Hayir,,Crm.MortgagePrePledges; Crm.SustainabilityReports,
katilim.crm,Crm,MortgagePledges,MortgagesUid,uniqueidentifier,Hayir,,Hayir,,Crm.MortgagePrePledges; Crm.SustainabilityReports,
katilim.crm,Crm,MortgagePledges,VehiclePlateNumber,varchar(50),Evet,,Hayir,,Crm.MortgagePrePledges; Crm.SustainabilityReports,
katilim.crm,Crm,MortgagePledges,VehicleRegistrationSerialNumber,varchar(100),Evet,,Hayir,,Crm.MortgagePrePledges; Crm.SustainabilityReports,
katilim.crm,Crm,MortgagePledges,VehicleAsbisRegistrationReferenceNumber,varchar(100),Evet,,Hayir,,Crm.MortgagePrePledges; Crm.SustainabilityReports,
katilim.crm,Crm,MortgagePledges,DocumentID,varchar(50),Evet,,Hayir,,Crm.MortgagePrePledges; Crm.SustainabilityReports,
katilim.crm,Crm,MortgagePledges,FileNumber,varchar(150),Evet,,Hayir,,Crm.MortgagePrePledges; Crm.SustainabilityReports,
katilim.crm,Crm,MortgagePledges,PledgeRequestDate,datetime2(7),Evet,,Hayir,,Crm.MortgagePrePledges; Crm.SustainabilityReports,
katilim.crm,Crm,MortgagePledges,BankName,varchar(150),Evet,,Hayir,,Crm.MortgagePrePledges; Crm.SustainabilityReports,
katilim.crm,Crm,MortgagePledges,BankBranchName,varchar(250),Evet,,Hayir,,Crm.MortgagePrePledges; Crm.SustainabilityReports,
katilim.crm,Crm,MortgagePledges,BankBranchCode,int,Evet,,Hayir,,Crm.MortgagePrePledges; Crm.SustainabilityReports,
katilim.crm,Crm,MortgagePledges,VehicleRegistrationID,varchar(100),Evet,,Hayir,,Crm.MortgagePrePledges; Crm.SustainabilityReports,
katilim.crm,Crm,MortgagePledges,VehicleType,varchar(100),Evet,,Hayir,,Crm.MortgagePrePledges; Crm.SustainabilityReports,
katilim.crm,Crm,MortgagePledges,VehicleProblemStatus,int,Evet,,Hayir,,Crm.MortgagePrePledges; Crm.SustainabilityReports,
katilim.crm,Crm,MortgagePledges,TNBEGMReferenceNo,varchar(100),Evet,,Hayir,,Crm.MortgagePrePledges; Crm.SustainabilityReports,
katilim.crm,Crm,MortgagePledges,TNBInsertSequence,int,Evet,,Hayir,,Crm.MortgagePrePledges; Crm.SustainabilityReports,
katilim.crm,Crm,MortgagePledges,TNBInsertDate,datetime2(7),Evet,,Hayir,,Crm.MortgagePrePledges; Crm.SustainabilityReports,
katilim.crm,Crm,MortgagePledges,DepositAmount,"decimal(18,2)",Evet,,Hayir,,Crm.MortgagePrePledges; Crm.SustainabilityReports,
katilim.crm,Crm,MortgagePledges,QueueStatus,smallint,Evet,,Hayir,,Crm.MortgagePrePledges; Crm.SustainabilityReports,
katilim.crm,Crm,MortgagePledges,QueueSubStatus,smallint,Evet,,Hayir,,Crm.MortgagePrePledges; Crm.SustainabilityReports,
katilim.crm,Crm,MortgagePledges,QueueMessage,varchar(max),Evet,,Hayir,,Crm.MortgagePrePledges; Crm.SustainabilityReports,
katilim.crm,Crm,MortgagePledges,PledgeRemovalUid,uniqueidentifier,Evet,,Hayir,,Crm.MortgagePrePledges; Crm.SustainabilityReports,
katilim.crm,Crm,MortgagePledgeVehicleBrandModels,Uid,uniqueidentifier,Hayir,,Evet,,Crm.MortgagePledgeVehicleBrands; Crm.Users,
katilim.crm,Crm,MortgagePledgeVehicleBrandModels,UpdatedAt,datetime2(7),Evet,,Hayir,,Crm.MortgagePledgeVehicleBrands; Crm.Users,
katilim.crm,Crm,MortgagePledgeVehicleBrandModels,DeletedAt,datetime2(7),Evet,,Hayir,,Crm.MortgagePledgeVehicleBrands; Crm.Users,
katilim.crm,Crm,MortgagePledgeVehicleBrandModels,CreatedAt,datetime2(7),Hayir,,Hayir,,Crm.MortgagePledgeVehicleBrands; Crm.Users,
katilim.crm,Crm,MortgagePledgeVehicleBrandModels,CreatedBy,uniqueidentifier,Evet,,Hayir,Crm.Users.Uid,Crm.MortgagePledgeVehicleBrands; Crm.Users,
katilim.crm,Crm,MortgagePledgeVehicleBrandModels,UpdatedBy,uniqueidentifier,Evet,,Hayir,Crm.Users.Uid,Crm.MortgagePledgeVehicleBrands; Crm.Users,
katilim.crm,Crm,MortgagePledgeVehicleBrandModels,DeletedBy,uniqueidentifier,Evet,,Hayir,Crm.Users.Uid,Crm.MortgagePledgeVehicleBrands; Crm.Users,
katilim.crm,Crm,MortgagePledgeVehicleBrandModels,Deleted,bit,Hayir,,Hayir,,Crm.MortgagePledgeVehicleBrands; Crm.Users,
katilim.crm,Crm,MortgagePledgeVehicleBrandModels,Name,nvarchar(100),Hayir,,Hayir,,Crm.MortgagePledgeVehicleBrands; Crm.Users,
katilim.crm,Crm,MortgagePledgeVehicleBrandModels,MortgagePledgeVehicleBrandUid,uniqueidentifier,Hayir,,Hayir,Crm.MortgagePledgeVehicleBrands.Uid,Crm.MortgagePledgeVehicleBrands; Crm.Users,
katilim.crm,Crm,MortgagePledgeVehicleBrands,Uid,uniqueidentifier,Hayir,,Evet,,Crm.MortgagePledgeVehicleBrandModels,
katilim.crm,Crm,MortgagePledgeVehicleBrands,UpdatedAt,datetime2(7),Evet,,Hayir,,Crm.MortgagePledgeVehicleBrandModels,
katilim.crm,Crm,MortgagePledgeVehicleBrands,DeletedAt,datetime2(7),Evet,,Hayir,,Crm.MortgagePledgeVehicleBrandModels,
katilim.crm,Crm,MortgagePledgeVehicleBrands,CreatedAt,datetime2(7),Hayir,,Hayir,,Crm.MortgagePledgeVehicleBrandModels,
katilim.crm,Crm,MortgagePledgeVehicleBrands,CreatedBy,uniqueidentifier,Evet,,Hayir,,Crm.MortgagePledgeVehicleBrandModels,
katilim.crm,Crm,MortgagePledgeVehicleBrands,UpdatedBy,uniqueidentifier,Evet,,Hayir,,Crm.MortgagePledgeVehicleBrandModels,
katilim.crm,Crm,MortgagePledgeVehicleBrands,DeletedBy,uniqueidentifier,Evet,,Hayir,,Crm.MortgagePledgeVehicleBrandModels,
katilim.crm,Crm,MortgagePledgeVehicleBrands,Deleted,bit,Hayir,,Hayir,,Crm.MortgagePledgeVehicleBrandModels,
katilim.crm,Crm,MortgagePledgeVehicleBrands,Name,varchar(50),Hayir,,Hayir,,Crm.MortgagePledgeVehicleBrandModels,
katilim.crm,Crm,MortgagePledgeVehicleTypes,Uid,uniqueidentifier,Hayir,,Evet,,,
katilim.crm,Crm,MortgagePledgeVehicleTypes,UpdatedAt,datetime2(7),Evet,,Hayir,,,
katilim.crm,Crm,MortgagePledgeVehicleTypes,DeletedAt,datetime2(7),Evet,,Hayir,,,
katilim.crm,Crm,MortgagePledgeVehicleTypes,CreatedAt,datetime2(7),Hayir,,Hayir,,,
katilim.crm,Crm,MortgagePledgeVehicleTypes,CreatedBy,uniqueidentifier,Evet,,Hayir,,,
katilim.crm,Crm,MortgagePledgeVehicleTypes,UpdatedBy,uniqueidentifier,Evet,,Hayir,,,
katilim.crm,Crm,MortgagePledgeVehicleTypes,DeletedBy,uniqueidentifier,Evet,,Hayir,,,
katilim.crm,Crm,MortgagePledgeVehicleTypes,Deleted,bit,Hayir,,Hayir,,,
katilim.crm,Crm,MortgagePledgeVehicleTypes,ID,int,Hayir,,Hayir,,,
katilim.crm,Crm,MortgagePledgeVehicleTypes,Name,varchar(50),Hayir,,Hayir,,,
katilim.crm,Crm,MortgagePledgeVehicleTypes,Order,int,Hayir,,Hayir,,,Identity
katilim.crm,Crm,MortgagePledgeVehicleTypes,Code,nvarchar(50),Evet,,Hayir,,,
katilim.crm,Crm,MortgagePrePledges,Uid,uniqueidentifier,Hayir,,Evet,,Crm.MortgagePledges,
katilim.crm,Crm,MortgagePrePledges,UpdatedAt,datetime2(7),Evet,,Hayir,,Crm.MortgagePledges,
katilim.crm,Crm,MortgagePrePledges,DeletedAt,datetime2(7),Evet,,Hayir,,Crm.MortgagePledges,
katilim.crm,Crm,MortgagePrePledges,CreatedAt,datetime2(7),Hayir,,Hayir,,Crm.MortgagePledges,
katilim.crm,Crm,MortgagePrePledges,CreatedBy,uniqueidentifier,Evet,,Hayir,,Crm.MortgagePledges,
katilim.crm,Crm,MortgagePrePledges,UpdatedBy,uniqueidentifier,Evet,,Hayir,,Crm.MortgagePledges,
katilim.crm,Crm,MortgagePrePledges,DeletedBy,uniqueidentifier,Evet,,Hayir,,Crm.MortgagePledges,
katilim.crm,Crm,MortgagePrePledges,Deleted,bit,Hayir,,Hayir,,Crm.MortgagePledges,
katilim.crm,Crm,MortgagePrePledges,MortgagesUid,uniqueidentifier,Hayir,,Hayir,,Crm.MortgagePledges,
katilim.crm,Crm,MortgagePrePledges,Name,varchar(100),Evet,,Hayir,,Crm.MortgagePledges,
katilim.crm,Crm,MortgagePrePledges,Surname,varchar(100),Evet,,Hayir,,Crm.MortgagePledges,
katilim.crm,Crm,MortgagePrePledges,TCKN,varchar(50),Evet,,Hayir,,Crm.MortgagePledges,
katilim.crm,Crm,MortgagePrePledges,FileNumber,varchar(150),Evet,,Hayir,,Crm.MortgagePledges,
katilim.crm,Crm,MortgagePrePledges,EngineNumber,varchar(50),Evet,,Hayir,,Crm.MortgagePledges,
katilim.crm,Crm,MortgagePrePledges,ChassisNumber,varchar(50),Evet,,Hayir,,Crm.MortgagePledges,
katilim.crm,Crm,MortgagePrePledges,ModelYear,varchar(50),Evet,,Hayir,,Crm.MortgagePledges,
katilim.crm,Crm,MortgagePrePledges,VehicleType,int,Evet,,Hayir,,Crm.MortgagePledges,
katilim.crm,Crm,MortgagePrePledges,VehicleBrand,varchar(100),Evet,,Hayir,,Crm.MortgagePledges,
katilim.crm,Crm,MortgagePrePledges,PrePledgeRequestDate,datetime2(7),Evet,,Hayir,,Crm.MortgagePledges,
katilim.crm,Crm,MortgagePrePledges,BankName,varchar(150),Evet,,Hayir,,Crm.MortgagePledges,
katilim.crm,Crm,MortgagePrePledges,BankBranchName,varchar(250),Evet,,Hayir,,Crm.MortgagePledges,
katilim.crm,Crm,MortgagePrePledges,BankBranchCode,int,Evet,,Hayir,,Crm.MortgagePledges,
katilim.crm,Crm,MortgagePrePledges,TNBEGMRReferenceNo,varchar(100),Evet,,Hayir,,Crm.MortgagePledges,
katilim.crm,Crm,MortgagePrePledges,VehicleRegistrationSerialNumber,varchar(100),Evet,,Hayir,,Crm.MortgagePledges,
katilim.crm,Crm,MortgagePrePledges,TNBInsertDate,datetime2(7),Evet,,Hayir,,Crm.MortgagePledges,
katilim.crm,Crm,MortgagePrePledges,DepositAmount,"decimal(18,2)",Evet,,Hayir,,Crm.MortgagePledges,
katilim.crm,Crm,MortgagePrePledges,QueueStatus,smallint,Evet,,Hayir,,Crm.MortgagePledges,
katilim.crm,Crm,MortgagePrePledges,QueueSubStatus,smallint,Evet,,Hayir,,Crm.MortgagePledges,
katilim.crm,Crm,MortgagePrePledges,QueueMessage,varchar(max),Evet,,Hayir,,Crm.MortgagePledges,
katilim.crm,Crm,MortgagePrePledges,QueueStatusConvertPledge,smallint,Evet,,Hayir,,Crm.MortgagePledges,
katilim.crm,Crm,MortgagePrePledges,QueueSubStatusConvertPledge,smallint,Evet,,Hayir,,Crm.MortgagePledges,
katilim.crm,Crm,MortgagePrePledges,QueueMessageConvertPledge,varchar(max),Evet,,Hayir,,Crm.MortgagePledges,
katilim.crm,Crm,MortgagePrePledges,MortgagePledgeUid,uniqueidentifier,Evet,,Hayir,Crm.MortgagePledges.Uid,Crm.MortgagePledges,
katilim.crm,Crm,MortgagePrePledges,VehicleBrandUid,uniqueidentifier,Evet,,Hayir,,Crm.MortgagePledges,
katilim.crm,Crm,MortgagePrePledges,VehicleModelUid,uniqueidentifier,Evet,,Hayir,,Crm.MortgagePledges,
katilim.crm,Crm,MortgagePrePledges,TaxNo,nvarchar(10),Evet,,Hayir,,Crm.MortgagePledges,
katilim.crm,Crm,Mortgages,Uid,uniqueidentifier,Hayir,,Evet,,Crm.Contracts; Crm.Files; Crm.MortgageCosts; Crm.MortgageInsurances; Crm.MortgageLogs; Crm.MortgageTypes; Crm.Mortgages; Crm.SustainabilityReports; Crm.Users,
katilim.crm,Crm,Mortgages,UpdatedAt,datetime2(7),Evet,,Hayir,,Crm.Contracts; Crm.Files; Crm.MortgageCosts; Crm.MortgageInsurances; Crm.MortgageLogs; Crm.MortgageTypes; Crm.Mortgages; Crm.SustainabilityReports; Crm.Users,
katilim.crm,Crm,Mortgages,DeletedAt,datetime2(7),Evet,,Hayir,,Crm.Contracts; Crm.Files; Crm.MortgageCosts; Crm.MortgageInsurances; Crm.MortgageLogs; Crm.MortgageTypes; Crm.Mortgages; Crm.SustainabilityReports; Crm.Users,
katilim.crm,Crm,Mortgages,CreatedAt,datetime2(7),Hayir,,Hayir,,Crm.Contracts; Crm.Files; Crm.MortgageCosts; Crm.MortgageInsurances; Crm.MortgageLogs; Crm.MortgageTypes; Crm.Mortgages; Crm.SustainabilityReports; Crm.Users,
katilim.crm,Crm,Mortgages,CreatedBy,uniqueidentifier,Evet,,Hayir,Crm.Users.Uid,Crm.Contracts; Crm.Files; Crm.MortgageCosts; Crm.MortgageInsurances; Crm.MortgageLogs; Crm.MortgageTypes; Crm.Mortgages; Crm.SustainabilityReports; Crm.Users,
katilim.crm,Crm,Mortgages,UpdatedBy,uniqueidentifier,Evet,,Hayir,Crm.Users.Uid,Crm.Contracts; Crm.Files; Crm.MortgageCosts; Crm.MortgageInsurances; Crm.MortgageLogs; Crm.MortgageTypes; Crm.Mortgages; Crm.SustainabilityReports; Crm.Users,
katilim.crm,Crm,Mortgages,DeletedBy,uniqueidentifier,Evet,,Hayir,Crm.Users.Uid,Crm.Contracts; Crm.Files; Crm.MortgageCosts; Crm.MortgageInsurances; Crm.MortgageLogs; Crm.MortgageTypes; Crm.Mortgages; Crm.SustainabilityReports; Crm.Users,
katilim.crm,Crm,Mortgages,Deleted,bit,Hayir,,Hayir,,Crm.Contracts; Crm.Files; Crm.MortgageCosts; Crm.MortgageInsurances; Crm.MortgageLogs; Crm.MortgageTypes; Crm.Mortgages; Crm.SustainabilityReports; Crm.Users,
katilim.crm,Crm,Mortgages,Type,nvarchar(100),Evet,,Hayir,,Crm.Contracts; Crm.Files; Crm.MortgageCosts; Crm.MortgageInsurances; Crm.MortgageLogs; Crm.MortgageTypes; Crm.Mortgages; Crm.SustainabilityReports; Crm.Users,
katilim.crm,Crm,Mortgages,Status,nvarchar(100),Evet,,Hayir,,Crm.Contracts; Crm.Files; Crm.MortgageCosts; Crm.MortgageInsurances; Crm.MortgageLogs; Crm.MortgageTypes; Crm.Mortgages; Crm.SustainabilityReports; Crm.Users,
katilim.crm,Crm,Mortgages,StartDate,datetime2(7),Evet,,Hayir,,Crm.Contracts; Crm.Files; Crm.MortgageCosts; Crm.MortgageInsurances; Crm.MortgageLogs; Crm.MortgageTypes; Crm.Mortgages; Crm.SustainabilityReports; Crm.Users,
katilim.crm,Crm,Mortgages,EndDate,datetime2(7),Evet,,Hayir,,Crm.Contracts; Crm.Files; Crm.MortgageCosts; Crm.MortgageInsurances; Crm.MortgageLogs; Crm.MortgageTypes; Crm.Mortgages; Crm.SustainabilityReports; Crm.Users,
katilim.crm,Crm,Mortgages,MortgageOffice,nvarchar(100),Evet,,Hayir,,Crm.Contracts; Crm.Files; Crm.MortgageCosts; Crm.MortgageInsurances; Crm.MortgageLogs; Crm.MortgageTypes; Crm.Mortgages; Crm.SustainabilityReports; Crm.Users,
katilim.crm,Crm,Mortgages,FileNumber,nvarchar(100),Evet,,Hayir,,Crm.Contracts; Crm.Files; Crm.MortgageCosts; Crm.MortgageInsurances; Crm.MortgageLogs; Crm.MortgageTypes; Crm.Mortgages; Crm.SustainabilityReports; Crm.Users,
katilim.crm,Crm,Mortgages,RenewalDate,datetime2(7),Evet,,Hayir,,Crm.Contracts; Crm.Files; Crm.MortgageCosts; Crm.MortgageInsurances; Crm.MortgageLogs; Crm.MortgageTypes; Crm.Mortgages; Crm.SustainabilityReports; Crm.Users,
katilim.crm,Crm,Mortgages,ContractUid,uniqueidentifier,Hayir,,Hayir,Crm.Contracts.Uid,Crm.Contracts; Crm.Files; Crm.MortgageCosts; Crm.MortgageInsurances; Crm.MortgageLogs; Crm.MortgageTypes; Crm.Mortgages; Crm.SustainabilityReports; Crm.Users,
katilim.crm,Crm,Mortgages,Price,"decimal(18,2)",Evet,,Hayir,,Crm.Contracts; Crm.Files; Crm.MortgageCosts; Crm.MortgageInsurances; Crm.MortgageLogs; Crm.MortgageTypes; Crm.Mortgages; Crm.SustainabilityReports; Crm.Users,
katilim.crm,Crm,Mortgages,IsPricePaid,bit,Hayir,((0)),Hayir,,Crm.Contracts; Crm.Files; Crm.MortgageCosts; Crm.MortgageInsurances; Crm.MortgageLogs; Crm.MortgageTypes; Crm.Mortgages; Crm.SustainabilityReports; Crm.Users,
katilim.crm,Crm,Mortgages,ParentUid,uniqueidentifier,Evet,,Hayir,Crm.Mortgages.Uid,Crm.Contracts; Crm.Files; Crm.MortgageCosts; Crm.MortgageInsurances; Crm.MortgageLogs; Crm.MortgageTypes; Crm.Mortgages; Crm.SustainabilityReports; Crm.Users,
katilim.crm,Crm,Mortgages,Description,nvarchar(4000),Evet,,Hayir,,Crm.Contracts; Crm.Files; Crm.MortgageCosts; Crm.MortgageInsurances; Crm.MortgageLogs; Crm.MortgageTypes; Crm.Mortgages; Crm.SustainabilityReports; Crm.Users,
katilim.crm,Crm,Mortgages,NotaryOffice,nvarchar(100),Evet,,Hayir,,Crm.Contracts; Crm.Files; Crm.MortgageCosts; Crm.MortgageInsurances; Crm.MortgageLogs; Crm.MortgageTypes; Crm.Mortgages; Crm.SustainabilityReports; Crm.Users,
katilim.crm,Crm,Mortgages,WageNumber,nvarchar(50),Evet,,Hayir,,Crm.Contracts; Crm.Files; Crm.MortgageCosts; Crm.MortgageInsurances; Crm.MortgageLogs; Crm.MortgageTypes; Crm.Mortgages; Crm.SustainabilityReports; Crm.Users,
katilim.crm,Crm,Mortgages,MortgageTypeUid,uniqueidentifier,Evet,,Hayir,Crm.MortgageTypes.Uid,Crm.Contracts; Crm.Files; Crm.MortgageCosts; Crm.MortgageInsurances; Crm.MortgageLogs; Crm.MortgageTypes; Crm.Mortgages; Crm.SustainabilityReports; Crm.Users,
katilim.crm,Crm,Mortgages,PledgeDate,datetime2(7),Evet,,Hayir,,Crm.Contracts; Crm.Files; Crm.MortgageCosts; Crm.MortgageInsurances; Crm.MortgageLogs; Crm.MortgageTypes; Crm.Mortgages; Crm.SustainabilityReports; Crm.Users,
katilim.crm,Crm,Mortgages,PricePaid,"decimal(18,0)",Evet,,Hayir,,Crm.Contracts; Crm.Files; Crm.MortgageCosts; Crm.MortgageInsurances; Crm.MortgageLogs; Crm.MortgageTypes; Crm.Mortgages; Crm.SustainabilityReports; Crm.Users,
katilim.crm,Crm,Mortgages,LandOffice,nvarchar(100),Evet,,Hayir,,Crm.Contracts; Crm.Files; Crm.MortgageCosts; Crm.MortgageInsurances; Crm.MortgageLogs; Crm.MortgageTypes; Crm.Mortgages; Crm.SustainabilityReports; Crm.Users,
katilim.crm,Crm,Mortgages,AmountOfBidBond,"decimal(18,0)",Evet,,Hayir,,Crm.Contracts; Crm.Files; Crm.MortgageCosts; Crm.MortgageInsurances; Crm.MortgageLogs; Crm.MortgageTypes; Crm.Mortgages; Crm.SustainabilityReports; Crm.Users,
katilim.crm,Crm,Mortgages,ReleaseDate,datetime2(7),Evet,,Hayir,,Crm.Contracts; Crm.Files; Crm.MortgageCosts; Crm.MortgageInsurances; Crm.MortgageLogs; Crm.MortgageTypes; Crm.Mortgages; Crm.SustainabilityReports; Crm.Users,
katilim.crm,Crm,Mortgages,LegalStatus,varchar(25),Evet,,Hayir,,Crm.Contracts; Crm.Files; Crm.MortgageCosts; Crm.MortgageInsurances; Crm.MortgageLogs; Crm.MortgageTypes; Crm.Mortgages; Crm.SustainabilityReports; Crm.Users,
katilim.crm,Crm,Mortgages,DepositAmount,"decimal(18,2)",Evet,,Hayir,,Crm.Contracts; Crm.Files; Crm.MortgageCosts; Crm.MortgageInsurances; Crm.MortgageLogs; Crm.MortgageTypes; Crm.Mortgages; Crm.SustainabilityReports; Crm.Users,
katilim.crm,Crm,Mortgages,IsMesken,bit,Evet,,Hayir,,Crm.Contracts; Crm.Files; Crm.MortgageCosts; Crm.MortgageInsurances; Crm.MortgageLogs; Crm.MortgageTypes; Crm.Mortgages; Crm.SustainabilityReports; Crm.Users,
katilim.crm,Crm,Mortgages,ClosedDate,datetime2(7),Evet,,Hayir,,Crm.Contracts; Crm.Files; Crm.MortgageCosts; Crm.MortgageInsurances; Crm.MortgageLogs; Crm.MortgageTypes; Crm.Mortgages; Crm.SustainabilityReports; Crm.Users,
katilim.crm,Crm,Mortgages,SubTypeUid,uniqueidentifier,Evet,,Hayir,,Crm.Contracts; Crm.Files; Crm.MortgageCosts; Crm.MortgageInsurances; Crm.MortgageLogs; Crm.MortgageTypes; Crm.Mortgages; Crm.SustainabilityReports; Crm.Users,
katilim.crm,Crm,Mortgages,ActiveDate,datetime2(7),Evet,,Hayir,,Crm.Contracts; Crm.Files; Crm.MortgageCosts; Crm.MortgageInsurances; Crm.MortgageLogs; Crm.MortgageTypes; Crm.Mortgages; Crm.SustainabilityReports; Crm.Users,
katilim.crm,Crm,MortgageTypes,Uid,uniqueidentifier,Hayir,,Evet,,Crm.Deliveries; Crm.DeliveryPayments; Crm.Mortgages; Crm.SustainabilityReports; Crm.Users,
katilim.crm,Crm,MortgageTypes,UpdatedAt,datetime2(7),Evet,,Hayir,,Crm.Deliveries; Crm.DeliveryPayments; Crm.Mortgages; Crm.SustainabilityReports; Crm.Users,
katilim.crm,Crm,MortgageTypes,DeletedAt,datetime2(7),Evet,,Hayir,,Crm.Deliveries; Crm.DeliveryPayments; Crm.Mortgages; Crm.SustainabilityReports; Crm.Users,
katilim.crm,Crm,MortgageTypes,CreatedAt,datetime2(7),Hayir,,Hayir,,Crm.Deliveries; Crm.DeliveryPayments; Crm.Mortgages; Crm.SustainabilityReports; Crm.Users,
katilim.crm,Crm,MortgageTypes,CreatedBy,uniqueidentifier,Evet,,Hayir,Crm.Users.Uid,Crm.Deliveries; Crm.DeliveryPayments; Crm.Mortgages; Crm.SustainabilityReports; Crm.Users,
katilim.crm,Crm,MortgageTypes,UpdatedBy,uniqueidentifier,Evet,,Hayir,Crm.Users.Uid,Crm.Deliveries; Crm.DeliveryPayments; Crm.Mortgages; Crm.SustainabilityReports; Crm.Users,
katilim.crm,Crm,MortgageTypes,DeletedBy,uniqueidentifier,Evet,,Hayir,Crm.Users.Uid,Crm.Deliveries; Crm.DeliveryPayments; Crm.Mortgages; Crm.SustainabilityReports; Crm.Users,
katilim.crm,Crm,MortgageTypes,Deleted,bit,Hayir,,Hayir,,Crm.Deliveries; Crm.DeliveryPayments; Crm.Mortgages; Crm.SustainabilityReports; Crm.Users,
katilim.crm,Crm,MortgageTypes,Name,nvarchar(100),Evet,,Hayir,,Crm.Deliveries; Crm.DeliveryPayments; Crm.Mortgages; Crm.SustainabilityReports; Crm.Users,
katilim.crm,Crm,MortgageTypes,Key,nvarchar(100),Evet,,Hayir,,Crm.Deliveries; Crm.DeliveryPayments; Crm.Mortgages; Crm.SustainabilityReports; Crm.Users,
katilim.crm,Crm,MortgageTypes,Fields,nvarchar(3000),Evet,,Hayir,,Crm.Deliveries; Crm.DeliveryPayments; Crm.Mortgages; Crm.SustainabilityReports; Crm.Users,
katilim.crm,Crm,MortgageTypes,Formula,nvarchar(200),Evet,,Hayir,,Crm.Deliveries; Crm.DeliveryPayments; Crm.Mortgages; Crm.SustainabilityReports; Crm.Users,
katilim.crm,Crm,MortgageTypes,IsActive,bit,Hayir,,Hayir,,Crm.Deliveries; Crm.DeliveryPayments; Crm.Mortgages; Crm.SustainabilityReports; Crm.Users,
katilim.crm,Crm,MortgageTypes,IsPrivileged,bit,Evet,,Hayir,,Crm.Deliveries; Crm.DeliveryPayments; Crm.Mortgages; Crm.SustainabilityReports; Crm.Users,
katilim.crm,Crm,MortgageTypes,canBeRenewed,bit,Evet,,Hayir,,Crm.Deliveries; Crm.DeliveryPayments; Crm.Mortgages; Crm.SustainabilityReports; Crm.Users,
katilim.crm,Crm,MortgageTypes,ParentTypeUid,uniqueidentifier,Evet,,Hayir,,Crm.Deliveries; Crm.DeliveryPayments; Crm.Mortgages; Crm.SustainabilityReports; Crm.Users,
katilim.crm,Crm,MortgageTypes,Order,smallint,Evet,,Hayir,,Crm.Deliveries; Crm.DeliveryPayments; Crm.Mortgages; Crm.SustainabilityReports; Crm.Users,
katilim.crm,Crm,NaceCodes,Uid,uniqueidentifier,Hayir,,Evet,,,
katilim.crm,Crm,NaceCodes,UpdatedAt,datetime2(7),Evet,,Hayir,,,
katilim.crm,Crm,NaceCodes,DeletedAt,datetime2(7),Evet,,Hayir,,,
katilim.crm,Crm,NaceCodes,CreatedAt,datetime2(7),Hayir,,Hayir,,,
katilim.crm,Crm,NaceCodes,CreatedBy,uniqueidentifier,Evet,,Hayir,,,
katilim.crm,Crm,NaceCodes,UpdatedBy,uniqueidentifier,Evet,,Hayir,,,
katilim.crm,Crm,NaceCodes,DeletedBy,uniqueidentifier,Evet,,Hayir,,,
katilim.crm,Crm,NaceCodes,Deleted,bit,Hayir,,Hayir,,,
katilim.crm,Crm,NaceCodes,NaceCode,nvarchar(10),Hayir,,Hayir,,,
katilim.crm,Crm,NaceCodes,SectorCode,nvarchar(10),Evet,,Hayir,,,
katilim.crm,Crm,NaceCodes,SectorDefinition,nvarchar(100),Evet,,Hayir,,,
katilim.crm,Crm,NaceCodes,OccupationCode,nvarchar(10),Evet,,Hayir,,,
katilim.crm,Crm,NaceCodes,OccupationDefinition,nvarchar(255),Evet,,Hayir,,,
katilim.crm,Crm,NaceCodes,NaceDescription,nvarchar(4000),Evet,,Hayir,,,
katilim.crm,Crm,Nationalities,Uid,uniqueidentifier,Hayir,,Evet,,Crm.Users,
katilim.crm,Crm,Nationalities,UpdatedAt,datetime2(7),Evet,,Hayir,,Crm.Users,
katilim.crm,Crm,Nationalities,DeletedAt,datetime2(7),Evet,,Hayir,,Crm.Users,
katilim.crm,Crm,Nationalities,CreatedAt,datetime2(7),Hayir,,Hayir,,Crm.Users,
katilim.crm,Crm,Nationalities,CreatedBy,uniqueidentifier,Evet,,Hayir,Crm.Users.Uid,Crm.Users,
katilim.crm,Crm,Nationalities,UpdatedBy,uniqueidentifier,Evet,,Hayir,Crm.Users.Uid,Crm.Users,
katilim.crm,Crm,Nationalities,DeletedBy,uniqueidentifier,Evet,,Hayir,Crm.Users.Uid,Crm.Users,
katilim.crm,Crm,Nationalities,Deleted,bit,Hayir,,Hayir,,Crm.Users,
katilim.crm,Crm,Nationalities,Name,nvarchar(100),Evet,,Hayir,,Crm.Users,
katilim.crm,Crm,Nationalities,Code,nvarchar(20),Evet,,Hayir,,Crm.Users,
katilim.crm,Crm,NotaryLists,Uid,uniqueidentifier,Hayir,,Evet,,Crm.Contracts; Crm.NotaryResults; Crm.Users,
katilim.crm,Crm,NotaryLists,UpdatedAt,datetime2(7),Evet,,Hayir,,Crm.Contracts; Crm.NotaryResults; Crm.Users,
katilim.crm,Crm,NotaryLists,DeletedAt,datetime2(7),Evet,,Hayir,,Crm.Contracts; Crm.NotaryResults; Crm.Users,
katilim.crm,Crm,NotaryLists,CreatedAt,datetime2(7),Hayir,,Hayir,,Crm.Contracts; Crm.NotaryResults; Crm.Users,
katilim.crm,Crm,NotaryLists,CreatedBy,uniqueidentifier,Evet,,Hayir,Crm.Users.Uid,Crm.Contracts; Crm.NotaryResults; Crm.Users,
katilim.crm,Crm,NotaryLists,UpdatedBy,uniqueidentifier,Evet,,Hayir,Crm.Users.Uid,Crm.Contracts; Crm.NotaryResults; Crm.Users,
katilim.crm,Crm,NotaryLists,DeletedBy,uniqueidentifier,Evet,,Hayir,Crm.Users.Uid,Crm.Contracts; Crm.NotaryResults; Crm.Users,
katilim.crm,Crm,NotaryLists,Deleted,bit,Hayir,,Hayir,,Crm.Contracts; Crm.NotaryResults; Crm.Users,
katilim.crm,Crm,NotaryLists,NotaryResultUid,uniqueidentifier,Hayir,,Hayir,Crm.NotaryResults.Uid,Crm.Contracts; Crm.NotaryResults; Crm.Users,
katilim.crm,Crm,NotaryLists,ContractUid,uniqueidentifier,Hayir,,Hayir,Crm.Contracts.Uid,Crm.Contracts; Crm.NotaryResults; Crm.Users,
katilim.crm,Crm,NotaryLists,Month,int,Hayir,,Hayir,,Crm.Contracts; Crm.NotaryResults; Crm.Users,
katilim.crm,Crm,NotaryLists,IsSuccess,bit,Hayir,,Hayir,,Crm.Contracts; Crm.NotaryResults; Crm.Users,
katilim.crm,Crm,NotaryLists,IsMesken,bit,Evet,,Hayir,,Crm.Contracts; Crm.NotaryResults; Crm.Users,
katilim.crm,Crm,NotaryLists,DrawOrderNo,int,Hayir,((0)),Hayir,,Crm.Contracts; Crm.NotaryResults; Crm.Users,
katilim.crm,Crm,NotaryResults,Uid,uniqueidentifier,Hayir,,Evet,,Crm.Groups; Crm.NotaryLists; Crm.Users,
katilim.crm,Crm,NotaryResults,UpdatedAt,datetime2(7),Evet,,Hayir,,Crm.Groups; Crm.NotaryLists; Crm.Users,
katilim.crm,Crm,NotaryResults,DeletedAt,datetime2(7),Evet,,Hayir,,Crm.Groups; Crm.NotaryLists; Crm.Users,
katilim.crm,Crm,NotaryResults,CreatedAt,datetime2(7),Hayir,,Hayir,,Crm.Groups; Crm.NotaryLists; Crm.Users,
katilim.crm,Crm,NotaryResults,CreatedBy,uniqueidentifier,Evet,,Hayir,Crm.Users.Uid,Crm.Groups; Crm.NotaryLists; Crm.Users,
katilim.crm,Crm,NotaryResults,UpdatedBy,uniqueidentifier,Evet,,Hayir,Crm.Users.Uid,Crm.Groups; Crm.NotaryLists; Crm.Users,
katilim.crm,Crm,NotaryResults,DeletedBy,uniqueidentifier,Evet,,Hayir,Crm.Users.Uid,Crm.Groups; Crm.NotaryLists; Crm.Users,
katilim.crm,Crm,NotaryResults,Deleted,bit,Hayir,,Hayir,,Crm.Groups; Crm.NotaryLists; Crm.Users,
katilim.crm,Crm,NotaryResults,GroupUid,uniqueidentifier,Hayir,,Hayir,Crm.Groups.Uid,Crm.Groups; Crm.NotaryLists; Crm.Users,
katilim.crm,Crm,NotaryResults,NotaryName,nvarchar(100),Evet,,Hayir,,Crm.Groups; Crm.NotaryLists; Crm.Users,
katilim.crm,Crm,NotaryResults,OrganizationDate,datetime2(7),Hayir,,Hayir,,Crm.Groups; Crm.NotaryLists; Crm.Users,
katilim.crm,Crm,NotaryResults,OrganizationPlace,nvarchar(100),Evet,,Hayir,,Crm.Groups; Crm.NotaryLists; Crm.Users,
katilim.crm,Crm,NotaryResults,NotaryFile,nvarchar(200),Evet,,Hayir,,Crm.Groups; Crm.NotaryLists; Crm.Users,
katilim.crm,Crm,NotaryResults,MinMonth,int,Hayir,,Hayir,,Crm.Groups; Crm.NotaryLists; Crm.Users,
katilim.crm,Crm,NotaryResults,Status,nvarchar(50),Evet,,Hayir,,Crm.Groups; Crm.NotaryLists; Crm.Users,
katilim.crm,Crm,NotaryResults,ApproveControllerUid,uniqueidentifier,Evet,,Hayir,Crm.Users.Uid,Crm.Groups; Crm.NotaryLists; Crm.Users,
katilim.crm,Crm,NotaryResults,ApproveControllerDate,datetime2(7),Evet,,Hayir,,Crm.Groups; Crm.NotaryLists; Crm.Users,
katilim.crm,Crm,NotaryResults,IsMesken,bit,Evet,,Hayir,,Crm.Groups; Crm.NotaryLists; Crm.Users,
katilim.crm,Crm,NotaryResults,OldNotaryFile,nvarchar(200),Evet,,Hayir,,Crm.Groups; Crm.NotaryLists; Crm.Users,
katilim.crm,Crm,NotaryResults,PathStatus,smallint,Hayir,((1)),Hayir,,Crm.Groups; Crm.NotaryLists; Crm.Users,
katilim.crm,Crm,NotDeliveredOnDeliveryDates,Uid,uniqueidentifier,Hayir,,Evet,,,
katilim.crm,Crm,NotDeliveredOnDeliveryDates,UpdatedAt,datetime2(7),Evet,,Hayir,,,
katilim.crm,Crm,NotDeliveredOnDeliveryDates,DeletedAt,datetime2(7),Evet,,Hayir,,,
katilim.crm,Crm,NotDeliveredOnDeliveryDates,CreatedAt,datetime2(7),Hayir,,Hayir,,,
katilim.crm,Crm,NotDeliveredOnDeliveryDates,CreatedBy,uniqueidentifier,Evet,,Hayir,,,
katilim.crm,Crm,NotDeliveredOnDeliveryDates,UpdatedBy,uniqueidentifier,Evet,,Hayir,,,
katilim.crm,Crm,NotDeliveredOnDeliveryDates,DeletedBy,uniqueidentifier,Evet,,Hayir,,,
katilim.crm,Crm,NotDeliveredOnDeliveryDates,Deleted,bit,Hayir,,Hayir,,,
katilim.crm,Crm,NotDeliveredOnDeliveryDates,ContractUid,uniqueidentifier,Hayir,,Hayir,,,
katilim.crm,Crm,NotDeliveredOnDeliveryDates,FinanceDeliveryDate,datetime2(7),Hayir,,Hayir,,,
katilim.crm,Crm,NotDeliveredOnDeliveryDates,ProductPrice,"decimal(18,2)",Evet,,Hayir,,,
katilim.crm,Crm,NotDeliveredOnDeliveryDates,ProductPriceWithInsuranceCuts,"decimal(18,2)",Evet,,Hayir,,,
katilim.crm,Crm,NotificationGroups,Uid,uniqueidentifier,Hayir,,Evet,,Crm.NotificationGroupSubscriber; Crm.NotificationLogs; Crm.Users,
katilim.crm,Crm,NotificationGroups,UpdatedAt,datetime2(7),Evet,,Hayir,,Crm.NotificationGroupSubscriber; Crm.NotificationLogs; Crm.Users,
katilim.crm,Crm,NotificationGroups,DeletedAt,datetime2(7),Evet,,Hayir,,Crm.NotificationGroupSubscriber; Crm.NotificationLogs; Crm.Users,
katilim.crm,Crm,NotificationGroups,CreatedAt,datetime2(7),Hayir,,Hayir,,Crm.NotificationGroupSubscriber; Crm.NotificationLogs; Crm.Users,
katilim.crm,Crm,NotificationGroups,CreatedBy,uniqueidentifier,Evet,,Hayir,Crm.Users.Uid,Crm.NotificationGroupSubscriber; Crm.NotificationLogs; Crm.Users,
katilim.crm,Crm,NotificationGroups,UpdatedBy,uniqueidentifier,Evet,,Hayir,Crm.Users.Uid,Crm.NotificationGroupSubscriber; Crm.NotificationLogs; Crm.Users,
katilim.crm,Crm,NotificationGroups,DeletedBy,uniqueidentifier,Evet,,Hayir,Crm.Users.Uid,Crm.NotificationGroupSubscriber; Crm.NotificationLogs; Crm.Users,
katilim.crm,Crm,NotificationGroups,Deleted,bit,Hayir,,Hayir,,Crm.NotificationGroupSubscriber; Crm.NotificationLogs; Crm.Users,
katilim.crm,Crm,NotificationGroups,Name,nvarchar(max),Evet,,Hayir,,Crm.NotificationGroupSubscriber; Crm.NotificationLogs; Crm.Users,
katilim.crm,Crm,NotificationGroups,Key,nvarchar(max),Evet,,Hayir,,Crm.NotificationGroupSubscriber; Crm.NotificationLogs; Crm.Users,
katilim.crm,Crm,NotificationGroups,Description,nvarchar(150),Evet,,Hayir,,Crm.NotificationGroupSubscriber; Crm.NotificationLogs; Crm.Users,
katilim.crm,Crm,NotificationGroups,Message,nvarchar(max),Evet,,Hayir,,Crm.NotificationGroupSubscriber; Crm.NotificationLogs; Crm.Users,
katilim.crm,Crm,NotificationGroups,Token,nvarchar(max),Evet,,Hayir,,Crm.NotificationGroupSubscriber; Crm.NotificationLogs; Crm.Users,
katilim.crm,Crm,NotificationGroups,LastSendingDate,datetime2(7),Evet,,Hayir,,Crm.NotificationGroupSubscriber; Crm.NotificationLogs; Crm.Users,
katilim.crm,Crm,NotificationGroups,TotalSendingCount,int,Hayir,,Hayir,,Crm.NotificationGroupSubscriber; Crm.NotificationLogs; Crm.Users,
katilim.crm,Crm,NotificationGroups,LastSenderUid,uniqueidentifier,Evet,,Hayir,Crm.Users.Uid,Crm.NotificationGroupSubscriber; Crm.NotificationLogs; Crm.Users,
katilim.crm,Crm,NotificationGroups,Type,nvarchar(max),Evet,,Hayir,,Crm.NotificationGroupSubscriber; Crm.NotificationLogs; Crm.Users,
katilim.crm,Crm,NotificationGroups,Title,nvarchar(max),Evet,,Hayir,,Crm.NotificationGroupSubscriber; Crm.NotificationLogs; Crm.Users,
katilim.crm,Crm,NotificationGroups,ProcedureName,varchar(50),Evet,,Hayir,,Crm.NotificationGroupSubscriber; Crm.NotificationLogs; Crm.Users,
katilim.crm,Crm,NotificationGroupSubscriber,Uid,uniqueidentifier,Hayir,,Evet,,Crm.NotificationGroups; Crm.Reps; Crm.Users,
katilim.crm,Crm,NotificationGroupSubscriber,UpdatedAt,datetime2(7),Evet,,Hayir,,Crm.NotificationGroups; Crm.Reps; Crm.Users,
katilim.crm,Crm,NotificationGroupSubscriber,DeletedAt,datetime2(7),Evet,,Hayir,,Crm.NotificationGroups; Crm.Reps; Crm.Users,
katilim.crm,Crm,NotificationGroupSubscriber,CreatedAt,datetime2(7),Hayir,,Hayir,,Crm.NotificationGroups; Crm.Reps; Crm.Users,
katilim.crm,Crm,NotificationGroupSubscriber,CreatedBy,uniqueidentifier,Evet,,Hayir,Crm.Users.Uid,Crm.NotificationGroups; Crm.Reps; Crm.Users,
katilim.crm,Crm,NotificationGroupSubscriber,UpdatedBy,uniqueidentifier,Evet,,Hayir,Crm.Users.Uid,Crm.NotificationGroups; Crm.Reps; Crm.Users,
katilim.crm,Crm,NotificationGroupSubscriber,DeletedBy,uniqueidentifier,Evet,,Hayir,Crm.Users.Uid,Crm.NotificationGroups; Crm.Reps; Crm.Users,
katilim.crm,Crm,NotificationGroupSubscriber,Deleted,bit,Hayir,,Hayir,,Crm.NotificationGroups; Crm.Reps; Crm.Users,
katilim.crm,Crm,NotificationGroupSubscriber,RepUid,uniqueidentifier,Hayir,,Hayir,Crm.Reps.Uid,Crm.NotificationGroups; Crm.Reps; Crm.Users,
katilim.crm,Crm,NotificationGroupSubscriber,GroupUid,uniqueidentifier,Hayir,,Hayir,Crm.NotificationGroups.Uid,Crm.NotificationGroups; Crm.Reps; Crm.Users,
katilim.crm,Crm,NotificationLogs,Uid,uniqueidentifier,Hayir,,Evet,,Crm.NotificationGroups; Crm.Users,
katilim.crm,Crm,NotificationLogs,UpdatedAt,datetime2(7),Evet,,Hayir,,Crm.NotificationGroups; Crm.Users,
katilim.crm,Crm,NotificationLogs,DeletedAt,datetime2(7),Evet,,Hayir,,Crm.NotificationGroups; Crm.Users,
katilim.crm,Crm,NotificationLogs,CreatedAt,datetime2(7),Hayir,,Hayir,,Crm.NotificationGroups; Crm.Users,
katilim.crm,Crm,NotificationLogs,CreatedBy,uniqueidentifier,Evet,,Hayir,Crm.Users.Uid,Crm.NotificationGroups; Crm.Users,
katilim.crm,Crm,NotificationLogs,UpdatedBy,uniqueidentifier,Evet,,Hayir,Crm.Users.Uid,Crm.NotificationGroups; Crm.Users,
katilim.crm,Crm,NotificationLogs,DeletedBy,uniqueidentifier,Evet,,Hayir,Crm.Users.Uid,Crm.NotificationGroups; Crm.Users,
katilim.crm,Crm,NotificationLogs,Deleted,bit,Hayir,,Hayir,,Crm.NotificationGroups; Crm.Users,
katilim.crm,Crm,NotificationLogs,NotificationGroupUid,uniqueidentifier,Hayir,,Hayir,Crm.NotificationGroups.Uid,Crm.NotificationGroups; Crm.Users,
katilim.crm,Crm,NotificationLogs,Title,nvarchar(max),Evet,,Hayir,,Crm.NotificationGroups; Crm.Users,
katilim.crm,Crm,NotificationLogs,Message,nvarchar(max),Evet,,Hayir,,Crm.NotificationGroups; Crm.Users,
katilim.crm,Crm,NotificationLogs,ImageUrl,nvarchar(max),Evet,,Hayir,,Crm.NotificationGroups; Crm.Users,
katilim.crm,Crm,NotificationLogs,Data,nvarchar(max),Evet,,Hayir,,Crm.NotificationGroups; Crm.Users,
katilim.crm,Crm,NotificationLogs,UserUid,uniqueidentifier,Evet,,Hayir,,Crm.NotificationGroups; Crm.Users,
katilim.crm,Crm,NotificationVariables,Uid,uniqueidentifier,Hayir,,Evet,,Crm.Users,
katilim.crm,Crm,NotificationVariables,UpdatedAt,datetime2(7),Evet,,Hayir,,Crm.Users,
katilim.crm,Crm,NotificationVariables,DeletedAt,datetime2(7),Evet,,Hayir,,Crm.Users,
katilim.crm,Crm,NotificationVariables,CreatedAt,datetime2(7),Hayir,,Hayir,,Crm.Users,
katilim.crm,Crm,NotificationVariables,CreatedBy,uniqueidentifier,Evet,,Hayir,Crm.Users.Uid,Crm.Users,
katilim.crm,Crm,NotificationVariables,UpdatedBy,uniqueidentifier,Evet,,Hayir,Crm.Users.Uid,Crm.Users,
katilim.crm,Crm,NotificationVariables,DeletedBy,uniqueidentifier,Evet,,Hayir,Crm.Users.Uid,Crm.Users,
katilim.crm,Crm,NotificationVariables,Deleted,bit,Hayir,,Hayir,,Crm.Users,
katilim.crm,Crm,NotificationVariables,Key,nvarchar(max),Evet,,Hayir,,Crm.Users,
katilim.crm,Crm,NotificationVariables,Name,nvarchar(max),Evet,,Hayir,,Crm.Users,
katilim.crm,Crm,Occupations,Uid,uniqueidentifier,Hayir,,Evet,,Crm.Opportunities; Crm.Users,
katilim.crm,Crm,Occupations,UpdatedAt,datetime2(7),Evet,,Hayir,,Crm.Opportunities; Crm.Users,
katilim.crm,Crm,Occupations,DeletedAt,datetime2(7),Evet,,Hayir,,Crm.Opportunities; Crm.Users,
katilim.crm,Crm,Occupations,CreatedAt,datetime2(7),Hayir,,Hayir,,Crm.Opportunities; Crm.Users,
katilim.crm,Crm,Occupations,CreatedBy,uniqueidentifier,Evet,,Hayir,Crm.Users.Uid,Crm.Opportunities; Crm.Users,
katilim.crm,Crm,Occupations,UpdatedBy,uniqueidentifier,Evet,,Hayir,Crm.Users.Uid,Crm.Opportunities; Crm.Users,
katilim.crm,Crm,Occupations,DeletedBy,uniqueidentifier,Evet,,Hayir,Crm.Users.Uid,Crm.Opportunities; Crm.Users,
katilim.crm,Crm,Occupations,Deleted,bit,Hayir,,Hayir,,Crm.Opportunities; Crm.Users,
katilim.crm,Crm,Occupations,Name,nvarchar(100),Evet,,Hayir,,Crm.Opportunities; Crm.Users,
katilim.crm,Crm,OffsetLogs,Uid,uniqueidentifier,Hayir,,Evet,,Crm.Customers; Crm.Users,
katilim.crm,Crm,OffsetLogs,UpdatedAt,datetime2(7),Evet,,Hayir,,Crm.Customers; Crm.Users,
katilim.crm,Crm,OffsetLogs,DeletedAt,datetime2(7),Evet,,Hayir,,Crm.Customers; Crm.Users,
katilim.crm,Crm,OffsetLogs,CreatedAt,datetime2(7),Hayir,,Hayir,,Crm.Customers; Crm.Users,
katilim.crm,Crm,OffsetLogs,CreatedBy,uniqueidentifier,Evet,,Hayir,Crm.Users.Uid,Crm.Customers; Crm.Users,
katilim.crm,Crm,OffsetLogs,UpdatedBy,uniqueidentifier,Evet,,Hayir,Crm.Users.Uid,Crm.Customers; Crm.Users,
katilim.crm,Crm,OffsetLogs,DeletedBy,uniqueidentifier,Evet,,Hayir,Crm.Users.Uid,Crm.Customers; Crm.Users,
katilim.crm,Crm,OffsetLogs,Deleted,bit,Hayir,,Hayir,,Crm.Customers; Crm.Users,
katilim.crm,Crm,OffsetLogs,OrganizationUid,uniqueidentifier,Evet,,Hayir,,Crm.Customers; Crm.Users,
katilim.crm,Crm,OffsetLogs,OrganizationName,nvarchar(50),Evet,,Hayir,,Crm.Customers; Crm.Users,
katilim.crm,Crm,OffsetLogs,RegionUid,uniqueidentifier,Evet,,Hayir,,Crm.Customers; Crm.Users,
katilim.crm,Crm,OffsetLogs,RegionName,nvarchar(50),Evet,,Hayir,,Crm.Customers; Crm.Users,
katilim.crm,Crm,OffsetLogs,PetitionDate,datetime2(7),Evet,,Hayir,,Crm.Customers; Crm.Users,
katilim.crm,Crm,OffsetLogs,TransactionDate,datetime2(7),Evet,,Hayir,,Crm.Customers; Crm.Users,
katilim.crm,Crm,OffsetLogs,PortfolioOwnerUid,uniqueidentifier,Evet,,Hayir,,Crm.Customers; Crm.Users,
katilim.crm,Crm,OffsetLogs,PortfolioOwnerName,nvarchar(50),Evet,,Hayir,,Crm.Customers; Crm.Users,
katilim.crm,Crm,OffsetLogs,CustomerUid,uniqueidentifier,Evet,,Hayir,Crm.Customers.Uid,Crm.Customers; Crm.Users,
katilim.crm,Crm,OffsetLogs,OffsetContractUid,uniqueidentifier,Evet,,Hayir,,Crm.Customers; Crm.Users,
katilim.crm,Crm,OffsetLogs,NewContractUid,uniqueidentifier,Evet,,Hayir,,Crm.Customers; Crm.Users,
katilim.crm,Crm,OffsetLogs,OffsetContractNo,nvarchar(max),Evet,,Hayir,,Crm.Customers; Crm.Users,
katilim.crm,Crm,OffsetLogs,NewContractNo,nvarchar(10),Evet,,Hayir,,Crm.Customers; Crm.Users,
katilim.crm,Crm,OffsetLogs,OffsetProductUid,uniqueidentifier,Evet,,Hayir,,Crm.Customers; Crm.Users,
katilim.crm,Crm,OffsetLogs,NewProductUid,uniqueidentifier,Evet,,Hayir,,Crm.Customers; Crm.Users,
katilim.crm,Crm,OffsetLogs,OffsetProductName,nvarchar(150),Evet,,Hayir,,Crm.Customers; Crm.Users,
katilim.crm,Crm,OffsetLogs,NewProductName,nvarchar(150),Evet,,Hayir,,Crm.Customers; Crm.Users,
katilim.crm,Crm,OffsetLogs,OffsetContractCreatedAt,datetime2(7),Evet,,Hayir,,Crm.Customers; Crm.Users,
katilim.crm,Crm,OffsetLogs,NewContractCreatedAt,datetime2(7),Evet,,Hayir,,Crm.Customers; Crm.Users,
katilim.crm,Crm,OffsetLogs,OffsetIsDraw,bit,Hayir,,Hayir,,Crm.Customers; Crm.Users,
katilim.crm,Crm,OffsetLogs,NewIsDraw,bit,Hayir,,Hayir,,Crm.Customers; Crm.Users,
katilim.crm,Crm,OffsetLogs,IncrementRate,"decimal(18,2)",Evet,,Hayir,,Crm.Customers; Crm.Users,
katilim.crm,Crm,OffsetLogs,OffsetGroupUid,uniqueidentifier,Evet,,Hayir,,Crm.Customers; Crm.Users,
katilim.crm,Crm,OffsetLogs,NewGroupUid,uniqueidentifier,Evet,,Hayir,,Crm.Customers; Crm.Users,
katilim.crm,Crm,OffsetLogs,NewGroupName,nvarchar(50),Evet,,Hayir,,Crm.Customers; Crm.Users,
katilim.crm,Crm,OffsetLogs,OffsetServiceType,nvarchar(5),Evet,,Hayir,,Crm.Customers; Crm.Users,
katilim.crm,Crm,OffsetLogs,NewServiceType,nvarchar(5),Evet,,Hayir,,Crm.Customers; Crm.Users,
katilim.crm,Crm,OffsetLogs,OffsetProductPrice,"decimal(18,2)",Evet,,Hayir,,Crm.Customers; Crm.Users,
katilim.crm,Crm,OffsetLogs,NewProductPrice,"decimal(18,2)",Evet,,Hayir,,Crm.Customers; Crm.Users,
katilim.crm,Crm,OffsetLogs,OffsetRawServicePrice,"decimal(18,2)",Evet,,Hayir,,Crm.Customers; Crm.Users,
katilim.crm,Crm,OffsetLogs,OffsetServicePrice,"decimal(18,2)",Evet,,Hayir,,Crm.Customers; Crm.Users,
katilim.crm,Crm,OffsetLogs,NewServicePrice,"decimal(18,2)",Evet,,Hayir,,Crm.Customers; Crm.Users,
katilim.crm,Crm,OffsetLogs,Status,nvarchar(5),Evet,,Hayir,,Crm.Customers; Crm.Users,
katilim.crm,Crm,OffsetLogs,Description,nvarchar(500),Evet,,Hayir,,Crm.Customers; Crm.Users,
katilim.crm,Crm,OffsetLogs,CustomerName,nvarchar(150),Evet,,Hayir,,Crm.Customers; Crm.Users,
katilim.crm,Crm,OffsetLogs,OffsetGroupName,nvarchar(max),Evet,,Hayir,,Crm.Customers; Crm.Users,
katilim.crm,Crm,OffsetLogs,Year,int,Evet,,Hayir,,Crm.Customers; Crm.Users,
katilim.crm,Crm,OffsetLogs,Month,int,Evet,,Hayir,,Crm.Customers; Crm.Users,
katilim.crm,Crm,OffsetLogs,OffsetInstallmentCount,nvarchar(3),Evet,,Hayir,,Crm.Customers; Crm.Users,
katilim.crm,Crm,OffsetLogs,NewInstallmentCount,nvarchar(3),Evet,,Hayir,,Crm.Customers; Crm.Users,
katilim.crm,Crm,OffsetLogs,ProductPriceDifference,"decimal(18,2)",Evet,,Hayir,,Crm.Customers; Crm.Users,
katilim.crm,Crm,OffsetLogs,ServicePriceDifference,"decimal(18,2)",Evet,,Hayir,,Crm.Customers; Crm.Users,
katilim.crm,Crm,OffsetLogs,NewContractStatus,nvarchar(3),Evet,,Hayir,,Crm.Customers; Crm.Users,
katilim.crm,Crm,OffsetLogs,NewPaidServicePrice,"decimal(18,2)",Evet,,Hayir,,Crm.Customers; Crm.Users,
katilim.crm,Crm,OffsetLogs,OffsetPaidServicePrice,"decimal(18,2)",Evet,,Hayir,,Crm.Customers; Crm.Users,
katilim.crm,Crm,OffsetLogs,NewTotalPaid,"decimal(18,2)",Evet,,Hayir,,Crm.Customers; Crm.Users,
katilim.crm,Crm,OffsetLogs,OffsetTotalPaid,"decimal(18,2)",Evet,,Hayir,,Crm.Customers; Crm.Users,
katilim.crm,Crm,OffsetLogs,NewServicePriceReflected,"decimal(18,2)",Evet,,Hayir,,Crm.Customers; Crm.Users,
katilim.crm,Crm,OffsetLogs,BidApprovalRole,varchar(5),Evet,,Hayir,,Crm.Customers; Crm.Users,
katilim.crm,Crm,OffsetLogs,FileUid,uniqueidentifier,Evet,,Hayir,,Crm.Customers; Crm.Users,
katilim.crm,Crm,OffsetLogs,SubStatus,nvarchar(5),Evet,,Hayir,,Crm.Customers; Crm.Users,
katilim.crm,Crm,OffsetLogs,CompletedPriceDifference,"decimal(18,2)",Evet,,Hayir,,Crm.Customers; Crm.Users,
katilim.crm,Crm,OffsetLogs,OffsetContractServiceRate,"decimal(18,2)",Evet,,Hayir,,Crm.Customers; Crm.Users,
katilim.crm,Crm,OffsetLogs,NewContractServiceRate,"decimal(18,2)",Evet,,Hayir,,Crm.Customers; Crm.Users,
katilim.crm,Crm,OffsetLogs,IsContractRevisionDecrease,bit,Evet,,Hayir,,Crm.Customers; Crm.Users,
katilim.crm,Crm,OffsetProcessLogs,Uid,uniqueidentifier,Hayir,,Evet,,,
katilim.crm,Crm,OffsetProcessLogs,UpdatedAt,datetime2(7),Evet,,Hayir,,,
katilim.crm,Crm,OffsetProcessLogs,DeletedAt,datetime2(7),Evet,,Hayir,,,
katilim.crm,Crm,OffsetProcessLogs,CreatedAt,datetime2(7),Hayir,,Hayir,,,
katilim.crm,Crm,OffsetProcessLogs,CreatedBy,uniqueidentifier,Evet,,Hayir,,,
katilim.crm,Crm,OffsetProcessLogs,UpdatedBy,uniqueidentifier,Evet,,Hayir,,,
katilim.crm,Crm,OffsetProcessLogs,DeletedBy,uniqueidentifier,Evet,,Hayir,,,
katilim.crm,Crm,OffsetProcessLogs,Deleted,bit,Hayir,,Hayir,,,
katilim.crm,Crm,OffsetProcessLogs,OffsetLogUid,uniqueidentifier,Hayir,,Hayir,,,
katilim.crm,Crm,OffsetProcessLogs,Department,uniqueidentifier,Evet,,Hayir,,,
katilim.crm,Crm,OffsetProcessLogs,Description,nvarchar(500),Evet,,Hayir,,,
katilim.crm,Crm,OffsetProcessLogs,OffsetProcessType,smallint,Hayir,,Hayir,,,
katilim.crm,Crm,OnlineUsers,Uid,uniqueidentifier,Hayir,,Evet,,Crm.Users,
katilim.crm,Crm,OnlineUsers,UpdatedAt,datetime2(7),Evet,,Hayir,,Crm.Users,
katilim.crm,Crm,OnlineUsers,DeletedAt,datetime2(7),Evet,,Hayir,,Crm.Users,
katilim.crm,Crm,OnlineUsers,CreatedAt,datetime2(7),Hayir,,Hayir,,Crm.Users,
katilim.crm,Crm,OnlineUsers,CreatedBy,uniqueidentifier,Evet,,Hayir,Crm.Users.Uid,Crm.Users,
katilim.crm,Crm,OnlineUsers,UpdatedBy,uniqueidentifier,Evet,,Hayir,Crm.Users.Uid,Crm.Users,
katilim.crm,Crm,OnlineUsers,DeletedBy,uniqueidentifier,Evet,,Hayir,Crm.Users.Uid,Crm.Users,
katilim.crm,Crm,OnlineUsers,Deleted,bit,Hayir,,Hayir,,Crm.Users,
katilim.crm,Crm,OnlineUsers,UserUid,uniqueidentifier,Evet,,Hayir,,Crm.Users,
katilim.crm,Crm,OnlineUsers,Token,uniqueidentifier,Evet,,Hayir,,Crm.Users,
katilim.crm,Crm,OnlineUsers,ComputerName,nvarchar(max),Evet,,Hayir,,Crm.Users,
katilim.crm,Crm,OnlineUsers,Device,nvarchar(max),Evet,,Hayir,,Crm.Users,
katilim.crm,Crm,OnlineUsers,SysStartTime,datetime2(7),Hayir,(sysutcdatetime()),Hayir,,Crm.Users,
katilim.crm,Crm,OnlineUsers,SysEndTime,datetime2(7),Hayir,"(CONVERT([datetime2],'9999-12-31 23:59:59.9999999'))",Hayir,,Crm.Users,
katilim.crm,Crm,Opportunities,Uid,uniqueidentifier,Hayir,,Evet,,Crm.Activities; Crm.Areas; Crm.CustomerSources; Crm.Customers; Crm.Leads; Crm.Occupations; Crm.Portfolios; Crm.SmsLogs; Crm.Users,
katilim.crm,Crm,Opportunities,UpdatedAt,datetime2(7),Evet,,Hayir,,Crm.Activities; Crm.Areas; Crm.CustomerSources; Crm.Customers; Crm.Leads; Crm.Occupations; Crm.Portfolios; Crm.SmsLogs; Crm.Users,
katilim.crm,Crm,Opportunities,DeletedAt,datetime2(7),Evet,,Hayir,,Crm.Activities; Crm.Areas; Crm.CustomerSources; Crm.Customers; Crm.Leads; Crm.Occupations; Crm.Portfolios; Crm.SmsLogs; Crm.Users,
katilim.crm,Crm,Opportunities,CreatedAt,datetime2(7),Hayir,,Hayir,,Crm.Activities; Crm.Areas; Crm.CustomerSources; Crm.Customers; Crm.Leads; Crm.Occupations; Crm.Portfolios; Crm.SmsLogs; Crm.Users,
katilim.crm,Crm,Opportunities,CreatedBy,uniqueidentifier,Evet,,Hayir,Crm.Users.Uid,Crm.Activities; Crm.Areas; Crm.CustomerSources; Crm.Customers; Crm.Leads; Crm.Occupations; Crm.Portfolios; Crm.SmsLogs; Crm.Users,
katilim.crm,Crm,Opportunities,UpdatedBy,uniqueidentifier,Evet,,Hayir,Crm.Users.Uid,Crm.Activities; Crm.Areas; Crm.CustomerSources; Crm.Customers; Crm.Leads; Crm.Occupations; Crm.Portfolios; Crm.SmsLogs; Crm.Users,
katilim.crm,Crm,Opportunities,DeletedBy,uniqueidentifier,Evet,,Hayir,Crm.Users.Uid,Crm.Activities; Crm.Areas; Crm.CustomerSources; Crm.Customers; Crm.Leads; Crm.Occupations; Crm.Portfolios; Crm.SmsLogs; Crm.Users,
katilim.crm,Crm,Opportunities,Deleted,bit,Hayir,,Hayir,,Crm.Activities; Crm.Areas; Crm.CustomerSources; Crm.Customers; Crm.Leads; Crm.Occupations; Crm.Portfolios; Crm.SmsLogs; Crm.Users,
katilim.crm,Crm,Opportunities,ProductType,nvarchar(50),Evet,,Hayir,,Crm.Activities; Crm.Areas; Crm.CustomerSources; Crm.Customers; Crm.Leads; Crm.Occupations; Crm.Portfolios; Crm.SmsLogs; Crm.Users,
katilim.crm,Crm,Opportunities,CityUid,uniqueidentifier,Evet,,Hayir,Crm.Areas.Uid,Crm.Activities; Crm.Areas; Crm.CustomerSources; Crm.Customers; Crm.Leads; Crm.Occupations; Crm.Portfolios; Crm.SmsLogs; Crm.Users,
katilim.crm,Crm,Opportunities,MinProductPrice,"decimal(18,2)",Evet,,Hayir,,Crm.Activities; Crm.Areas; Crm.CustomerSources; Crm.Customers; Crm.Leads; Crm.Occupations; Crm.Portfolios; Crm.SmsLogs; Crm.Users,
katilim.crm,Crm,Opportunities,MaxProductPrice,"decimal(18,2)",Evet,,Hayir,,Crm.Activities; Crm.Areas; Crm.CustomerSources; Crm.Customers; Crm.Leads; Crm.Occupations; Crm.Portfolios; Crm.SmsLogs; Crm.Users,
katilim.crm,Crm,Opportunities,MinCashPrice,"decimal(18,2)",Evet,,Hayir,,Crm.Activities; Crm.Areas; Crm.CustomerSources; Crm.Customers; Crm.Leads; Crm.Occupations; Crm.Portfolios; Crm.SmsLogs; Crm.Users,
katilim.crm,Crm,Opportunities,MaxCashPrice,"decimal(18,2)",Evet,,Hayir,,Crm.Activities; Crm.Areas; Crm.CustomerSources; Crm.Customers; Crm.Leads; Crm.Occupations; Crm.Portfolios; Crm.SmsLogs; Crm.Users,
katilim.crm,Crm,Opportunities,MinServicePrice,"decimal(18,2)",Evet,,Hayir,,Crm.Activities; Crm.Areas; Crm.CustomerSources; Crm.Customers; Crm.Leads; Crm.Occupations; Crm.Portfolios; Crm.SmsLogs; Crm.Users,
katilim.crm,Crm,Opportunities,MaxServicePrice,"decimal(18,2)",Evet,,Hayir,,Crm.Activities; Crm.Areas; Crm.CustomerSources; Crm.Customers; Crm.Leads; Crm.Occupations; Crm.Portfolios; Crm.SmsLogs; Crm.Users,
katilim.crm,Crm,Opportunities,InComeLevelOfMonth,nvarchar(50),Evet,,Hayir,,Crm.Activities; Crm.Areas; Crm.CustomerSources; Crm.Customers; Crm.Leads; Crm.Occupations; Crm.Portfolios; Crm.SmsLogs; Crm.Users,
katilim.crm,Crm,Opportunities,MinMontlyAffordAmount,"decimal(18,2)",Evet,,Hayir,,Crm.Activities; Crm.Areas; Crm.CustomerSources; Crm.Customers; Crm.Leads; Crm.Occupations; Crm.Portfolios; Crm.SmsLogs; Crm.Users,
katilim.crm,Crm,Opportunities,MaxMontlyAffordAmount,"decimal(18,2)",Evet,,Hayir,,Crm.Activities; Crm.Areas; Crm.CustomerSources; Crm.Customers; Crm.Leads; Crm.Occupations; Crm.Portfolios; Crm.SmsLogs; Crm.Users,
katilim.crm,Crm,Opportunities,RentPriceOfMonth,"decimal(18,2)",Evet,,Hayir,,Crm.Activities; Crm.Areas; Crm.CustomerSources; Crm.Customers; Crm.Leads; Crm.Occupations; Crm.Portfolios; Crm.SmsLogs; Crm.Users,
katilim.crm,Crm,Opportunities,IsTenant,bit,Hayir,,Hayir,,Crm.Activities; Crm.Areas; Crm.CustomerSources; Crm.Customers; Crm.Leads; Crm.Occupations; Crm.Portfolios; Crm.SmsLogs; Crm.Users,
katilim.crm,Crm,Opportunities,IsInterimPayment,bit,Hayir,,Hayir,,Crm.Activities; Crm.Areas; Crm.CustomerSources; Crm.Customers; Crm.Leads; Crm.Occupations; Crm.Portfolios; Crm.SmsLogs; Crm.Users,
katilim.crm,Crm,Opportunities,IsIncreasedInstallement,bit,Hayir,,Hayir,,Crm.Activities; Crm.Areas; Crm.CustomerSources; Crm.Customers; Crm.Leads; Crm.Occupations; Crm.Portfolios; Crm.SmsLogs; Crm.Users,
katilim.crm,Crm,Opportunities,IsServicePriceInstallement,bit,Hayir,,Hayir,,Crm.Activities; Crm.Areas; Crm.CustomerSources; Crm.Customers; Crm.Leads; Crm.Occupations; Crm.Portfolios; Crm.SmsLogs; Crm.Users,
katilim.crm,Crm,Opportunities,CustomerUid,uniqueidentifier,Evet,,Hayir,Crm.Customers.Uid,Crm.Activities; Crm.Areas; Crm.CustomerSources; Crm.Customers; Crm.Leads; Crm.Occupations; Crm.Portfolios; Crm.SmsLogs; Crm.Users,
katilim.crm,Crm,Opportunities,LeadUid,uniqueidentifier,Hayir,,Hayir,Crm.Leads.Uid,Crm.Activities; Crm.Areas; Crm.CustomerSources; Crm.Customers; Crm.Leads; Crm.Occupations; Crm.Portfolios; Crm.SmsLogs; Crm.Users,
katilim.crm,Crm,Opportunities,PortfolioUid,uniqueidentifier,Hayir,,Hayir,Crm.Portfolios.Uid,Crm.Activities; Crm.Areas; Crm.CustomerSources; Crm.Customers; Crm.Leads; Crm.Occupations; Crm.Portfolios; Crm.SmsLogs; Crm.Users,
katilim.crm,Crm,Opportunities,Temperature,int,Evet,,Hayir,,Crm.Activities; Crm.Areas; Crm.CustomerSources; Crm.Customers; Crm.Leads; Crm.Occupations; Crm.Portfolios; Crm.SmsLogs; Crm.Users,
katilim.crm,Crm,Opportunities,CustomerSourceUid,uniqueidentifier,Evet,,Hayir,Crm.CustomerSources.Uid,Crm.Activities; Crm.Areas; Crm.CustomerSources; Crm.Customers; Crm.Leads; Crm.Occupations; Crm.Portfolios; Crm.SmsLogs; Crm.Users,
katilim.crm,Crm,Opportunities,CustomerUid1,uniqueidentifier,Evet,,Hayir,Crm.Customers.Uid,Crm.Activities; Crm.Areas; Crm.CustomerSources; Crm.Customers; Crm.Leads; Crm.Occupations; Crm.Portfolios; Crm.SmsLogs; Crm.Users,
katilim.crm,Crm,Opportunities,OccupationUid,uniqueidentifier,Evet,,Hayir,Crm.Occupations.Uid,Crm.Activities; Crm.Areas; Crm.CustomerSources; Crm.Customers; Crm.Leads; Crm.Occupations; Crm.Portfolios; Crm.SmsLogs; Crm.Users,
katilim.crm,Crm,Opportunities,Status,nvarchar(50),Evet,,Hayir,,Crm.Activities; Crm.Areas; Crm.CustomerSources; Crm.Customers; Crm.Leads; Crm.Occupations; Crm.Portfolios; Crm.SmsLogs; Crm.Users,
katilim.crm,Crm,OrganizationAreas,Uid,uniqueidentifier,Hayir,,Evet,,Crm.Areas; Crm.Organizations; Crm.Users,
katilim.crm,Crm,OrganizationAreas,UpdatedAt,datetime2(7),Evet,,Hayir,,Crm.Areas; Crm.Organizations; Crm.Users,
katilim.crm,Crm,OrganizationAreas,DeletedAt,datetime2(7),Evet,,Hayir,,Crm.Areas; Crm.Organizations; Crm.Users,
katilim.crm,Crm,OrganizationAreas,CreatedAt,datetime2(7),Hayir,,Hayir,,Crm.Areas; Crm.Organizations; Crm.Users,
katilim.crm,Crm,OrganizationAreas,CreatedBy,uniqueidentifier,Evet,,Hayir,Crm.Users.Uid,Crm.Areas; Crm.Organizations; Crm.Users,
katilim.crm,Crm,OrganizationAreas,UpdatedBy,uniqueidentifier,Evet,,Hayir,Crm.Users.Uid,Crm.Areas; Crm.Organizations; Crm.Users,
katilim.crm,Crm,OrganizationAreas,DeletedBy,uniqueidentifier,Evet,,Hayir,Crm.Users.Uid,Crm.Areas; Crm.Organizations; Crm.Users,
katilim.crm,Crm,OrganizationAreas,Deleted,bit,Hayir,,Hayir,,Crm.Areas; Crm.Organizations; Crm.Users,
katilim.crm,Crm,OrganizationAreas,OrganizationUid,uniqueidentifier,Hayir,,Hayir,Crm.Organizations.Uid,Crm.Areas; Crm.Organizations; Crm.Users,
katilim.crm,Crm,OrganizationAreas,AreaUid,uniqueidentifier,Hayir,,Hayir,Crm.Areas.Uid,Crm.Areas; Crm.Organizations; Crm.Users,
katilim.crm,Crm,OrganizationAreas,LastAssignment,datetime2(7),Evet,,Hayir,,Crm.Areas; Crm.Organizations; Crm.Users,
katilim.crm,Crm,OrganizationAreas,MeskenUid,uniqueidentifier,Evet,,Hayir,,Crm.Areas; Crm.Organizations; Crm.Users,
katilim.crm,Crm,OrganizationHistories,Uid,uniqueidentifier,Hayir,,Evet,,Crm.Organizations; Crm.Users,
katilim.crm,Crm,OrganizationHistories,UpdatedAt,datetime2(7),Evet,,Hayir,,Crm.Organizations; Crm.Users,
katilim.crm,Crm,OrganizationHistories,UpdatedBy,uniqueidentifier,Evet,,Hayir,Crm.Users.Uid,Crm.Organizations; Crm.Users,
katilim.crm,Crm,OrganizationHistories,CreatedAt,datetime2(7),Hayir,,Hayir,,Crm.Organizations; Crm.Users,
katilim.crm,Crm,OrganizationHistories,CreatedBy,uniqueidentifier,Evet,,Hayir,Crm.Users.Uid,Crm.Organizations; Crm.Users,
katilim.crm,Crm,OrganizationHistories,Deleted,bit,Hayir,,Hayir,,Crm.Organizations; Crm.Users,
katilim.crm,Crm,OrganizationHistories,DeletedAt,datetime2(7),Evet,,Hayir,,Crm.Organizations; Crm.Users,
katilim.crm,Crm,OrganizationHistories,DeletedBy,uniqueidentifier,Evet,,Hayir,Crm.Users.Uid,Crm.Organizations; Crm.Users,
katilim.crm,Crm,OrganizationHistories,OrganizationUid,uniqueidentifier,Hayir,,Hayir,Crm.Organizations.Uid,Crm.Organizations; Crm.Users,
katilim.crm,Crm,OrganizationHistories,ParentUid,uniqueidentifier,Evet,,Hayir,Crm.Organizations.Uid,Crm.Organizations; Crm.Users,
katilim.crm,Crm,OrganizationHistories,StartDate,datetime2(7),Hayir,,Hayir,,Crm.Organizations; Crm.Users,
katilim.crm,Crm,OrganizationHistories,EndDate,datetime2(7),Evet,,Hayir,,Crm.Organizations; Crm.Users,
katilim.crm,Crm,OrganizationMonthlyTargets,Uid,uniqueidentifier,Hayir,,Evet,,Crm.Organizations; Crm.Users,
katilim.crm,Crm,OrganizationMonthlyTargets,UpdatedAt,datetime2(7),Evet,,Hayir,,Crm.Organizations; Crm.Users,
katilim.crm,Crm,OrganizationMonthlyTargets,DeletedAt,datetime2(7),Evet,,Hayir,,Crm.Organizations; Crm.Users,
katilim.crm,Crm,OrganizationMonthlyTargets,CreatedAt,datetime2(7),Hayir,,Hayir,,Crm.Organizations; Crm.Users,
katilim.crm,Crm,OrganizationMonthlyTargets,CreatedBy,uniqueidentifier,Evet,,Hayir,Crm.Users.Uid,Crm.Organizations; Crm.Users,
katilim.crm,Crm,OrganizationMonthlyTargets,UpdatedBy,uniqueidentifier,Evet,,Hayir,Crm.Users.Uid,Crm.Organizations; Crm.Users,
katilim.crm,Crm,OrganizationMonthlyTargets,DeletedBy,uniqueidentifier,Evet,,Hayir,Crm.Users.Uid,Crm.Organizations; Crm.Users,
katilim.crm,Crm,OrganizationMonthlyTargets,Deleted,bit,Hayir,,Hayir,,Crm.Organizations; Crm.Users,
katilim.crm,Crm,OrganizationMonthlyTargets,Period,datetime,Hayir,,Hayir,,Crm.Organizations; Crm.Users,
katilim.crm,Crm,OrganizationMonthlyTargets,OrganizationUid,uniqueidentifier,Hayir,,Hayir,Crm.Organizations.Uid,Crm.Organizations; Crm.Users,
katilim.crm,Crm,OrganizationMonthlyTargets,Target,bigint,Hayir,,Hayir,,Crm.Organizations; Crm.Users,
katilim.crm,Crm,Organizations,Uid,uniqueidentifier,Hayir,,Evet,,Crm.AppointmentAssignments; Crm.Areas; Crm.BankDetails; Crm.CampaignBranches; Crm.Costs; Crm.Customers; Crm.DeliveryEmployees; Crm.Draws; Crm.Firms; Crm.IssueHistories; Crm.Issues; Crm.LeadForms; Crm.OrganizationAreas; Crm.OrganizationHistories; Crm.OrganizationMonthlyTargets; Crm.Organizations; Crm.Portfolios; Crm.PosPayments; Crm.Premiums; Crm.Reps; Crm.RiskTrackings; Crm.Tickets; Crm.UnauthorizedProcessLogs; Crm.UserHistories; Crm.UserResponsibleBranches; Crm.Users,
katilim.crm,Crm,Organizations,UpdatedAt,datetime2(7),Evet,,Hayir,,Crm.AppointmentAssignments; Crm.Areas; Crm.BankDetails; Crm.CampaignBranches; Crm.Costs; Crm.Customers; Crm.DeliveryEmployees; Crm.Draws; Crm.Firms; Crm.IssueHistories; Crm.Issues; Crm.LeadForms; Crm.OrganizationAreas; Crm.OrganizationHistories; Crm.OrganizationMonthlyTargets; Crm.Organizations; Crm.Portfolios; Crm.PosPayments; Crm.Premiums; Crm.Reps; Crm.RiskTrackings; Crm.Tickets; Crm.UnauthorizedProcessLogs; Crm.UserHistories; Crm.UserResponsibleBranches; Crm.Users,
katilim.crm,Crm,Organizations,DeletedAt,datetime2(7),Evet,,Hayir,,Crm.AppointmentAssignments; Crm.Areas; Crm.BankDetails; Crm.CampaignBranches; Crm.Costs; Crm.Customers; Crm.DeliveryEmployees; Crm.Draws; Crm.Firms; Crm.IssueHistories; Crm.Issues; Crm.LeadForms; Crm.OrganizationAreas; Crm.OrganizationHistories; Crm.OrganizationMonthlyTargets; Crm.Organizations; Crm.Portfolios; Crm.PosPayments; Crm.Premiums; Crm.Reps; Crm.RiskTrackings; Crm.Tickets; Crm.UnauthorizedProcessLogs; Crm.UserHistories; Crm.UserResponsibleBranches; Crm.Users,
katilim.crm,Crm,Organizations,CreatedAt,datetime2(7),Hayir,,Hayir,,Crm.AppointmentAssignments; Crm.Areas; Crm.BankDetails; Crm.CampaignBranches; Crm.Costs; Crm.Customers; Crm.DeliveryEmployees; Crm.Draws; Crm.Firms; Crm.IssueHistories; Crm.Issues; Crm.LeadForms; Crm.OrganizationAreas; Crm.OrganizationHistories; Crm.OrganizationMonthlyTargets; Crm.Organizations; Crm.Portfolios; Crm.PosPayments; Crm.Premiums; Crm.Reps; Crm.RiskTrackings; Crm.Tickets; Crm.UnauthorizedProcessLogs; Crm.UserHistories; Crm.UserResponsibleBranches; Crm.Users,
katilim.crm,Crm,Organizations,CreatedBy,uniqueidentifier,Evet,,Hayir,Crm.Users.Uid,Crm.AppointmentAssignments; Crm.Areas; Crm.BankDetails; Crm.CampaignBranches; Crm.Costs; Crm.Customers; Crm.DeliveryEmployees; Crm.Draws; Crm.Firms; Crm.IssueHistories; Crm.Issues; Crm.LeadForms; Crm.OrganizationAreas; Crm.OrganizationHistories; Crm.OrganizationMonthlyTargets; Crm.Organizations; Crm.Portfolios; Crm.PosPayments; Crm.Premiums; Crm.Reps; Crm.RiskTrackings; Crm.Tickets; Crm.UnauthorizedProcessLogs; Crm.UserHistories; Crm.UserResponsibleBranches; Crm.Users,
katilim.crm,Crm,Organizations,UpdatedBy,uniqueidentifier,Evet,,Hayir,Crm.Users.Uid,Crm.AppointmentAssignments; Crm.Areas; Crm.BankDetails; Crm.CampaignBranches; Crm.Costs; Crm.Customers; Crm.DeliveryEmployees; Crm.Draws; Crm.Firms; Crm.IssueHistories; Crm.Issues; Crm.LeadForms; Crm.OrganizationAreas; Crm.OrganizationHistories; Crm.OrganizationMonthlyTargets; Crm.Organizations; Crm.Portfolios; Crm.PosPayments; Crm.Premiums; Crm.Reps; Crm.RiskTrackings; Crm.Tickets; Crm.UnauthorizedProcessLogs; Crm.UserHistories; Crm.UserResponsibleBranches; Crm.Users,
katilim.crm,Crm,Organizations,DeletedBy,uniqueidentifier,Evet,,Hayir,Crm.Users.Uid,Crm.AppointmentAssignments; Crm.Areas; Crm.BankDetails; Crm.CampaignBranches; Crm.Costs; Crm.Customers; Crm.DeliveryEmployees; Crm.Draws; Crm.Firms; Crm.IssueHistories; Crm.Issues; Crm.LeadForms; Crm.OrganizationAreas; Crm.OrganizationHistories; Crm.OrganizationMonthlyTargets; Crm.Organizations; Crm.Portfolios; Crm.PosPayments; Crm.Premiums; Crm.Reps; Crm.RiskTrackings; Crm.Tickets; Crm.UnauthorizedProcessLogs; Crm.UserHistories; Crm.UserResponsibleBranches; Crm.Users,
katilim.crm,Crm,Organizations,Deleted,bit,Hayir,,Hayir,,Crm.AppointmentAssignments; Crm.Areas; Crm.BankDetails; Crm.CampaignBranches; Crm.Costs; Crm.Customers; Crm.DeliveryEmployees; Crm.Draws; Crm.Firms; Crm.IssueHistories; Crm.Issues; Crm.LeadForms; Crm.OrganizationAreas; Crm.OrganizationHistories; Crm.OrganizationMonthlyTargets; Crm.Organizations; Crm.Portfolios; Crm.PosPayments; Crm.Premiums; Crm.Reps; Crm.RiskTrackings; Crm.Tickets; Crm.UnauthorizedProcessLogs; Crm.UserHistories; Crm.UserResponsibleBranches; Crm.Users,
katilim.crm,Crm,Organizations,Name,nvarchar(100),Evet,,Hayir,,Crm.AppointmentAssignments; Crm.Areas; Crm.BankDetails; Crm.CampaignBranches; Crm.Costs; Crm.Customers; Crm.DeliveryEmployees; Crm.Draws; Crm.Firms; Crm.IssueHistories; Crm.Issues; Crm.LeadForms; Crm.OrganizationAreas; Crm.OrganizationHistories; Crm.OrganizationMonthlyTargets; Crm.Organizations; Crm.Portfolios; Crm.PosPayments; Crm.Premiums; Crm.Reps; Crm.RiskTrackings; Crm.Tickets; Crm.UnauthorizedProcessLogs; Crm.UserHistories; Crm.UserResponsibleBranches; Crm.Users,
katilim.crm,Crm,Organizations,ParentUid,uniqueidentifier,Evet,,Hayir,Crm.Organizations.Uid,Crm.AppointmentAssignments; Crm.Areas; Crm.BankDetails; Crm.CampaignBranches; Crm.Costs; Crm.Customers; Crm.DeliveryEmployees; Crm.Draws; Crm.Firms; Crm.IssueHistories; Crm.Issues; Crm.LeadForms; Crm.OrganizationAreas; Crm.OrganizationHistories; Crm.OrganizationMonthlyTargets; Crm.Organizations; Crm.Portfolios; Crm.PosPayments; Crm.Premiums; Crm.Reps; Crm.RiskTrackings; Crm.Tickets; Crm.UnauthorizedProcessLogs; Crm.UserHistories; Crm.UserResponsibleBranches; Crm.Users,
katilim.crm,Crm,Organizations,FirmUid,uniqueidentifier,Evet,,Hayir,Crm.Firms.Uid,Crm.AppointmentAssignments; Crm.Areas; Crm.BankDetails; Crm.CampaignBranches; Crm.Costs; Crm.Customers; Crm.DeliveryEmployees; Crm.Draws; Crm.Firms; Crm.IssueHistories; Crm.Issues; Crm.LeadForms; Crm.OrganizationAreas; Crm.OrganizationHistories; Crm.OrganizationMonthlyTargets; Crm.Organizations; Crm.Portfolios; Crm.PosPayments; Crm.Premiums; Crm.Reps; Crm.RiskTrackings; Crm.Tickets; Crm.UnauthorizedProcessLogs; Crm.UserHistories; Crm.UserResponsibleBranches; Crm.Users,
katilim.crm,Crm,Organizations,Type,nvarchar(100),Evet,,Hayir,,Crm.AppointmentAssignments; Crm.Areas; Crm.BankDetails; Crm.CampaignBranches; Crm.Costs; Crm.Customers; Crm.DeliveryEmployees; Crm.Draws; Crm.Firms; Crm.IssueHistories; Crm.Issues; Crm.LeadForms; Crm.OrganizationAreas; Crm.OrganizationHistories; Crm.OrganizationMonthlyTargets; Crm.Organizations; Crm.Portfolios; Crm.PosPayments; Crm.Premiums; Crm.Reps; Crm.RiskTrackings; Crm.Tickets; Crm.UnauthorizedProcessLogs; Crm.UserHistories; Crm.UserResponsibleBranches; Crm.Users,
katilim.crm,Crm,Organizations,CountryUid,uniqueidentifier,Evet,,Hayir,Crm.Areas.Uid,Crm.AppointmentAssignments; Crm.Areas; Crm.BankDetails; Crm.CampaignBranches; Crm.Costs; Crm.Customers; Crm.DeliveryEmployees; Crm.Draws; Crm.Firms; Crm.IssueHistories; Crm.Issues; Crm.LeadForms; Crm.OrganizationAreas; Crm.OrganizationHistories; Crm.OrganizationMonthlyTargets; Crm.Organizations; Crm.Portfolios; Crm.PosPayments; Crm.Premiums; Crm.Reps; Crm.RiskTrackings; Crm.Tickets; Crm.UnauthorizedProcessLogs; Crm.UserHistories; Crm.UserResponsibleBranches; Crm.Users,
katilim.crm,Crm,Organizations,CityUid,uniqueidentifier,Evet,,Hayir,Crm.Areas.Uid,Crm.AppointmentAssignments; Crm.Areas; Crm.BankDetails; Crm.CampaignBranches; Crm.Costs; Crm.Customers; Crm.DeliveryEmployees; Crm.Draws; Crm.Firms; Crm.IssueHistories; Crm.Issues; Crm.LeadForms; Crm.OrganizationAreas; Crm.OrganizationHistories; Crm.OrganizationMonthlyTargets; Crm.Organizations; Crm.Portfolios; Crm.PosPayments; Crm.Premiums; Crm.Reps; Crm.RiskTrackings; Crm.Tickets; Crm.UnauthorizedProcessLogs; Crm.UserHistories; Crm.UserResponsibleBranches; Crm.Users,
katilim.crm,Crm,Organizations,TownUid,uniqueidentifier,Evet,,Hayir,Crm.Areas.Uid,Crm.AppointmentAssignments; Crm.Areas; Crm.BankDetails; Crm.CampaignBranches; Crm.Costs; Crm.Customers; Crm.DeliveryEmployees; Crm.Draws; Crm.Firms; Crm.IssueHistories; Crm.Issues; Crm.LeadForms; Crm.OrganizationAreas; Crm.OrganizationHistories; Crm.OrganizationMonthlyTargets; Crm.Organizations; Crm.Portfolios; Crm.PosPayments; Crm.Premiums; Crm.Reps; Crm.RiskTrackings; Crm.Tickets; Crm.UnauthorizedProcessLogs; Crm.UserHistories; Crm.UserResponsibleBranches; Crm.Users,
katilim.crm,Crm,Organizations,HomeTownUid,uniqueidentifier,Evet,,Hayir,Crm.Areas.Uid,Crm.AppointmentAssignments; Crm.Areas; Crm.BankDetails; Crm.CampaignBranches; Crm.Costs; Crm.Customers; Crm.DeliveryEmployees; Crm.Draws; Crm.Firms; Crm.IssueHistories; Crm.Issues; Crm.LeadForms; Crm.OrganizationAreas; Crm.OrganizationHistories; Crm.OrganizationMonthlyTargets; Crm.Organizations; Crm.Portfolios; Crm.PosPayments; Crm.Premiums; Crm.Reps; Crm.RiskTrackings; Crm.Tickets; Crm.UnauthorizedProcessLogs; Crm.UserHistories; Crm.UserResponsibleBranches; Crm.Users,
katilim.crm,Crm,Organizations,Address,nvarchar(4000),Evet,,Hayir,,Crm.AppointmentAssignments; Crm.Areas; Crm.BankDetails; Crm.CampaignBranches; Crm.Costs; Crm.Customers; Crm.DeliveryEmployees; Crm.Draws; Crm.Firms; Crm.IssueHistories; Crm.Issues; Crm.LeadForms; Crm.OrganizationAreas; Crm.OrganizationHistories; Crm.OrganizationMonthlyTargets; Crm.Organizations; Crm.Portfolios; Crm.PosPayments; Crm.Premiums; Crm.Reps; Crm.RiskTrackings; Crm.Tickets; Crm.UnauthorizedProcessLogs; Crm.UserHistories; Crm.UserResponsibleBranches; Crm.Users,
katilim.crm,Crm,Organizations,MuhasebeCode,nvarchar(100),Evet,,Hayir,,Crm.AppointmentAssignments; Crm.Areas; Crm.BankDetails; Crm.CampaignBranches; Crm.Costs; Crm.Customers; Crm.DeliveryEmployees; Crm.Draws; Crm.Firms; Crm.IssueHistories; Crm.Issues; Crm.LeadForms; Crm.OrganizationAreas; Crm.OrganizationHistories; Crm.OrganizationMonthlyTargets; Crm.Organizations; Crm.Portfolios; Crm.PosPayments; Crm.Premiums; Crm.Reps; Crm.RiskTrackings; Crm.Tickets; Crm.UnauthorizedProcessLogs; Crm.UserHistories; Crm.UserResponsibleBranches; Crm.Users,
katilim.crm,Crm,Organizations,Key,nvarchar(50),Evet,,Hayir,,Crm.AppointmentAssignments; Crm.Areas; Crm.BankDetails; Crm.CampaignBranches; Crm.Costs; Crm.Customers; Crm.DeliveryEmployees; Crm.Draws; Crm.Firms; Crm.IssueHistories; Crm.Issues; Crm.LeadForms; Crm.OrganizationAreas; Crm.OrganizationHistories; Crm.OrganizationMonthlyTargets; Crm.Organizations; Crm.Portfolios; Crm.PosPayments; Crm.Premiums; Crm.Reps; Crm.RiskTrackings; Crm.Tickets; Crm.UnauthorizedProcessLogs; Crm.UserHistories; Crm.UserResponsibleBranches; Crm.Users,
katilim.crm,Crm,Organizations,AddressDescription,nvarchar(4000),Evet,,Hayir,,Crm.AppointmentAssignments; Crm.Areas; Crm.BankDetails; Crm.CampaignBranches; Crm.Costs; Crm.Customers; Crm.DeliveryEmployees; Crm.Draws; Crm.Firms; Crm.IssueHistories; Crm.Issues; Crm.LeadForms; Crm.OrganizationAreas; Crm.OrganizationHistories; Crm.OrganizationMonthlyTargets; Crm.Organizations; Crm.Portfolios; Crm.PosPayments; Crm.Premiums; Crm.Reps; Crm.RiskTrackings; Crm.Tickets; Crm.UnauthorizedProcessLogs; Crm.UserHistories; Crm.UserResponsibleBranches; Crm.Users,
katilim.crm,Crm,Organizations,MapLink,nvarchar(200),Evet,,Hayir,,Crm.AppointmentAssignments; Crm.Areas; Crm.BankDetails; Crm.CampaignBranches; Crm.Costs; Crm.Customers; Crm.DeliveryEmployees; Crm.Draws; Crm.Firms; Crm.IssueHistories; Crm.Issues; Crm.LeadForms; Crm.OrganizationAreas; Crm.OrganizationHistories; Crm.OrganizationMonthlyTargets; Crm.Organizations; Crm.Portfolios; Crm.PosPayments; Crm.Premiums; Crm.Reps; Crm.RiskTrackings; Crm.Tickets; Crm.UnauthorizedProcessLogs; Crm.UserHistories; Crm.UserResponsibleBranches; Crm.Users,
katilim.crm,Crm,Organizations,PhotoLink,nvarchar(200),Evet,,Hayir,,Crm.AppointmentAssignments; Crm.Areas; Crm.BankDetails; Crm.CampaignBranches; Crm.Costs; Crm.Customers; Crm.DeliveryEmployees; Crm.Draws; Crm.Firms; Crm.IssueHistories; Crm.Issues; Crm.LeadForms; Crm.OrganizationAreas; Crm.OrganizationHistories; Crm.OrganizationMonthlyTargets; Crm.Organizations; Crm.Portfolios; Crm.PosPayments; Crm.Premiums; Crm.Reps; Crm.RiskTrackings; Crm.Tickets; Crm.UnauthorizedProcessLogs; Crm.UserHistories; Crm.UserResponsibleBranches; Crm.Users,
katilim.crm,Crm,Organizations,CostCode,nvarchar(100),Evet,,Hayir,,Crm.AppointmentAssignments; Crm.Areas; Crm.BankDetails; Crm.CampaignBranches; Crm.Costs; Crm.Customers; Crm.DeliveryEmployees; Crm.Draws; Crm.Firms; Crm.IssueHistories; Crm.Issues; Crm.LeadForms; Crm.OrganizationAreas; Crm.OrganizationHistories; Crm.OrganizationMonthlyTargets; Crm.Organizations; Crm.Portfolios; Crm.PosPayments; Crm.Premiums; Crm.Reps; Crm.RiskTrackings; Crm.Tickets; Crm.UnauthorizedProcessLogs; Crm.UserHistories; Crm.UserResponsibleBranches; Crm.Users,
katilim.crm,Crm,Organizations,LeadCount,int,Hayir,((0)),Hayir,,Crm.AppointmentAssignments; Crm.Areas; Crm.BankDetails; Crm.CampaignBranches; Crm.Costs; Crm.Customers; Crm.DeliveryEmployees; Crm.Draws; Crm.Firms; Crm.IssueHistories; Crm.Issues; Crm.LeadForms; Crm.OrganizationAreas; Crm.OrganizationHistories; Crm.OrganizationMonthlyTargets; Crm.Organizations; Crm.Portfolios; Crm.PosPayments; Crm.Premiums; Crm.Reps; Crm.RiskTrackings; Crm.Tickets; Crm.UnauthorizedProcessLogs; Crm.UserHistories; Crm.UserResponsibleBranches; Crm.Users,
katilim.crm,Crm,Organizations,OldLeadCount,int,Hayir,((0)),Hayir,,Crm.AppointmentAssignments; Crm.Areas; Crm.BankDetails; Crm.CampaignBranches; Crm.Costs; Crm.Customers; Crm.DeliveryEmployees; Crm.Draws; Crm.Firms; Crm.IssueHistories; Crm.Issues; Crm.LeadForms; Crm.OrganizationAreas; Crm.OrganizationHistories; Crm.OrganizationMonthlyTargets; Crm.Organizations; Crm.Portfolios; Crm.PosPayments; Crm.Premiums; Crm.Reps; Crm.RiskTrackings; Crm.Tickets; Crm.UnauthorizedProcessLogs; Crm.UserHistories; Crm.UserResponsibleBranches; Crm.Users,
katilim.crm,Crm,Organizations,BranchCategoryUid,uniqueidentifier,Evet,,Hayir,,Crm.AppointmentAssignments; Crm.Areas; Crm.BankDetails; Crm.CampaignBranches; Crm.Costs; Crm.Customers; Crm.DeliveryEmployees; Crm.Draws; Crm.Firms; Crm.IssueHistories; Crm.Issues; Crm.LeadForms; Crm.OrganizationAreas; Crm.OrganizationHistories; Crm.OrganizationMonthlyTargets; Crm.Organizations; Crm.Portfolios; Crm.PosPayments; Crm.Premiums; Crm.Reps; Crm.RiskTrackings; Crm.Tickets; Crm.UnauthorizedProcessLogs; Crm.UserHistories; Crm.UserResponsibleBranches; Crm.Users,
katilim.crm,Crm,Organizations,Phone,nvarchar(50),Evet,,Hayir,,Crm.AppointmentAssignments; Crm.Areas; Crm.BankDetails; Crm.CampaignBranches; Crm.Costs; Crm.Customers; Crm.DeliveryEmployees; Crm.Draws; Crm.Firms; Crm.IssueHistories; Crm.Issues; Crm.LeadForms; Crm.OrganizationAreas; Crm.OrganizationHistories; Crm.OrganizationMonthlyTargets; Crm.Organizations; Crm.Portfolios; Crm.PosPayments; Crm.Premiums; Crm.Reps; Crm.RiskTrackings; Crm.Tickets; Crm.UnauthorizedProcessLogs; Crm.UserHistories; Crm.UserResponsibleBranches; Crm.Users,
katilim.crm,Crm,Organizations,Text,nvarchar(4000),Evet,,Hayir,,Crm.AppointmentAssignments; Crm.Areas; Crm.BankDetails; Crm.CampaignBranches; Crm.Costs; Crm.Customers; Crm.DeliveryEmployees; Crm.Draws; Crm.Firms; Crm.IssueHistories; Crm.Issues; Crm.LeadForms; Crm.OrganizationAreas; Crm.OrganizationHistories; Crm.OrganizationMonthlyTargets; Crm.Organizations; Crm.Portfolios; Crm.PosPayments; Crm.Premiums; Crm.Reps; Crm.RiskTrackings; Crm.Tickets; Crm.UnauthorizedProcessLogs; Crm.UserHistories; Crm.UserResponsibleBranches; Crm.Users,
katilim.crm,Crm,Organizations,ManagerUid,uniqueidentifier,Evet,,Hayir,Crm.Users.Uid,Crm.AppointmentAssignments; Crm.Areas; Crm.BankDetails; Crm.CampaignBranches; Crm.Costs; Crm.Customers; Crm.DeliveryEmployees; Crm.Draws; Crm.Firms; Crm.IssueHistories; Crm.Issues; Crm.LeadForms; Crm.OrganizationAreas; Crm.OrganizationHistories; Crm.OrganizationMonthlyTargets; Crm.Organizations; Crm.Portfolios; Crm.PosPayments; Crm.Premiums; Crm.Reps; Crm.RiskTrackings; Crm.Tickets; Crm.UnauthorizedProcessLogs; Crm.UserHistories; Crm.UserResponsibleBranches; Crm.Users,
katilim.crm,Crm,Organizations,BankCode,nvarchar(50),Evet,,Hayir,,Crm.AppointmentAssignments; Crm.Areas; Crm.BankDetails; Crm.CampaignBranches; Crm.Costs; Crm.Customers; Crm.DeliveryEmployees; Crm.Draws; Crm.Firms; Crm.IssueHistories; Crm.Issues; Crm.LeadForms; Crm.OrganizationAreas; Crm.OrganizationHistories; Crm.OrganizationMonthlyTargets; Crm.Organizations; Crm.Portfolios; Crm.PosPayments; Crm.Premiums; Crm.Reps; Crm.RiskTrackings; Crm.Tickets; Crm.UnauthorizedProcessLogs; Crm.UserHistories; Crm.UserResponsibleBranches; Crm.Users,
katilim.crm,Crm,Organizations,Gl_Code349,nvarchar(50),Evet,,Hayir,,Crm.AppointmentAssignments; Crm.Areas; Crm.BankDetails; Crm.CampaignBranches; Crm.Costs; Crm.Customers; Crm.DeliveryEmployees; Crm.Draws; Crm.Firms; Crm.IssueHistories; Crm.Issues; Crm.LeadForms; Crm.OrganizationAreas; Crm.OrganizationHistories; Crm.OrganizationMonthlyTargets; Crm.Organizations; Crm.Portfolios; Crm.PosPayments; Crm.Premiums; Crm.Reps; Crm.RiskTrackings; Crm.Tickets; Crm.UnauthorizedProcessLogs; Crm.UserHistories; Crm.UserResponsibleBranches; Crm.Users,
katilim.crm,Crm,Organizations,Gl_Code136,nvarchar(50),Evet,,Hayir,,Crm.AppointmentAssignments; Crm.Areas; Crm.BankDetails; Crm.CampaignBranches; Crm.Costs; Crm.Customers; Crm.DeliveryEmployees; Crm.Draws; Crm.Firms; Crm.IssueHistories; Crm.Issues; Crm.LeadForms; Crm.OrganizationAreas; Crm.OrganizationHistories; Crm.OrganizationMonthlyTargets; Crm.Organizations; Crm.Portfolios; Crm.PosPayments; Crm.Premiums; Crm.Reps; Crm.RiskTrackings; Crm.Tickets; Crm.UnauthorizedProcessLogs; Crm.UserHistories; Crm.UserResponsibleBranches; Crm.Users,
katilim.crm,Crm,Organizations,NameForLogo,varchar(50),Evet,,Hayir,,Crm.AppointmentAssignments; Crm.Areas; Crm.BankDetails; Crm.CampaignBranches; Crm.Costs; Crm.Customers; Crm.DeliveryEmployees; Crm.Draws; Crm.Firms; Crm.IssueHistories; Crm.Issues; Crm.LeadForms; Crm.OrganizationAreas; Crm.OrganizationHistories; Crm.OrganizationMonthlyTargets; Crm.Organizations; Crm.Portfolios; Crm.PosPayments; Crm.Premiums; Crm.Reps; Crm.RiskTrackings; Crm.Tickets; Crm.UnauthorizedProcessLogs; Crm.UserHistories; Crm.UserResponsibleBranches; Crm.Users,
katilim.crm,Crm,Organizations,CostCodeForLogo,varchar(4),Evet,,Hayir,,Crm.AppointmentAssignments; Crm.Areas; Crm.BankDetails; Crm.CampaignBranches; Crm.Costs; Crm.Customers; Crm.DeliveryEmployees; Crm.Draws; Crm.Firms; Crm.IssueHistories; Crm.Issues; Crm.LeadForms; Crm.OrganizationAreas; Crm.OrganizationHistories; Crm.OrganizationMonthlyTargets; Crm.Organizations; Crm.Portfolios; Crm.PosPayments; Crm.Premiums; Crm.Reps; Crm.RiskTrackings; Crm.Tickets; Crm.UnauthorizedProcessLogs; Crm.UserHistories; Crm.UserResponsibleBranches; Crm.Users,
katilim.crm,Crm,Organizations,MeskenUid,uniqueidentifier,Evet,,Hayir,,Crm.AppointmentAssignments; Crm.Areas; Crm.BankDetails; Crm.CampaignBranches; Crm.Costs; Crm.Customers; Crm.DeliveryEmployees; Crm.Draws; Crm.Firms; Crm.IssueHistories; Crm.Issues; Crm.LeadForms; Crm.OrganizationAreas; Crm.OrganizationHistories; Crm.OrganizationMonthlyTargets; Crm.Organizations; Crm.Portfolios; Crm.PosPayments; Crm.Premiums; Crm.Reps; Crm.RiskTrackings; Crm.Tickets; Crm.UnauthorizedProcessLogs; Crm.UserHistories; Crm.UserResponsibleBranches; Crm.Users,
katilim.crm,Crm,Organizations,IsPassive,bit,Evet,,Hayir,,Crm.AppointmentAssignments; Crm.Areas; Crm.BankDetails; Crm.CampaignBranches; Crm.Costs; Crm.Customers; Crm.DeliveryEmployees; Crm.Draws; Crm.Firms; Crm.IssueHistories; Crm.Issues; Crm.LeadForms; Crm.OrganizationAreas; Crm.OrganizationHistories; Crm.OrganizationMonthlyTargets; Crm.Organizations; Crm.Portfolios; Crm.PosPayments; Crm.Premiums; Crm.Reps; Crm.RiskTrackings; Crm.Tickets; Crm.UnauthorizedProcessLogs; Crm.UserHistories; Crm.UserResponsibleBranches; Crm.Users,
katilim.crm,Crm,Organizations,MonthlyBudgetAmount,"decimal(18,2)",Evet,,Hayir,,Crm.AppointmentAssignments; Crm.Areas; Crm.BankDetails; Crm.CampaignBranches; Crm.Costs; Crm.Customers; Crm.DeliveryEmployees; Crm.Draws; Crm.Firms; Crm.IssueHistories; Crm.Issues; Crm.LeadForms; Crm.OrganizationAreas; Crm.OrganizationHistories; Crm.OrganizationMonthlyTargets; Crm.Organizations; Crm.Portfolios; Crm.PosPayments; Crm.Premiums; Crm.Reps; Crm.RiskTrackings; Crm.Tickets; Crm.UnauthorizedProcessLogs; Crm.UserHistories; Crm.UserResponsibleBranches; Crm.Users,
katilim.crm,Crm,Organizations,ADOrganizationalUnit,varchar(200),Evet,,Hayir,,Crm.AppointmentAssignments; Crm.Areas; Crm.BankDetails; Crm.CampaignBranches; Crm.Costs; Crm.Customers; Crm.DeliveryEmployees; Crm.Draws; Crm.Firms; Crm.IssueHistories; Crm.Issues; Crm.LeadForms; Crm.OrganizationAreas; Crm.OrganizationHistories; Crm.OrganizationMonthlyTargets; Crm.Organizations; Crm.Portfolios; Crm.PosPayments; Crm.Premiums; Crm.Reps; Crm.RiskTrackings; Crm.Tickets; Crm.UnauthorizedProcessLogs; Crm.UserHistories; Crm.UserResponsibleBranches; Crm.Users,
katilim.crm,Crm,Organizations,EnabledLdap,bit,Hayir,((0)),Hayir,,Crm.AppointmentAssignments; Crm.Areas; Crm.BankDetails; Crm.CampaignBranches; Crm.Costs; Crm.Customers; Crm.DeliveryEmployees; Crm.Draws; Crm.Firms; Crm.IssueHistories; Crm.Issues; Crm.LeadForms; Crm.OrganizationAreas; Crm.OrganizationHistories; Crm.OrganizationMonthlyTargets; Crm.Organizations; Crm.Portfolios; Crm.PosPayments; Crm.Premiums; Crm.Reps; Crm.RiskTrackings; Crm.Tickets; Crm.UnauthorizedProcessLogs; Crm.UserHistories; Crm.UserResponsibleBranches; Crm.Users,
katilim.crm,Crm,Organizations,EnabledKEPLastVersion,bit,Hayir,((0)),Hayir,,Crm.AppointmentAssignments; Crm.Areas; Crm.BankDetails; Crm.CampaignBranches; Crm.Costs; Crm.Customers; Crm.DeliveryEmployees; Crm.Draws; Crm.Firms; Crm.IssueHistories; Crm.Issues; Crm.LeadForms; Crm.OrganizationAreas; Crm.OrganizationHistories; Crm.OrganizationMonthlyTargets; Crm.Organizations; Crm.Portfolios; Crm.PosPayments; Crm.Premiums; Crm.Reps; Crm.RiskTrackings; Crm.Tickets; Crm.UnauthorizedProcessLogs; Crm.UserHistories; Crm.UserResponsibleBranches; Crm.Users,
katilim.crm,Crm,Organizations,BranchID,int,Evet,,Hayir,,Crm.AppointmentAssignments; Crm.Areas; Crm.BankDetails; Crm.CampaignBranches; Crm.Costs; Crm.Customers; Crm.DeliveryEmployees; Crm.Draws; Crm.Firms; Crm.IssueHistories; Crm.Issues; Crm.LeadForms; Crm.OrganizationAreas; Crm.OrganizationHistories; Crm.OrganizationMonthlyTargets; Crm.Organizations; Crm.Portfolios; Crm.PosPayments; Crm.Premiums; Crm.Reps; Crm.RiskTrackings; Crm.Tickets; Crm.UnauthorizedProcessLogs; Crm.UserHistories; Crm.UserResponsibleBranches; Crm.Users,
katilim.crm,Crm,Organizations,AppleMapsLink,nvarchar(200),Evet,,Hayir,,Crm.AppointmentAssignments; Crm.Areas; Crm.BankDetails; Crm.CampaignBranches; Crm.Costs; Crm.Customers; Crm.DeliveryEmployees; Crm.Draws; Crm.Firms; Crm.IssueHistories; Crm.Issues; Crm.LeadForms; Crm.OrganizationAreas; Crm.OrganizationHistories; Crm.OrganizationMonthlyTargets; Crm.Organizations; Crm.Portfolios; Crm.PosPayments; Crm.Premiums; Crm.Reps; Crm.RiskTrackings; Crm.Tickets; Crm.UnauthorizedProcessLogs; Crm.UserHistories; Crm.UserResponsibleBranches; Crm.Users,
katilim.crm,Crm,Organizations,IsUsedForFeedback,bit,Evet,,Hayir,,Crm.AppointmentAssignments; Crm.Areas; Crm.BankDetails; Crm.CampaignBranches; Crm.Costs; Crm.Customers; Crm.DeliveryEmployees; Crm.Draws; Crm.Firms; Crm.IssueHistories; Crm.Issues; Crm.LeadForms; Crm.OrganizationAreas; Crm.OrganizationHistories; Crm.OrganizationMonthlyTargets; Crm.Organizations; Crm.Portfolios; Crm.PosPayments; Crm.Premiums; Crm.Reps; Crm.RiskTrackings; Crm.Tickets; Crm.UnauthorizedProcessLogs; Crm.UserHistories; Crm.UserResponsibleBranches; Crm.Users,
katilim.crm,Crm,Organizations,Email,nvarchar(50),Evet,,Hayir,,Crm.AppointmentAssignments; Crm.Areas; Crm.BankDetails; Crm.CampaignBranches; Crm.Costs; Crm.Customers; Crm.DeliveryEmployees; Crm.Draws; Crm.Firms; Crm.IssueHistories; Crm.Issues; Crm.LeadForms; Crm.OrganizationAreas; Crm.OrganizationHistories; Crm.OrganizationMonthlyTargets; Crm.Organizations; Crm.Portfolios; Crm.PosPayments; Crm.Premiums; Crm.Reps; Crm.RiskTrackings; Crm.Tickets; Crm.UnauthorizedProcessLogs; Crm.UserHistories; Crm.UserResponsibleBranches; Crm.Users,
katilim.crm,Crm,Performances,Uid,uniqueidentifier,Hayir,,Evet,,Crm.Users,
katilim.crm,Crm,Performances,UpdatedAt,datetime2(7),Evet,,Hayir,,Crm.Users,
katilim.crm,Crm,Performances,DeletedAt,datetime2(7),Evet,,Hayir,,Crm.Users,
katilim.crm,Crm,Performances,CreatedAt,datetime2(7),Hayir,,Hayir,,Crm.Users,
katilim.crm,Crm,Performances,CreatedBy,uniqueidentifier,Evet,,Hayir,Crm.Users.Uid,Crm.Users,
katilim.crm,Crm,Performances,UpdatedBy,uniqueidentifier,Evet,,Hayir,Crm.Users.Uid,Crm.Users,
katilim.crm,Crm,Performances,DeletedBy,uniqueidentifier,Evet,,Hayir,Crm.Users.Uid,Crm.Users,
katilim.crm,Crm,Performances,Deleted,bit,Hayir,,Hayir,,Crm.Users,
katilim.crm,Crm,Performances,UserUid,uniqueidentifier,Hayir,,Hayir,Crm.Users.Uid,Crm.Users,
katilim.crm,Crm,Performances,PerformanceDate,datetime2(7),Hayir,,Hayir,,Crm.Users,
katilim.crm,Crm,Performances,Point,int,Hayir,,Hayir,,Crm.Users,
katilim.crm,Crm,Performances,PhonePoint,int,Hayir,,Hayir,,Crm.Users,
katilim.crm,Crm,Performances,AppointmentCount,int,Hayir,,Hayir,,Crm.Users,
katilim.crm,Crm,Performances,AppointmentPoint,int,Hayir,,Hayir,,Crm.Users,
katilim.crm,Crm,Performances,OutAppointmentCount,int,Hayir,,Hayir,,Crm.Users,
katilim.crm,Crm,Performances,OutAppointmentPoint,int,Hayir,,Hayir,,Crm.Users,
katilim.crm,Crm,Performances,ContractCount,int,Hayir,,Hayir,,Crm.Users,
katilim.crm,Crm,Performances,ContractPoint,int,Hayir,,Hayir,,Crm.Users,
katilim.crm,Crm,Performances,PhoneCount,int,Hayir,,Hayir,,Crm.Users,
katilim.crm,Crm,PerformancesTemp,UserUid,uniqueidentifier,Hayir,,Hayir,,,
katilim.crm,Crm,PerformancesTemp,PerformanceDate,datetime2(7),Hayir,,Hayir,,,
katilim.crm,Crm,PerformancesTemp,Point,int,Hayir,,Hayir,,,
katilim.crm,Crm,PerformancesTemp,PhonePoint,int,Hayir,,Hayir,,,
katilim.crm,Crm,PerformancesTemp,AppointmentCount,int,Hayir,,Hayir,,,
katilim.crm,Crm,PerformancesTemp,AppointmentPoint,int,Hayir,,Hayir,,,
katilim.crm,Crm,PerformancesTemp,OutAppointmentCount,int,Hayir,,Hayir,,,
katilim.crm,Crm,PerformancesTemp,OutAppointmentPoint,int,Hayir,,Hayir,,,
katilim.crm,Crm,PerformancesTemp,ContractCount,int,Hayir,,Hayir,,,
katilim.crm,Crm,PerformancesTemp,ContractPoint,int,Hayir,,Hayir,,,
katilim.crm,Crm,PerformancesTemp,PhoneCount,int,Hayir,,Hayir,,,
katilim.crm,Crm,PlannedPeriodicDeliveryAmounts,Uid,uniqueidentifier,Hayir,,Evet,,Crm.Users,
katilim.crm,Crm,PlannedPeriodicDeliveryAmounts,UpdatedAt,datetime2(7),Evet,,Hayir,,Crm.Users,
katilim.crm,Crm,PlannedPeriodicDeliveryAmounts,DeletedAt,datetime2(7),Evet,,Hayir,,Crm.Users,
katilim.crm,Crm,PlannedPeriodicDeliveryAmounts,CreatedAt,datetime2(7),Hayir,,Hayir,,Crm.Users,
katilim.crm,Crm,PlannedPeriodicDeliveryAmounts,CreatedBy,uniqueidentifier,Evet,,Hayir,Crm.Users.Uid,Crm.Users,
katilim.crm,Crm,PlannedPeriodicDeliveryAmounts,UpdatedBy,uniqueidentifier,Evet,,Hayir,Crm.Users.Uid,Crm.Users,
katilim.crm,Crm,PlannedPeriodicDeliveryAmounts,DeletedBy,uniqueidentifier,Evet,,Hayir,Crm.Users.Uid,Crm.Users,
katilim.crm,Crm,PlannedPeriodicDeliveryAmounts,Deleted,bit,Hayir,,Hayir,,Crm.Users,
katilim.crm,Crm,PlannedPeriodicDeliveryAmounts,Month,int,Evet,,Hayir,,Crm.Users,
katilim.crm,Crm,PlannedPeriodicDeliveryAmounts,Year,int,Evet,,Hayir,,Crm.Users,
katilim.crm,Crm,PlannedPeriodicDeliveryAmounts,PlannedAmount,"decimal(18,2)",Evet,,Hayir,,Crm.Users,
katilim.crm,Crm,PlannedPeriodicDeliveryAmounts,RealizedAmount,"decimal(18,2)",Evet,,Hayir,,Crm.Users,
katilim.crm,Crm,Portfolios,Uid,uniqueidentifier,Hayir,,Evet,,Crm.Customers; Crm.Opportunities; Crm.Organizations; Crm.Reps; Crm.UserHistories; Crm.UserPortfolios; Crm.Users,
katilim.crm,Crm,Portfolios,UpdatedAt,datetime2(7),Evet,,Hayir,,Crm.Customers; Crm.Opportunities; Crm.Organizations; Crm.Reps; Crm.UserHistories; Crm.UserPortfolios; Crm.Users,
katilim.crm,Crm,Portfolios,DeletedAt,datetime2(7),Evet,,Hayir,,Crm.Customers; Crm.Opportunities; Crm.Organizations; Crm.Reps; Crm.UserHistories; Crm.UserPortfolios; Crm.Users,
katilim.crm,Crm,Portfolios,CreatedAt,datetime2(7),Hayir,,Hayir,,Crm.Customers; Crm.Opportunities; Crm.Organizations; Crm.Reps; Crm.UserHistories; Crm.UserPortfolios; Crm.Users,
katilim.crm,Crm,Portfolios,CreatedByUserUid,uniqueidentifier,Evet,,Hayir,Crm.Users.Uid,Crm.Customers; Crm.Opportunities; Crm.Organizations; Crm.Reps; Crm.UserHistories; Crm.UserPortfolios; Crm.Users,
katilim.crm,Crm,Portfolios,CreatedBy,uniqueidentifier,Evet,,Hayir,,Crm.Customers; Crm.Opportunities; Crm.Organizations; Crm.Reps; Crm.UserHistories; Crm.UserPortfolios; Crm.Users,
katilim.crm,Crm,Portfolios,UpdatedByUserUid,uniqueidentifier,Evet,,Hayir,Crm.Users.Uid,Crm.Customers; Crm.Opportunities; Crm.Organizations; Crm.Reps; Crm.UserHistories; Crm.UserPortfolios; Crm.Users,
katilim.crm,Crm,Portfolios,UpdatedBy,uniqueidentifier,Evet,,Hayir,,Crm.Customers; Crm.Opportunities; Crm.Organizations; Crm.Reps; Crm.UserHistories; Crm.UserPortfolios; Crm.Users,
katilim.crm,Crm,Portfolios,DeletedByUserUid,uniqueidentifier,Evet,,Hayir,Crm.Users.Uid,Crm.Customers; Crm.Opportunities; Crm.Organizations; Crm.Reps; Crm.UserHistories; Crm.UserPortfolios; Crm.Users,
katilim.crm,Crm,Portfolios,DeletedBy,uniqueidentifier,Evet,,Hayir,,Crm.Customers; Crm.Opportunities; Crm.Organizations; Crm.Reps; Crm.UserHistories; Crm.UserPortfolios; Crm.Users,
katilim.crm,Crm,Portfolios,Deleted,bit,Hayir,,Hayir,,Crm.Customers; Crm.Opportunities; Crm.Organizations; Crm.Reps; Crm.UserHistories; Crm.UserPortfolios; Crm.Users,
katilim.crm,Crm,Portfolios,Name,nvarchar(100),Evet,,Hayir,,Crm.Customers; Crm.Opportunities; Crm.Organizations; Crm.Reps; Crm.UserHistories; Crm.UserPortfolios; Crm.Users,
katilim.crm,Crm,Portfolios,OrganizationUid,uniqueidentifier,Hayir,,Hayir,Crm.Organizations.Uid,Crm.Customers; Crm.Opportunities; Crm.Organizations; Crm.Reps; Crm.UserHistories; Crm.UserPortfolios; Crm.Users,
katilim.crm,Crm,Portfolios,Code,nvarchar(100),Evet,,Hayir,,Crm.Customers; Crm.Opportunities; Crm.Organizations; Crm.Reps; Crm.UserHistories; Crm.UserPortfolios; Crm.Users,
katilim.crm,Crm,Portfolios,LastAssignDate,datetime2(7),Hayir,,Hayir,,Crm.Customers; Crm.Opportunities; Crm.Organizations; Crm.Reps; Crm.UserHistories; Crm.UserPortfolios; Crm.Users,
katilim.crm,Crm,Portfolios,IsActive,bit,Evet,((1)),Hayir,,Crm.Customers; Crm.Opportunities; Crm.Organizations; Crm.Reps; Crm.UserHistories; Crm.UserPortfolios; Crm.Users,
katilim.crm,Crm,Portfolios,LastAssignBranchDate,datetime2(7),Evet,,Hayir,,Crm.Customers; Crm.Opportunities; Crm.Organizations; Crm.Reps; Crm.UserHistories; Crm.UserPortfolios; Crm.Users,
katilim.crm,Crm,Portfolios,LastAppointmentAssignDate,datetime2(7),Evet,,Hayir,,Crm.Customers; Crm.Opportunities; Crm.Organizations; Crm.Reps; Crm.UserHistories; Crm.UserPortfolios; Crm.Users,
katilim.crm,Crm,Portfolios,Type,varchar(50),Evet,,Hayir,,Crm.Customers; Crm.Opportunities; Crm.Organizations; Crm.Reps; Crm.UserHistories; Crm.UserPortfolios; Crm.Users,
katilim.crm,Crm,Portfolios,MeskenUid,uniqueidentifier,Evet,,Hayir,,Crm.Customers; Crm.Opportunities; Crm.Organizations; Crm.Reps; Crm.UserHistories; Crm.UserPortfolios; Crm.Users,
katilim.crm,Crm,PosPayments,Uid,uniqueidentifier,Hayir,,Evet,,Crm.Contracts; Crm.Organizations; Crm.Users,
katilim.crm,Crm,PosPayments,UpdatedAt,datetime2(7),Evet,,Hayir,,Crm.Contracts; Crm.Organizations; Crm.Users,
katilim.crm,Crm,PosPayments,DeletedAt,datetime2(7),Evet,,Hayir,,Crm.Contracts; Crm.Organizations; Crm.Users,
katilim.crm,Crm,PosPayments,CreatedAt,datetime2(7),Hayir,,Hayir,,Crm.Contracts; Crm.Organizations; Crm.Users,
katilim.crm,Crm,PosPayments,CreatedBy,uniqueidentifier,Evet,,Hayir,Crm.Users.Uid,Crm.Contracts; Crm.Organizations; Crm.Users,
katilim.crm,Crm,PosPayments,UpdatedBy,uniqueidentifier,Evet,,Hayir,Crm.Users.Uid,Crm.Contracts; Crm.Organizations; Crm.Users,
katilim.crm,Crm,PosPayments,DeletedBy,uniqueidentifier,Evet,,Hayir,Crm.Users.Uid,Crm.Contracts; Crm.Organizations; Crm.Users,
katilim.crm,Crm,PosPayments,Deleted,bit,Hayir,,Hayir,,Crm.Contracts; Crm.Organizations; Crm.Users,
katilim.crm,Crm,PosPayments,ContractUid,uniqueidentifier,Hayir,,Hayir,Crm.Contracts.Uid,Crm.Contracts; Crm.Organizations; Crm.Users,
katilim.crm,Crm,PosPayments,Amount,"decimal(18,2)",Hayir,,Hayir,,Crm.Contracts; Crm.Organizations; Crm.Users,
katilim.crm,Crm,PosPayments,LineNo,int,Hayir,,Hayir,,Crm.Contracts; Crm.Organizations; Crm.Users,
katilim.crm,Crm,PosPayments,OrganizationUid,uniqueidentifier,Hayir,,Hayir,Crm.Organizations.Uid,Crm.Contracts; Crm.Organizations; Crm.Users,
katilim.crm,Crm,PosPayments,BankUid,uniqueidentifier,Hayir,,Hayir,,Crm.Contracts; Crm.Organizations; Crm.Users,
katilim.crm,Crm,PosPayments,IsTransferred,bit,Hayir,,Hayir,,Crm.Contracts; Crm.Organizations; Crm.Users,
katilim.crm,Crm,PosPayments,TransferDate,datetime2(7),Evet,,Hayir,,Crm.Contracts; Crm.Organizations; Crm.Users,
katilim.crm,Crm,PostVirmanQueues,Uid,uniqueidentifier,Hayir,,Evet,,Crm.Users,
katilim.crm,Crm,PostVirmanQueues,UpdatedAt,datetime2(7),Evet,,Hayir,,Crm.Users,
katilim.crm,Crm,PostVirmanQueues,DeletedAt,datetime2(7),Evet,,Hayir,,Crm.Users,
katilim.crm,Crm,PostVirmanQueues,CreatedAt,datetime2(7),Hayir,,Hayir,,Crm.Users,
katilim.crm,Crm,PostVirmanQueues,CreatedBy,uniqueidentifier,Evet,,Hayir,Crm.Users.Uid,Crm.Users,
katilim.crm,Crm,PostVirmanQueues,UpdatedBy,uniqueidentifier,Evet,,Hayir,Crm.Users.Uid,Crm.Users,
katilim.crm,Crm,PostVirmanQueues,DeletedBy,uniqueidentifier,Evet,,Hayir,Crm.Users.Uid,Crm.Users,
katilim.crm,Crm,PostVirmanQueues,Deleted,bit,Hayir,,Hayir,,Crm.Users,
katilim.crm,Crm,PostVirmanQueues,OldContractUid,uniqueidentifier,Hayir,,Hayir,,Crm.Users,
katilim.crm,Crm,PostVirmanQueues,OldCustomerUid,uniqueidentifier,Hayir,,Hayir,,Crm.Users,
katilim.crm,Crm,PostVirmanQueues,OldCustomerNo,nvarchar(450),Hayir,,Hayir,,Crm.Users,
katilim.crm,Crm,PostVirmanQueues,NewContractUid,uniqueidentifier,Hayir,,Hayir,,Crm.Users,
katilim.crm,Crm,PostVirmanQueues,NewCustomerUid,uniqueidentifier,Hayir,,Hayir,,Crm.Users,
katilim.crm,Crm,PostVirmanQueues,NewCustomerNo,nvarchar(450),Hayir,,Hayir,,Crm.Users,
katilim.crm,Crm,PostVirmanQueues,OldProductPrice,"decimal(18,2)",Hayir,,Hayir,,Crm.Users,
katilim.crm,Crm,PostVirmanQueues,NewProductPrice,"decimal(18,2)",Hayir,,Hayir,,Crm.Users,
katilim.crm,Crm,PostVirmanQueues,OldServicePrice,"decimal(18,2)",Hayir,,Hayir,,Crm.Users,
katilim.crm,Crm,PostVirmanQueues,NewServicePrice,"decimal(18,2)",Hayir,,Hayir,,Crm.Users,
katilim.crm,Crm,PostVirmanQueues,OldContractCreatedDate,datetime2(7),Hayir,,Hayir,,Crm.Users,
katilim.crm,Crm,PostVirmanQueues,NewContractCreatedDate,datetime2(7),Hayir,,Hayir,,Crm.Users,
katilim.crm,Crm,PostVirmanQueues,LogoProcessDate,datetime2(7),Evet,,Hayir,,Crm.Users,
katilim.crm,Crm,PostVirmanQueues,Type,nvarchar(10),Evet,,Hayir,,Crm.Users,
katilim.crm,Crm,PostVirmanQueues,TotalPaid,"decimal(18,2)",Hayir,,Hayir,,Crm.Users,
katilim.crm,Crm,PostVirmanQueues,RepPaymentPaid,"decimal(18,2)",Hayir,,Hayir,,Crm.Users,
katilim.crm,Crm,PostVirmanQueues,JsonContent,nvarchar(max),Evet,,Hayir,,Crm.Users,
katilim.crm,Crm,PostVirmanQueues,Status,smallint,Hayir,,Hayir,,Crm.Users,
katilim.crm,Crm,PostVirmanQueues,Message,nvarchar(400),Evet,,Hayir,,Crm.Users,
katilim.crm,Crm,PremiumBranchRates,Uid,uniqueidentifier,Hayir,,Evet,,Crm.BranchCategories; Crm.Users,
katilim.crm,Crm,PremiumBranchRates,UpdatedAt,datetime2(7),Evet,,Hayir,,Crm.BranchCategories; Crm.Users,
katilim.crm,Crm,PremiumBranchRates,DeletedAt,datetime2(7),Evet,,Hayir,,Crm.BranchCategories; Crm.Users,
katilim.crm,Crm,PremiumBranchRates,CreatedAt,datetime2(7),Hayir,,Hayir,,Crm.BranchCategories; Crm.Users,
katilim.crm,Crm,PremiumBranchRates,CreatedBy,uniqueidentifier,Evet,,Hayir,Crm.Users.Uid,Crm.BranchCategories; Crm.Users,
katilim.crm,Crm,PremiumBranchRates,UpdatedBy,uniqueidentifier,Evet,,Hayir,Crm.Users.Uid,Crm.BranchCategories; Crm.Users,
katilim.crm,Crm,PremiumBranchRates,DeletedBy,uniqueidentifier,Evet,,Hayir,Crm.Users.Uid,Crm.BranchCategories; Crm.Users,
katilim.crm,Crm,PremiumBranchRates,Deleted,bit,Hayir,,Hayir,,Crm.BranchCategories; Crm.Users,
katilim.crm,Crm,PremiumBranchRates,BranchCategoryUid,uniqueidentifier,Hayir,,Hayir,Crm.BranchCategories.Uid,Crm.BranchCategories; Crm.Users,
katilim.crm,Crm,PremiumBranchRates,Count,int,Hayir,,Hayir,,Crm.BranchCategories; Crm.Users,
katilim.crm,Crm,PremiumBranchRates,Target,"decimal(18,2)",Hayir,,Hayir,,Crm.BranchCategories; Crm.Users,
katilim.crm,Crm,PremiumBranchRates,Rate,"decimal(18,2)",Hayir,,Hayir,,Crm.BranchCategories; Crm.Users,
katilim.crm,Crm,PremiumBranchRates,ATarget,"decimal(18,2)",Hayir,,Hayir,,Crm.BranchCategories; Crm.Users,
katilim.crm,Crm,PremiumBranchRates,ARate,"decimal(18,2)",Hayir,((0)),Hayir,,Crm.BranchCategories; Crm.Users,
katilim.crm,Crm,PremiumBranchRates,SalesmanRate,"decimal(18,2)",Hayir,((0)),Hayir,,Crm.BranchCategories; Crm.Users,
katilim.crm,Crm,PremiumContracts,Uid,uniqueidentifier,Hayir,,Evet,,Crm.Contracts; Crm.PremiumItems; Crm.PremiumTimings; Crm.Premiums; Crm.Users,
katilim.crm,Crm,PremiumContracts,UpdatedAt,datetime2(7),Evet,,Hayir,,Crm.Contracts; Crm.PremiumItems; Crm.PremiumTimings; Crm.Premiums; Crm.Users,
katilim.crm,Crm,PremiumContracts,DeletedAt,datetime2(7),Evet,,Hayir,,Crm.Contracts; Crm.PremiumItems; Crm.PremiumTimings; Crm.Premiums; Crm.Users,
katilim.crm,Crm,PremiumContracts,CreatedAt,datetime2(7),Hayir,,Hayir,,Crm.Contracts; Crm.PremiumItems; Crm.PremiumTimings; Crm.Premiums; Crm.Users,
katilim.crm,Crm,PremiumContracts,CreatedBy,uniqueidentifier,Evet,,Hayir,Crm.Users.Uid,Crm.Contracts; Crm.PremiumItems; Crm.PremiumTimings; Crm.Premiums; Crm.Users,
katilim.crm,Crm,PremiumContracts,UpdatedBy,uniqueidentifier,Evet,,Hayir,Crm.Users.Uid,Crm.Contracts; Crm.PremiumItems; Crm.PremiumTimings; Crm.Premiums; Crm.Users,
katilim.crm,Crm,PremiumContracts,DeletedBy,uniqueidentifier,Evet,,Hayir,Crm.Users.Uid,Crm.Contracts; Crm.PremiumItems; Crm.PremiumTimings; Crm.Premiums; Crm.Users,
katilim.crm,Crm,PremiumContracts,Deleted,bit,Hayir,,Hayir,,Crm.Contracts; Crm.PremiumItems; Crm.PremiumTimings; Crm.Premiums; Crm.Users,
katilim.crm,Crm,PremiumContracts,ContractUid,uniqueidentifier,Hayir,,Hayir,Crm.Contracts.Uid,Crm.Contracts; Crm.PremiumItems; Crm.PremiumTimings; Crm.Premiums; Crm.Users,
katilim.crm,Crm,PremiumContracts,PremiumUid,uniqueidentifier,Evet,,Hayir,Crm.Premiums.Uid,Crm.Contracts; Crm.PremiumItems; Crm.PremiumTimings; Crm.Premiums; Crm.Users,
katilim.crm,Crm,PremiumContracts,PremiumTimingUid,uniqueidentifier,Evet,,Hayir,Crm.PremiumTimings.Uid,Crm.Contracts; Crm.PremiumItems; Crm.PremiumTimings; Crm.Premiums; Crm.Users,
katilim.crm,Crm,PremiumContracts,Price,"decimal(18,2)",Hayir,,Hayir,,Crm.Contracts; Crm.PremiumItems; Crm.PremiumTimings; Crm.Premiums; Crm.Users,
katilim.crm,Crm,PremiumContracts,FirstMultiplier,"decimal(18,2)",Hayir,,Hayir,,Crm.Contracts; Crm.PremiumItems; Crm.PremiumTimings; Crm.Premiums; Crm.Users,
katilim.crm,Crm,PremiumContracts,Factor,"decimal(18,2)",Hayir,,Hayir,,Crm.Contracts; Crm.PremiumItems; Crm.PremiumTimings; Crm.Premiums; Crm.Users,
katilim.crm,Crm,PremiumContracts,Bonus,"decimal(18,2)",Hayir,,Hayir,,Crm.Contracts; Crm.PremiumItems; Crm.PremiumTimings; Crm.Premiums; Crm.Users,
katilim.crm,Crm,PremiumContracts,Performance,"decimal(18,2)",Hayir,,Hayir,,Crm.Contracts; Crm.PremiumItems; Crm.PremiumTimings; Crm.Premiums; Crm.Users,
katilim.crm,Crm,PremiumContracts,DownPayment,"decimal(18,2)",Hayir,,Hayir,,Crm.Contracts; Crm.PremiumItems; Crm.PremiumTimings; Crm.Premiums; Crm.Users,
katilim.crm,Crm,PremiumContracts,PaymentInDays,"decimal(18,2)",Hayir,,Hayir,,Crm.Contracts; Crm.PremiumItems; Crm.PremiumTimings; Crm.Premiums; Crm.Users,
katilim.crm,Crm,PremiumContracts,PrimiumPrice,"decimal(18,2)",Hayir,,Hayir,,Crm.Contracts; Crm.PremiumItems; Crm.PremiumTimings; Crm.Premiums; Crm.Users,
katilim.crm,Crm,PremiumContracts,BranchPrice,"decimal(18,2)",Hayir,,Hayir,,Crm.Contracts; Crm.PremiumItems; Crm.PremiumTimings; Crm.Premiums; Crm.Users,
katilim.crm,Crm,PremiumContracts,IsInstallment,bit,Hayir,,Hayir,,Crm.Contracts; Crm.PremiumItems; Crm.PremiumTimings; Crm.Premiums; Crm.Users,
katilim.crm,Crm,PremiumContracts,Type,nvarchar(50),Evet,,Hayir,,Crm.Contracts; Crm.PremiumItems; Crm.PremiumTimings; Crm.Premiums; Crm.Users,
katilim.crm,Crm,PremiumItems,Uid,uniqueidentifier,Hayir,,Evet,,Crm.Installments; Crm.PremiumContracts; Crm.Premiums; Crm.Users,
katilim.crm,Crm,PremiumItems,UpdatedAt,datetime2(7),Evet,,Hayir,,Crm.Installments; Crm.PremiumContracts; Crm.Premiums; Crm.Users,
katilim.crm,Crm,PremiumItems,DeletedAt,datetime2(7),Evet,,Hayir,,Crm.Installments; Crm.PremiumContracts; Crm.Premiums; Crm.Users,
katilim.crm,Crm,PremiumItems,CreatedAt,datetime2(7),Hayir,,Hayir,,Crm.Installments; Crm.PremiumContracts; Crm.Premiums; Crm.Users,
katilim.crm,Crm,PremiumItems,CreatedBy,uniqueidentifier,Evet,,Hayir,Crm.Users.Uid,Crm.Installments; Crm.PremiumContracts; Crm.Premiums; Crm.Users,
katilim.crm,Crm,PremiumItems,UpdatedBy,uniqueidentifier,Evet,,Hayir,Crm.Users.Uid,Crm.Installments; Crm.PremiumContracts; Crm.Premiums; Crm.Users,
katilim.crm,Crm,PremiumItems,DeletedBy,uniqueidentifier,Evet,,Hayir,Crm.Users.Uid,Crm.Installments; Crm.PremiumContracts; Crm.Premiums; Crm.Users,
katilim.crm,Crm,PremiumItems,Deleted,bit,Hayir,,Hayir,,Crm.Installments; Crm.PremiumContracts; Crm.Premiums; Crm.Users,
katilim.crm,Crm,PremiumItems,PremiumUid,uniqueidentifier,Evet,,Hayir,Crm.Premiums.Uid,Crm.Installments; Crm.PremiumContracts; Crm.Premiums; Crm.Users,
katilim.crm,Crm,PremiumItems,PremiumContractUid,uniqueidentifier,Hayir,,Hayir,Crm.PremiumContracts.Uid,Crm.Installments; Crm.PremiumContracts; Crm.Premiums; Crm.Users,
katilim.crm,Crm,PremiumItems,InstallmentUid,uniqueidentifier,Hayir,,Hayir,Crm.Installments.Uid,Crm.Installments; Crm.PremiumContracts; Crm.Premiums; Crm.Users,
katilim.crm,Crm,PremiumItems,Price,"decimal(18,2)",Hayir,,Hayir,,Crm.Installments; Crm.PremiumContracts; Crm.Premiums; Crm.Users,
katilim.crm,Crm,PremiumItems,InstallmentCount,int,Hayir,,Hayir,,Crm.Installments; Crm.PremiumContracts; Crm.Premiums; Crm.Users,
katilim.crm,Crm,PremiumItems,Type,int,Hayir,,Hayir,,Crm.Installments; Crm.PremiumContracts; Crm.Premiums; Crm.Users,
katilim.crm,Crm,PremiumItems,PrimiumPrice,"decimal(18,2)",Hayir,((0)),Hayir,,Crm.Installments; Crm.PremiumContracts; Crm.Premiums; Crm.Users,
katilim.crm,Crm,PremiumItems,Bonus,"decimal(18,2)",Hayir,((0)),Hayir,,Crm.Installments; Crm.PremiumContracts; Crm.Premiums; Crm.Users,
katilim.crm,Crm,PremiumItems,BranchPrice,"decimal(18,2)",Hayir,((0)),Hayir,,Crm.Installments; Crm.PremiumContracts; Crm.Premiums; Crm.Users,
katilim.crm,Crm,PremiumItems,PerformancePrice,"decimal(18,2)",Hayir,((0)),Hayir,,Crm.Installments; Crm.PremiumContracts; Crm.Premiums; Crm.Users,
katilim.crm,Crm,PremiumItems,OwnerUid,uniqueidentifier,Hayir,,Hayir,Crm.Users.Uid,Crm.Installments; Crm.PremiumContracts; Crm.Premiums; Crm.Users,
katilim.crm,Crm,Premiums,Uid,uniqueidentifier,Hayir,,Evet,,Crm.BranchCategories; Crm.Organizations; Crm.PremiumContracts; Crm.PremiumItems; Crm.PremiumTimingGroups; Crm.PremiumUserTypeRates; Crm.Roles; Crm.Users,
katilim.crm,Crm,Premiums,UpdatedAt,datetime2(7),Evet,,Hayir,,Crm.BranchCategories; Crm.Organizations; Crm.PremiumContracts; Crm.PremiumItems; Crm.PremiumTimingGroups; Crm.PremiumUserTypeRates; Crm.Roles; Crm.Users,
katilim.crm,Crm,Premiums,DeletedAt,datetime2(7),Evet,,Hayir,,Crm.BranchCategories; Crm.Organizations; Crm.PremiumContracts; Crm.PremiumItems; Crm.PremiumTimingGroups; Crm.PremiumUserTypeRates; Crm.Roles; Crm.Users,
katilim.crm,Crm,Premiums,CreatedAt,datetime2(7),Hayir,,Hayir,,Crm.BranchCategories; Crm.Organizations; Crm.PremiumContracts; Crm.PremiumItems; Crm.PremiumTimingGroups; Crm.PremiumUserTypeRates; Crm.Roles; Crm.Users,
katilim.crm,Crm,Premiums,CreatedBy,uniqueidentifier,Evet,,Hayir,Crm.Users.Uid,Crm.BranchCategories; Crm.Organizations; Crm.PremiumContracts; Crm.PremiumItems; Crm.PremiumTimingGroups; Crm.PremiumUserTypeRates; Crm.Roles; Crm.Users,
katilim.crm,Crm,Premiums,UpdatedBy,uniqueidentifier,Evet,,Hayir,Crm.Users.Uid,Crm.BranchCategories; Crm.Organizations; Crm.PremiumContracts; Crm.PremiumItems; Crm.PremiumTimingGroups; Crm.PremiumUserTypeRates; Crm.Roles; Crm.Users,
katilim.crm,Crm,Premiums,DeletedBy,uniqueidentifier,Evet,,Hayir,Crm.Users.Uid,Crm.BranchCategories; Crm.Organizations; Crm.PremiumContracts; Crm.PremiumItems; Crm.PremiumTimingGroups; Crm.PremiumUserTypeRates; Crm.Roles; Crm.Users,
katilim.crm,Crm,Premiums,Deleted,bit,Hayir,,Hayir,,Crm.BranchCategories; Crm.Organizations; Crm.PremiumContracts; Crm.PremiumItems; Crm.PremiumTimingGroups; Crm.PremiumUserTypeRates; Crm.Roles; Crm.Users,
katilim.crm,Crm,Premiums,OwnerUid,uniqueidentifier,Hayir,,Hayir,Crm.Users.Uid,Crm.BranchCategories; Crm.Organizations; Crm.PremiumContracts; Crm.PremiumItems; Crm.PremiumTimingGroups; Crm.PremiumUserTypeRates; Crm.Roles; Crm.Users,
katilim.crm,Crm,Premiums,Month,int,Hayir,,Hayir,,Crm.BranchCategories; Crm.Organizations; Crm.PremiumContracts; Crm.PremiumItems; Crm.PremiumTimingGroups; Crm.PremiumUserTypeRates; Crm.Roles; Crm.Users,
katilim.crm,Crm,Premiums,Year,int,Hayir,,Hayir,,Crm.BranchCategories; Crm.Organizations; Crm.PremiumContracts; Crm.PremiumItems; Crm.PremiumTimingGroups; Crm.PremiumUserTypeRates; Crm.Roles; Crm.Users,
katilim.crm,Crm,Premiums,BranchCategoryUid,uniqueidentifier,Hayir,,Hayir,Crm.BranchCategories.Uid,Crm.BranchCategories; Crm.Organizations; Crm.PremiumContracts; Crm.PremiumItems; Crm.PremiumTimingGroups; Crm.PremiumUserTypeRates; Crm.Roles; Crm.Users,
katilim.crm,Crm,Premiums,RoleUid,uniqueidentifier,Hayir,,Hayir,Crm.Roles.Uid,Crm.BranchCategories; Crm.Organizations; Crm.PremiumContracts; Crm.PremiumItems; Crm.PremiumTimingGroups; Crm.PremiumUserTypeRates; Crm.Roles; Crm.Users,
katilim.crm,Crm,Premiums,OrganizationUid,uniqueidentifier,Hayir,,Hayir,Crm.Organizations.Uid,Crm.BranchCategories; Crm.Organizations; Crm.PremiumContracts; Crm.PremiumItems; Crm.PremiumTimingGroups; Crm.PremiumUserTypeRates; Crm.Roles; Crm.Users,
katilim.crm,Crm,Premiums,CurrentPrice,"decimal(18,2)",Hayir,,Hayir,,Crm.BranchCategories; Crm.Organizations; Crm.PremiumContracts; Crm.PremiumItems; Crm.PremiumTimingGroups; Crm.PremiumUserTypeRates; Crm.Roles; Crm.Users,
katilim.crm,Crm,Premiums,IsPaid,bit,Hayir,,Hayir,,Crm.BranchCategories; Crm.Organizations; Crm.PremiumContracts; Crm.PremiumItems; Crm.PremiumTimingGroups; Crm.PremiumUserTypeRates; Crm.Roles; Crm.Users,
katilim.crm,Crm,Premiums,Rates,nvarchar(4000),Evet,,Hayir,,Crm.BranchCategories; Crm.Organizations; Crm.PremiumContracts; Crm.PremiumItems; Crm.PremiumTimingGroups; Crm.PremiumUserTypeRates; Crm.Roles; Crm.Users,
katilim.crm,Crm,Premiums,PremiumTimingGroupUid,uniqueidentifier,Hayir,,Hayir,Crm.PremiumTimingGroups.Uid,Crm.BranchCategories; Crm.Organizations; Crm.PremiumContracts; Crm.PremiumItems; Crm.PremiumTimingGroups; Crm.PremiumUserTypeRates; Crm.Roles; Crm.Users,
katilim.crm,Crm,Premiums,PaidDate,datetime2(7),Evet,,Hayir,,Crm.BranchCategories; Crm.Organizations; Crm.PremiumContracts; Crm.PremiumItems; Crm.PremiumTimingGroups; Crm.PremiumUserTypeRates; Crm.Roles; Crm.Users,
katilim.crm,Crm,Premiums,PremiumUserTypeRateUid,uniqueidentifier,Evet,,Hayir,Crm.PremiumUserTypeRates.Uid,Crm.BranchCategories; Crm.Organizations; Crm.PremiumContracts; Crm.PremiumItems; Crm.PremiumTimingGroups; Crm.PremiumUserTypeRates; Crm.Roles; Crm.Users,
katilim.crm,Crm,Premiums,TotalPremium,"decimal(18,2)",Evet,,Hayir,,Crm.BranchCategories; Crm.Organizations; Crm.PremiumContracts; Crm.PremiumItems; Crm.PremiumTimingGroups; Crm.PremiumUserTypeRates; Crm.Roles; Crm.Users,
katilim.crm,Crm,PremiumTimingGroups,Uid,uniqueidentifier,Hayir,,Evet,,Crm.PremiumTimings; Crm.Premiums; Crm.Users,
katilim.crm,Crm,PremiumTimingGroups,UpdatedAt,datetime2(7),Evet,,Hayir,,Crm.PremiumTimings; Crm.Premiums; Crm.Users,
katilim.crm,Crm,PremiumTimingGroups,DeletedAt,datetime2(7),Evet,,Hayir,,Crm.PremiumTimings; Crm.Premiums; Crm.Users,
katilim.crm,Crm,PremiumTimingGroups,CreatedAt,datetime2(7),Hayir,,Hayir,,Crm.PremiumTimings; Crm.Premiums; Crm.Users,
katilim.crm,Crm,PremiumTimingGroups,CreatedBy,uniqueidentifier,Evet,,Hayir,Crm.Users.Uid,Crm.PremiumTimings; Crm.Premiums; Crm.Users,
katilim.crm,Crm,PremiumTimingGroups,UpdatedBy,uniqueidentifier,Evet,,Hayir,Crm.Users.Uid,Crm.PremiumTimings; Crm.Premiums; Crm.Users,
katilim.crm,Crm,PremiumTimingGroups,DeletedBy,uniqueidentifier,Evet,,Hayir,Crm.Users.Uid,Crm.PremiumTimings; Crm.Premiums; Crm.Users,
katilim.crm,Crm,PremiumTimingGroups,Deleted,bit,Hayir,,Hayir,,Crm.PremiumTimings; Crm.Premiums; Crm.Users,
katilim.crm,Crm,PremiumTimingGroups,Name,nvarchar(100),Evet,,Hayir,,Crm.PremiumTimings; Crm.Premiums; Crm.Users,
katilim.crm,Crm,PremiumTimingGroups,IsNoneTiming,bit,Hayir,,Hayir,,Crm.PremiumTimings; Crm.Premiums; Crm.Users,
katilim.crm,Crm,PremiumTimingGroups,StartDate,datetime2(7),Evet,,Hayir,,Crm.PremiumTimings; Crm.Premiums; Crm.Users,
katilim.crm,Crm,PremiumTimingGroups,EndDate,datetime2(7),Evet,,Hayir,,Crm.PremiumTimings; Crm.Premiums; Crm.Users,
katilim.crm,Crm,PremiumTimings,Uid,uniqueidentifier,Hayir,,Evet,,Crm.PremiumContracts; Crm.PremiumTimingGroups; Crm.Products; Crm.Users,
katilim.crm,Crm,PremiumTimings,UpdatedAt,datetime2(7),Evet,,Hayir,,Crm.PremiumContracts; Crm.PremiumTimingGroups; Crm.Products; Crm.Users,
katilim.crm,Crm,PremiumTimings,DeletedAt,datetime2(7),Evet,,Hayir,,Crm.PremiumContracts; Crm.PremiumTimingGroups; Crm.Products; Crm.Users,
katilim.crm,Crm,PremiumTimings,CreatedAt,datetime2(7),Hayir,,Hayir,,Crm.PremiumContracts; Crm.PremiumTimingGroups; Crm.Products; Crm.Users,
katilim.crm,Crm,PremiumTimings,CreatedBy,uniqueidentifier,Evet,,Hayir,Crm.Users.Uid,Crm.PremiumContracts; Crm.PremiumTimingGroups; Crm.Products; Crm.Users,
katilim.crm,Crm,PremiumTimings,UpdatedBy,uniqueidentifier,Evet,,Hayir,Crm.Users.Uid,Crm.PremiumContracts; Crm.PremiumTimingGroups; Crm.Products; Crm.Users,
katilim.crm,Crm,PremiumTimings,DeletedBy,uniqueidentifier,Evet,,Hayir,Crm.Users.Uid,Crm.PremiumContracts; Crm.PremiumTimingGroups; Crm.Products; Crm.Users,
katilim.crm,Crm,PremiumTimings,Deleted,bit,Hayir,,Hayir,,Crm.PremiumContracts; Crm.PremiumTimingGroups; Crm.Products; Crm.Users,
katilim.crm,Crm,PremiumTimings,PremiumTimingGroupUid,uniqueidentifier,Hayir,,Hayir,Crm.PremiumTimingGroups.Uid,Crm.PremiumContracts; Crm.PremiumTimingGroups; Crm.Products; Crm.Users,
katilim.crm,Crm,PremiumTimings,ProductUid,uniqueidentifier,Hayir,,Hayir,Crm.Products.Uid,Crm.PremiumContracts; Crm.PremiumTimingGroups; Crm.Products; Crm.Users,
katilim.crm,Crm,PremiumTimings,IsPaid,bit,Hayir,,Hayir,,Crm.PremiumContracts; Crm.PremiumTimingGroups; Crm.Products; Crm.Users,
katilim.crm,Crm,PremiumTimings,ARate,"decimal(18,2)",Hayir,,Hayir,,Crm.PremiumContracts; Crm.PremiumTimingGroups; Crm.Products; Crm.Users,
katilim.crm,Crm,PremiumTimings,BRate,"decimal(18,2)",Hayir,,Hayir,,Crm.PremiumContracts; Crm.PremiumTimingGroups; Crm.Products; Crm.Users,
katilim.crm,Crm,PremiumTimings,CRate,"decimal(18,2)",Hayir,,Hayir,,Crm.PremiumContracts; Crm.PremiumTimingGroups; Crm.Products; Crm.Users,
katilim.crm,Crm,PremiumTimings,DRate,"decimal(18,2)",Hayir,,Hayir,,Crm.PremiumContracts; Crm.PremiumTimingGroups; Crm.Products; Crm.Users,
katilim.crm,Crm,PremiumTimings,TRate,"decimal(18,2)",Hayir,,Hayir,,Crm.PremiumContracts; Crm.PremiumTimingGroups; Crm.Products; Crm.Users,
katilim.crm,Crm,PremiumTimings,PaymentInDays,int,Hayir,,Hayir,,Crm.PremiumContracts; Crm.PremiumTimingGroups; Crm.Products; Crm.Users,
katilim.crm,Crm,PremiumTimings,PaymentInDaysRate,"decimal(18,2)",Hayir,,Hayir,,Crm.PremiumContracts; Crm.PremiumTimingGroups; Crm.Products; Crm.Users,
katilim.crm,Crm,PremiumTimings,PerformanceRate,"decimal(18,2)",Hayir,,Hayir,,Crm.PremiumContracts; Crm.PremiumTimingGroups; Crm.Products; Crm.Users,
katilim.crm,Crm,PremiumTimings,DownPaymentRate,"decimal(18,2)",Hayir,,Hayir,,Crm.PremiumContracts; Crm.PremiumTimingGroups; Crm.Products; Crm.Users,
katilim.crm,Crm,PremiumTimings,BranchTargetRate,"decimal(18,2)",Hayir,,Hayir,,Crm.PremiumContracts; Crm.PremiumTimingGroups; Crm.Products; Crm.Users,
katilim.crm,Crm,PremiumTimings,BranchATargetRate,"decimal(18,2)",Hayir,,Hayir,,Crm.PremiumContracts; Crm.PremiumTimingGroups; Crm.Products; Crm.Users,
katilim.crm,Crm,PremiumUserTypeRates,Uid,uniqueidentifier,Hayir,,Evet,,Crm.Premiums; Crm.Roles; Crm.Users,
katilim.crm,Crm,PremiumUserTypeRates,UpdatedAt,datetime2(7),Evet,,Hayir,,Crm.Premiums; Crm.Roles; Crm.Users,
katilim.crm,Crm,PremiumUserTypeRates,DeletedAt,datetime2(7),Evet,,Hayir,,Crm.Premiums; Crm.Roles; Crm.Users,
katilim.crm,Crm,PremiumUserTypeRates,CreatedAt,datetime2(7),Hayir,,Hayir,,Crm.Premiums; Crm.Roles; Crm.Users,
katilim.crm,Crm,PremiumUserTypeRates,CreatedBy,uniqueidentifier,Evet,,Hayir,Crm.Users.Uid,Crm.Premiums; Crm.Roles; Crm.Users,
katilim.crm,Crm,PremiumUserTypeRates,UpdatedBy,uniqueidentifier,Evet,,Hayir,Crm.Users.Uid,Crm.Premiums; Crm.Roles; Crm.Users,
katilim.crm,Crm,PremiumUserTypeRates,DeletedBy,uniqueidentifier,Evet,,Hayir,Crm.Users.Uid,Crm.Premiums; Crm.Roles; Crm.Users,
katilim.crm,Crm,PremiumUserTypeRates,Deleted,bit,Hayir,,Hayir,,Crm.Premiums; Crm.Roles; Crm.Users,
katilim.crm,Crm,PremiumUserTypeRates,RoleUid,uniqueidentifier,Hayir,,Hayir,Crm.Roles.Uid,Crm.Premiums; Crm.Roles; Crm.Users,
katilim.crm,Crm,PremiumUserTypeRates,Percent,int,Hayir,,Hayir,,Crm.Premiums; Crm.Roles; Crm.Users,
katilim.crm,Crm,PremiumUserTypeRates,Rate,"decimal(18,2)",Hayir,,Hayir,,Crm.Premiums; Crm.Roles; Crm.Users,
katilim.crm,Crm,PremiumUserTypeRates,Scale,"decimal(18,2)",Hayir,,Hayir,,Crm.Premiums; Crm.Roles; Crm.Users,
katilim.crm,Crm,PremiumUserTypeRates,Bonus,"decimal(18,2)",Hayir,,Hayir,,Crm.Premiums; Crm.Roles; Crm.Users,
katilim.crm,Crm,Products,Uid,uniqueidentifier,Hayir,,Evet,,Crm.CashPriceIntervalRates; Crm.ContractTemplate; Crm.DeliveryRanges; Crm.GroupProducts; Crm.PremiumTimings; Crm.ServiceRateRanges; Crm.Users; Crm.VariableIndexGroups,
katilim.crm,Crm,Products,UpdatedAt,datetime2(7),Evet,,Hayir,,Crm.CashPriceIntervalRates; Crm.ContractTemplate; Crm.DeliveryRanges; Crm.GroupProducts; Crm.PremiumTimings; Crm.ServiceRateRanges; Crm.Users; Crm.VariableIndexGroups,
katilim.crm,Crm,Products,DeletedAt,datetime2(7),Evet,,Hayir,,Crm.CashPriceIntervalRates; Crm.ContractTemplate; Crm.DeliveryRanges; Crm.GroupProducts; Crm.PremiumTimings; Crm.ServiceRateRanges; Crm.Users; Crm.VariableIndexGroups,
katilim.crm,Crm,Products,CreatedAt,datetime2(7),Hayir,,Hayir,,Crm.CashPriceIntervalRates; Crm.ContractTemplate; Crm.DeliveryRanges; Crm.GroupProducts; Crm.PremiumTimings; Crm.ServiceRateRanges; Crm.Users; Crm.VariableIndexGroups,
katilim.crm,Crm,Products,CreatedBy,uniqueidentifier,Evet,,Hayir,Crm.Users.Uid,Crm.CashPriceIntervalRates; Crm.ContractTemplate; Crm.DeliveryRanges; Crm.GroupProducts; Crm.PremiumTimings; Crm.ServiceRateRanges; Crm.Users; Crm.VariableIndexGroups,
katilim.crm,Crm,Products,UpdatedBy,uniqueidentifier,Evet,,Hayir,Crm.Users.Uid,Crm.CashPriceIntervalRates; Crm.ContractTemplate; Crm.DeliveryRanges; Crm.GroupProducts; Crm.PremiumTimings; Crm.ServiceRateRanges; Crm.Users; Crm.VariableIndexGroups,
katilim.crm,Crm,Products,DeletedBy,uniqueidentifier,Evet,,Hayir,Crm.Users.Uid,Crm.CashPriceIntervalRates; Crm.ContractTemplate; Crm.DeliveryRanges; Crm.GroupProducts; Crm.PremiumTimings; Crm.ServiceRateRanges; Crm.Users; Crm.VariableIndexGroups,
katilim.crm,Crm,Products,Deleted,bit,Hayir,,Hayir,,Crm.CashPriceIntervalRates; Crm.ContractTemplate; Crm.DeliveryRanges; Crm.GroupProducts; Crm.PremiumTimings; Crm.ServiceRateRanges; Crm.Users; Crm.VariableIndexGroups,
katilim.crm,Crm,Products,Name,nvarchar(100),Evet,,Hayir,,Crm.CashPriceIntervalRates; Crm.ContractTemplate; Crm.DeliveryRanges; Crm.GroupProducts; Crm.PremiumTimings; Crm.ServiceRateRanges; Crm.Users; Crm.VariableIndexGroups,
katilim.crm,Crm,Products,InstallmentCount,int,Hayir,,Hayir,,Crm.CashPriceIntervalRates; Crm.ContractTemplate; Crm.DeliveryRanges; Crm.GroupProducts; Crm.PremiumTimings; Crm.ServiceRateRanges; Crm.Users; Crm.VariableIndexGroups,
katilim.crm,Crm,Products,ServiceInstallmentCount,int,Hayir,,Hayir,,Crm.CashPriceIntervalRates; Crm.ContractTemplate; Crm.DeliveryRanges; Crm.GroupProducts; Crm.PremiumTimings; Crm.ServiceRateRanges; Crm.Users; Crm.VariableIndexGroups,
katilim.crm,Crm,Products,CashInstallmentCount,int,Hayir,,Hayir,,Crm.CashPriceIntervalRates; Crm.ContractTemplate; Crm.DeliveryRanges; Crm.GroupProducts; Crm.PremiumTimings; Crm.ServiceRateRanges; Crm.Users; Crm.VariableIndexGroups,
katilim.crm,Crm,Products,Type,nvarchar(50),Evet,,Hayir,,Crm.CashPriceIntervalRates; Crm.ContractTemplate; Crm.DeliveryRanges; Crm.GroupProducts; Crm.PremiumTimings; Crm.ServiceRateRanges; Crm.Users; Crm.VariableIndexGroups,
katilim.crm,Crm,Products,Model,nvarchar(200),Evet,,Hayir,,Crm.CashPriceIntervalRates; Crm.ContractTemplate; Crm.DeliveryRanges; Crm.GroupProducts; Crm.PremiumTimings; Crm.ServiceRateRanges; Crm.Users; Crm.VariableIndexGroups,
katilim.crm,Crm,Products,DeliveryMonth,int,Hayir,,Hayir,,Crm.CashPriceIntervalRates; Crm.ContractTemplate; Crm.DeliveryRanges; Crm.GroupProducts; Crm.PremiumTimings; Crm.ServiceRateRanges; Crm.Users; Crm.VariableIndexGroups,
katilim.crm,Crm,Products,ServiceRateForBranch,"decimal(18,2)",Hayir,,Hayir,,Crm.CashPriceIntervalRates; Crm.ContractTemplate; Crm.DeliveryRanges; Crm.GroupProducts; Crm.PremiumTimings; Crm.ServiceRateRanges; Crm.Users; Crm.VariableIndexGroups,
katilim.crm,Crm,Products,ServiceRateForRegion,"decimal(18,2)",Hayir,,Hayir,,Crm.CashPriceIntervalRates; Crm.ContractTemplate; Crm.DeliveryRanges; Crm.GroupProducts; Crm.PremiumTimings; Crm.ServiceRateRanges; Crm.Users; Crm.VariableIndexGroups,
katilim.crm,Crm,Products,ServiceRateForGeneralManager,"decimal(18,2)",Hayir,,Hayir,,Crm.CashPriceIntervalRates; Crm.ContractTemplate; Crm.DeliveryRanges; Crm.GroupProducts; Crm.PremiumTimings; Crm.ServiceRateRanges; Crm.Users; Crm.VariableIndexGroups,
katilim.crm,Crm,Products,CashRateForBranch,"decimal(18,2)",Hayir,,Hayir,,Crm.CashPriceIntervalRates; Crm.ContractTemplate; Crm.DeliveryRanges; Crm.GroupProducts; Crm.PremiumTimings; Crm.ServiceRateRanges; Crm.Users; Crm.VariableIndexGroups,
katilim.crm,Crm,Products,CashRateForRegion,"decimal(18,2)",Hayir,,Hayir,,Crm.CashPriceIntervalRates; Crm.ContractTemplate; Crm.DeliveryRanges; Crm.GroupProducts; Crm.PremiumTimings; Crm.ServiceRateRanges; Crm.Users; Crm.VariableIndexGroups,
katilim.crm,Crm,Products,CashRateForGeneralManager,"decimal(18,2)",Hayir,,Hayir,,Crm.CashPriceIntervalRates; Crm.ContractTemplate; Crm.DeliveryRanges; Crm.GroupProducts; Crm.PremiumTimings; Crm.ServiceRateRanges; Crm.Users; Crm.VariableIndexGroups,
katilim.crm,Crm,Products,ContractHtml,nvarchar(500),Evet,,Hayir,,Crm.CashPriceIntervalRates; Crm.ContractTemplate; Crm.DeliveryRanges; Crm.GroupProducts; Crm.PremiumTimings; Crm.ServiceRateRanges; Crm.Users; Crm.VariableIndexGroups,
katilim.crm,Crm,Products,IsActive,bit,Hayir,,Hayir,,Crm.CashPriceIntervalRates; Crm.ContractTemplate; Crm.DeliveryRanges; Crm.GroupProducts; Crm.PremiumTimings; Crm.ServiceRateRanges; Crm.Users; Crm.VariableIndexGroups,
katilim.crm,Crm,Products,FixedIndex,"decimal(18,2)",Evet,,Hayir,,Crm.CashPriceIntervalRates; Crm.ContractTemplate; Crm.DeliveryRanges; Crm.GroupProducts; Crm.PremiumTimings; Crm.ServiceRateRanges; Crm.Users; Crm.VariableIndexGroups,
katilim.crm,Crm,Products,VariableIndexGroupUid,uniqueidentifier,Evet,,Hayir,Crm.VariableIndexGroups.Uid,Crm.CashPriceIntervalRates; Crm.ContractTemplate; Crm.DeliveryRanges; Crm.GroupProducts; Crm.PremiumTimings; Crm.ServiceRateRanges; Crm.Users; Crm.VariableIndexGroups,
katilim.crm,Crm,Products,IncreaseRateAfterDelivery,"decimal(18,2)",Hayir,,Hayir,,Crm.CashPriceIntervalRates; Crm.ContractTemplate; Crm.DeliveryRanges; Crm.GroupProducts; Crm.PremiumTimings; Crm.ServiceRateRanges; Crm.Users; Crm.VariableIndexGroups,
katilim.crm,Crm,Products,ServiceRateForBranchLast,"decimal(18,2)",Evet,((0)),Hayir,,Crm.CashPriceIntervalRates; Crm.ContractTemplate; Crm.DeliveryRanges; Crm.GroupProducts; Crm.PremiumTimings; Crm.ServiceRateRanges; Crm.Users; Crm.VariableIndexGroups,
katilim.crm,Crm,Products,ServiceRateForRegionLast,"decimal(18,2)",Evet,((0)),Hayir,,Crm.CashPriceIntervalRates; Crm.ContractTemplate; Crm.DeliveryRanges; Crm.GroupProducts; Crm.PremiumTimings; Crm.ServiceRateRanges; Crm.Users; Crm.VariableIndexGroups,
katilim.crm,Crm,Products,ServiceRateForGeneralManagerLast,"decimal(18,2)",Evet,((0)),Hayir,,Crm.CashPriceIntervalRates; Crm.ContractTemplate; Crm.DeliveryRanges; Crm.GroupProducts; Crm.PremiumTimings; Crm.ServiceRateRanges; Crm.Users; Crm.VariableIndexGroups,
katilim.crm,Crm,Products,ServiceRateNotCampaign,"decimal(18,2)",Evet,((0)),Hayir,,Crm.CashPriceIntervalRates; Crm.ContractTemplate; Crm.DeliveryRanges; Crm.GroupProducts; Crm.PremiumTimings; Crm.ServiceRateRanges; Crm.Users; Crm.VariableIndexGroups,
katilim.crm,Crm,Products,IsServicePriceDivided,bit,Hayir,((0)),Hayir,,Crm.CashPriceIntervalRates; Crm.ContractTemplate; Crm.DeliveryRanges; Crm.GroupProducts; Crm.PremiumTimings; Crm.ServiceRateRanges; Crm.Users; Crm.VariableIndexGroups,
katilim.crm,Crm,Products,ServiceRateForBranchFirst,"decimal(18,2)",Evet,((0)),Hayir,,Crm.CashPriceIntervalRates; Crm.ContractTemplate; Crm.DeliveryRanges; Crm.GroupProducts; Crm.PremiumTimings; Crm.ServiceRateRanges; Crm.Users; Crm.VariableIndexGroups,
katilim.crm,Crm,Products,ServiceRateForRegionFirst,"decimal(18,2)",Evet,((0)),Hayir,,Crm.CashPriceIntervalRates; Crm.ContractTemplate; Crm.DeliveryRanges; Crm.GroupProducts; Crm.PremiumTimings; Crm.ServiceRateRanges; Crm.Users; Crm.VariableIndexGroups,
katilim.crm,Crm,Products,ServiceRateForGeneralManagerFirst,"decimal(18,2)",Evet,((0)),Hayir,,Crm.CashPriceIntervalRates; Crm.ContractTemplate; Crm.DeliveryRanges; Crm.GroupProducts; Crm.PremiumTimings; Crm.ServiceRateRanges; Crm.Users; Crm.VariableIndexGroups,
katilim.crm,Crm,Products,IsServicePriceDividedUntilDelivery,bit,Hayir,((0)),Hayir,,Crm.CashPriceIntervalRates; Crm.ContractTemplate; Crm.DeliveryRanges; Crm.GroupProducts; Crm.PremiumTimings; Crm.ServiceRateRanges; Crm.Users; Crm.VariableIndexGroups,
katilim.crm,Crm,Products,ServicePriceDividedUntilDeliveryRateForBranch,"decimal(18,2)",Evet,,Hayir,,Crm.CashPriceIntervalRates; Crm.ContractTemplate; Crm.DeliveryRanges; Crm.GroupProducts; Crm.PremiumTimings; Crm.ServiceRateRanges; Crm.Users; Crm.VariableIndexGroups,
katilim.crm,Crm,Products,ServicePriceDividedUntilDeliveryRateForRegion,"decimal(18,2)",Evet,,Hayir,,Crm.CashPriceIntervalRates; Crm.ContractTemplate; Crm.DeliveryRanges; Crm.GroupProducts; Crm.PremiumTimings; Crm.ServiceRateRanges; Crm.Users; Crm.VariableIndexGroups,
katilim.crm,Crm,Products,ServicePriceDividedUntilDeliveryRateForGeneralManager,"decimal(18,2)",Evet,,Hayir,,Crm.CashPriceIntervalRates; Crm.ContractTemplate; Crm.DeliveryRanges; Crm.GroupProducts; Crm.PremiumTimings; Crm.ServiceRateRanges; Crm.Users; Crm.VariableIndexGroups,
katilim.crm,Crm,Products,ServicePriceDividedUntilDeliveryNotCampaignFirst,"decimal(18,2)",Evet,,Hayir,,Crm.CashPriceIntervalRates; Crm.ContractTemplate; Crm.DeliveryRanges; Crm.GroupProducts; Crm.PremiumTimings; Crm.ServiceRateRanges; Crm.Users; Crm.VariableIndexGroups,
katilim.crm,Crm,Products,IsServicePriceChargedBeforeDelivery,bit,Hayir,((0)),Hayir,,Crm.CashPriceIntervalRates; Crm.ContractTemplate; Crm.DeliveryRanges; Crm.GroupProducts; Crm.PremiumTimings; Crm.ServiceRateRanges; Crm.Users; Crm.VariableIndexGroups,
katilim.crm,Crm,Products,ServicePriceChargedBeforeDeliveryRateForBranch,"decimal(18,2)",Evet,,Hayir,,Crm.CashPriceIntervalRates; Crm.ContractTemplate; Crm.DeliveryRanges; Crm.GroupProducts; Crm.PremiumTimings; Crm.ServiceRateRanges; Crm.Users; Crm.VariableIndexGroups,
katilim.crm,Crm,Products,ServicePriceChargedBeforeDeliveryRateForRegion,"decimal(18,2)",Evet,,Hayir,,Crm.CashPriceIntervalRates; Crm.ContractTemplate; Crm.DeliveryRanges; Crm.GroupProducts; Crm.PremiumTimings; Crm.ServiceRateRanges; Crm.Users; Crm.VariableIndexGroups,
katilim.crm,Crm,Products,ServicePriceChargedBeforeDeliveryRateForGeneralManager,"decimal(18,2)",Evet,,Hayir,,Crm.CashPriceIntervalRates; Crm.ContractTemplate; Crm.DeliveryRanges; Crm.GroupProducts; Crm.PremiumTimings; Crm.ServiceRateRanges; Crm.Users; Crm.VariableIndexGroups,
katilim.crm,Crm,Products,ServicePriceChargedBeforeDeliveryNotCampaign,"decimal(18,2)",Evet,,Hayir,,Crm.CashPriceIntervalRates; Crm.ContractTemplate; Crm.DeliveryRanges; Crm.GroupProducts; Crm.PremiumTimings; Crm.ServiceRateRanges; Crm.Users; Crm.VariableIndexGroups,
katilim.crm,Crm,Products,IsServicePriceDistributed,bit,Hayir,((0)),Hayir,,Crm.CashPriceIntervalRates; Crm.ContractTemplate; Crm.DeliveryRanges; Crm.GroupProducts; Crm.PremiumTimings; Crm.ServiceRateRanges; Crm.Users; Crm.VariableIndexGroups,
katilim.crm,Crm,Products,ServicePriceDistributedRateForBranch,"decimal(18,2)",Evet,,Hayir,,Crm.CashPriceIntervalRates; Crm.ContractTemplate; Crm.DeliveryRanges; Crm.GroupProducts; Crm.PremiumTimings; Crm.ServiceRateRanges; Crm.Users; Crm.VariableIndexGroups,
katilim.crm,Crm,Products,ServicePriceDistributedRateForRegion,"decimal(18,2)",Evet,,Hayir,,Crm.CashPriceIntervalRates; Crm.ContractTemplate; Crm.DeliveryRanges; Crm.GroupProducts; Crm.PremiumTimings; Crm.ServiceRateRanges; Crm.Users; Crm.VariableIndexGroups,
katilim.crm,Crm,Products,ServicePriceDistributedRateForGeneralManager,"decimal(18,2)",Evet,,Hayir,,Crm.CashPriceIntervalRates; Crm.ContractTemplate; Crm.DeliveryRanges; Crm.GroupProducts; Crm.PremiumTimings; Crm.ServiceRateRanges; Crm.Users; Crm.VariableIndexGroups,
katilim.crm,Crm,Products,ServicePriceDistributedNotCampaign,"decimal(18,2)",Evet,,Hayir,,Crm.CashPriceIntervalRates; Crm.ContractTemplate; Crm.DeliveryRanges; Crm.GroupProducts; Crm.PremiumTimings; Crm.ServiceRateRanges; Crm.Users; Crm.VariableIndexGroups,
katilim.crm,Crm,Products,ServicePriceDividedUntilDeliveryNotCampaign,"decimal(18,2)",Evet,,Hayir,,Crm.CashPriceIntervalRates; Crm.ContractTemplate; Crm.DeliveryRanges; Crm.GroupProducts; Crm.PremiumTimings; Crm.ServiceRateRanges; Crm.Users; Crm.VariableIndexGroups,
katilim.crm,Crm,Products,ServiceRateDividedNotCampaignFirst,"decimal(18,2)",Evet,,Hayir,,Crm.CashPriceIntervalRates; Crm.ContractTemplate; Crm.DeliveryRanges; Crm.GroupProducts; Crm.PremiumTimings; Crm.ServiceRateRanges; Crm.Users; Crm.VariableIndexGroups,
katilim.crm,Crm,Products,ServiceRateDividedNotCampaignLast,"decimal(18,2)",Evet,,Hayir,,Crm.CashPriceIntervalRates; Crm.ContractTemplate; Crm.DeliveryRanges; Crm.GroupProducts; Crm.PremiumTimings; Crm.ServiceRateRanges; Crm.Users; Crm.VariableIndexGroups,
katilim.crm,Crm,Products,IncreaseRateAfterDeliveryArray,nvarchar(100),Evet,,Hayir,,Crm.CashPriceIntervalRates; Crm.ContractTemplate; Crm.DeliveryRanges; Crm.GroupProducts; Crm.PremiumTimings; Crm.ServiceRateRanges; Crm.Users; Crm.VariableIndexGroups,
katilim.crm,Crm,Products,MinProductPriceForDistributed,"decimal(18,2)",Evet,,Hayir,,Crm.CashPriceIntervalRates; Crm.ContractTemplate; Crm.DeliveryRanges; Crm.GroupProducts; Crm.PremiumTimings; Crm.ServiceRateRanges; Crm.Users; Crm.VariableIndexGroups,
katilim.crm,Crm,Products,MinProductPriceForDeliveryDistributed,"decimal(18,2)",Evet,,Hayir,,Crm.CashPriceIntervalRates; Crm.ContractTemplate; Crm.DeliveryRanges; Crm.GroupProducts; Crm.PremiumTimings; Crm.ServiceRateRanges; Crm.Users; Crm.VariableIndexGroups,
katilim.crm,Crm,Products,PremiumRate,"decimal(18,2)",Evet,,Hayir,,Crm.CashPriceIntervalRates; Crm.ContractTemplate; Crm.DeliveryRanges; Crm.GroupProducts; Crm.PremiumTimings; Crm.ServiceRateRanges; Crm.Users; Crm.VariableIndexGroups,
katilim.crm,Crm,Products,KayitVar,bit,Hayir,((0)),Hayir,,Crm.CashPriceIntervalRates; Crm.ContractTemplate; Crm.DeliveryRanges; Crm.GroupProducts; Crm.PremiumTimings; Crm.ServiceRateRanges; Crm.Users; Crm.VariableIndexGroups,
katilim.crm,Crm,Products,FlexibleDeliveryRate,"decimal(18,2)",Evet,,Hayir,,Crm.CashPriceIntervalRates; Crm.ContractTemplate; Crm.DeliveryRanges; Crm.GroupProducts; Crm.PremiumTimings; Crm.ServiceRateRanges; Crm.Users; Crm.VariableIndexGroups,
katilim.crm,Crm,Products,IncreaseRateBeforeDelivery,"decimal(18,2)",Hayir,((0)),Hayir,,Crm.CashPriceIntervalRates; Crm.ContractTemplate; Crm.DeliveryRanges; Crm.GroupProducts; Crm.PremiumTimings; Crm.ServiceRateRanges; Crm.Users; Crm.VariableIndexGroups,
katilim.crm,Crm,Products,GroupLimit,int,Evet,,Hayir,,Crm.CashPriceIntervalRates; Crm.ContractTemplate; Crm.DeliveryRanges; Crm.GroupProducts; Crm.PremiumTimings; Crm.ServiceRateRanges; Crm.Users; Crm.VariableIndexGroups,
katilim.crm,Crm,Products,MaxProductPrice,"decimal(18,0)",Evet,,Hayir,,Crm.CashPriceIntervalRates; Crm.ContractTemplate; Crm.DeliveryRanges; Crm.GroupProducts; Crm.PremiumTimings; Crm.ServiceRateRanges; Crm.Users; Crm.VariableIndexGroups,
katilim.crm,Crm,Products,MinProductPrice,"decimal(18,0)",Evet,,Hayir,,Crm.CashPriceIntervalRates; Crm.ContractTemplate; Crm.DeliveryRanges; Crm.GroupProducts; Crm.PremiumTimings; Crm.ServiceRateRanges; Crm.Users; Crm.VariableIndexGroups,
katilim.crm,Crm,Products,Status,nvarchar(50),Evet,,Hayir,,Crm.CashPriceIntervalRates; Crm.ContractTemplate; Crm.DeliveryRanges; Crm.GroupProducts; Crm.PremiumTimings; Crm.ServiceRateRanges; Crm.Users; Crm.VariableIndexGroups,
katilim.crm,Crm,Products,DownPaymentUpperLimit,int,Evet,,Hayir,,Crm.CashPriceIntervalRates; Crm.ContractTemplate; Crm.DeliveryRanges; Crm.GroupProducts; Crm.PremiumTimings; Crm.ServiceRateRanges; Crm.Users; Crm.VariableIndexGroups,
katilim.crm,Crm,Products,ServicePriceLoweLimit,int,Evet,,Hayir,,Crm.CashPriceIntervalRates; Crm.ContractTemplate; Crm.DeliveryRanges; Crm.GroupProducts; Crm.PremiumTimings; Crm.ServiceRateRanges; Crm.Users; Crm.VariableIndexGroups,
katilim.crm,Crm,Products,FirstInstallmentRate,"decimal(18,2)",Evet,((1)),Hayir,,Crm.CashPriceIntervalRates; Crm.ContractTemplate; Crm.DeliveryRanges; Crm.GroupProducts; Crm.PremiumTimings; Crm.ServiceRateRanges; Crm.Users; Crm.VariableIndexGroups,
katilim.crm,Crm,Products,Featured,bit,Evet,,Hayir,,Crm.CashPriceIntervalRates; Crm.ContractTemplate; Crm.DeliveryRanges; Crm.GroupProducts; Crm.PremiumTimings; Crm.ServiceRateRanges; Crm.Users; Crm.VariableIndexGroups,
katilim.crm,Crm,Products,DistributedCashRate,"decimal(18,2)",Evet,,Hayir,,Crm.CashPriceIntervalRates; Crm.ContractTemplate; Crm.DeliveryRanges; Crm.GroupProducts; Crm.PremiumTimings; Crm.ServiceRateRanges; Crm.Users; Crm.VariableIndexGroups,
katilim.crm,Crm,Products,ServiceRateForCEO,"decimal(18,2)",Hayir,((0)),Hayir,,Crm.CashPriceIntervalRates; Crm.ContractTemplate; Crm.DeliveryRanges; Crm.GroupProducts; Crm.PremiumTimings; Crm.ServiceRateRanges; Crm.Users; Crm.VariableIndexGroups,
katilim.crm,Crm,Products,ServiceRateForCEOLast,"decimal(18,2)",Evet,,Hayir,,Crm.CashPriceIntervalRates; Crm.ContractTemplate; Crm.DeliveryRanges; Crm.GroupProducts; Crm.PremiumTimings; Crm.ServiceRateRanges; Crm.Users; Crm.VariableIndexGroups,
katilim.crm,Crm,Products,ServiceRateForCEOFirst,"decimal(18,2)",Evet,,Hayir,,Crm.CashPriceIntervalRates; Crm.ContractTemplate; Crm.DeliveryRanges; Crm.GroupProducts; Crm.PremiumTimings; Crm.ServiceRateRanges; Crm.Users; Crm.VariableIndexGroups,
katilim.crm,Crm,Products,ServicePriceDividedUntilDeliveryRateForCEO,"decimal(18,2)",Evet,,Hayir,,Crm.CashPriceIntervalRates; Crm.ContractTemplate; Crm.DeliveryRanges; Crm.GroupProducts; Crm.PremiumTimings; Crm.ServiceRateRanges; Crm.Users; Crm.VariableIndexGroups,
katilim.crm,Crm,Products,ServicePriceDistributedRateForCEO,"decimal(18,2)",Evet,,Hayir,,Crm.CashPriceIntervalRates; Crm.ContractTemplate; Crm.DeliveryRanges; Crm.GroupProducts; Crm.PremiumTimings; Crm.ServiceRateRanges; Crm.Users; Crm.VariableIndexGroups,
katilim.crm,Crm,Products,ServicePriceChargedBeforeDeliveryRateForCEO,"decimal(18,2)",Evet,,Hayir,,Crm.CashPriceIntervalRates; Crm.ContractTemplate; Crm.DeliveryRanges; Crm.GroupProducts; Crm.PremiumTimings; Crm.ServiceRateRanges; Crm.Users; Crm.VariableIndexGroups,
katilim.crm,Crm,Products,PointServiceRateLimit,"decimal(18,2)",Evet,,Hayir,,Crm.CashPriceIntervalRates; Crm.ContractTemplate; Crm.DeliveryRanges; Crm.GroupProducts; Crm.PremiumTimings; Crm.ServiceRateRanges; Crm.Users; Crm.VariableIndexGroups,
katilim.crm,Crm,Products,CashPaymentType,varchar(2),Evet,,Hayir,,Crm.CashPriceIntervalRates; Crm.ContractTemplate; Crm.DeliveryRanges; Crm.GroupProducts; Crm.PremiumTimings; Crm.ServiceRateRanges; Crm.Users; Crm.VariableIndexGroups,
katilim.crm,Crm,Products,IsCashPayment,bit,Evet,,Hayir,,Crm.CashPriceIntervalRates; Crm.ContractTemplate; Crm.DeliveryRanges; Crm.GroupProducts; Crm.PremiumTimings; Crm.ServiceRateRanges; Crm.Users; Crm.VariableIndexGroups,
katilim.crm,Crm,Products,IsServicePriceInstallment,bit,Evet,,Hayir,,Crm.CashPriceIntervalRates; Crm.ContractTemplate; Crm.DeliveryRanges; Crm.GroupProducts; Crm.PremiumTimings; Crm.ServiceRateRanges; Crm.Users; Crm.VariableIndexGroups,
katilim.crm,Crm,Products,ServiceFirstInstallmentRate,"decimal(18,2)",Evet,,Hayir,,Crm.CashPriceIntervalRates; Crm.ContractTemplate; Crm.DeliveryRanges; Crm.GroupProducts; Crm.PremiumTimings; Crm.ServiceRateRanges; Crm.Users; Crm.VariableIndexGroups,
katilim.crm,Crm,Products,ServicePriceInstallmentForBranch,"decimal(18,2)",Evet,,Hayir,,Crm.CashPriceIntervalRates; Crm.ContractTemplate; Crm.DeliveryRanges; Crm.GroupProducts; Crm.PremiumTimings; Crm.ServiceRateRanges; Crm.Users; Crm.VariableIndexGroups,
katilim.crm,Crm,Products,ServicePriceInstallmentForRegion,"decimal(18,2)",Evet,,Hayir,,Crm.CashPriceIntervalRates; Crm.ContractTemplate; Crm.DeliveryRanges; Crm.GroupProducts; Crm.PremiumTimings; Crm.ServiceRateRanges; Crm.Users; Crm.VariableIndexGroups,
katilim.crm,Crm,Products,ServicePriceInstallmentForGeneralManager,"decimal(18,2)",Evet,,Hayir,,Crm.CashPriceIntervalRates; Crm.ContractTemplate; Crm.DeliveryRanges; Crm.GroupProducts; Crm.PremiumTimings; Crm.ServiceRateRanges; Crm.Users; Crm.VariableIndexGroups,
katilim.crm,Crm,Products,ServicePriceInstallmentForCEO,"decimal(18,2)",Evet,,Hayir,,Crm.CashPriceIntervalRates; Crm.ContractTemplate; Crm.DeliveryRanges; Crm.GroupProducts; Crm.PremiumTimings; Crm.ServiceRateRanges; Crm.Users; Crm.VariableIndexGroups,
katilim.crm,Crm,Products,ServicePriceInstallmentNotCampaign,"decimal(18,2)",Evet,,Hayir,,Crm.CashPriceIntervalRates; Crm.ContractTemplate; Crm.DeliveryRanges; Crm.GroupProducts; Crm.PremiumTimings; Crm.ServiceRateRanges; Crm.Users; Crm.VariableIndexGroups,
katilim.crm,Crm,Products,ServicePriceInstallmentCount,int,Evet,,Hayir,,Crm.CashPriceIntervalRates; Crm.ContractTemplate; Crm.DeliveryRanges; Crm.GroupProducts; Crm.PremiumTimings; Crm.ServiceRateRanges; Crm.Users; Crm.VariableIndexGroups,
katilim.crm,Crm,Products,ServicePriceCashPriceLimit,"decimal(18,2)",Evet,,Hayir,,Crm.CashPriceIntervalRates; Crm.ContractTemplate; Crm.DeliveryRanges; Crm.GroupProducts; Crm.PremiumTimings; Crm.ServiceRateRanges; Crm.Users; Crm.VariableIndexGroups,
katilim.crm,Crm,Products,NoCashPaymentDiscount,bit,Evet,,Hayir,,Crm.CashPriceIntervalRates; Crm.ContractTemplate; Crm.DeliveryRanges; Crm.GroupProducts; Crm.PremiumTimings; Crm.ServiceRateRanges; Crm.Users; Crm.VariableIndexGroups,
katilim.crm,Crm,Products,AnnualRateOfIncrease,"decimal(18,2)",Evet,,Hayir,,Crm.CashPriceIntervalRates; Crm.ContractTemplate; Crm.DeliveryRanges; Crm.GroupProducts; Crm.PremiumTimings; Crm.ServiceRateRanges; Crm.Users; Crm.VariableIndexGroups,
katilim.crm,Crm,Products,DiscountRate,"decimal(18,2)",Evet,,Hayir,,Crm.CashPriceIntervalRates; Crm.ContractTemplate; Crm.DeliveryRanges; Crm.GroupProducts; Crm.PremiumTimings; Crm.ServiceRateRanges; Crm.Users; Crm.VariableIndexGroups,
katilim.crm,Crm,Products,ElasticRate,"decimal(18,2)",Evet,,Hayir,,Crm.CashPriceIntervalRates; Crm.ContractTemplate; Crm.DeliveryRanges; Crm.GroupProducts; Crm.PremiumTimings; Crm.ServiceRateRanges; Crm.Users; Crm.VariableIndexGroups,
katilim.crm,Crm,Products,InterimPayment,int,Evet,,Hayir,,Crm.CashPriceIntervalRates; Crm.ContractTemplate; Crm.DeliveryRanges; Crm.GroupProducts; Crm.PremiumTimings; Crm.ServiceRateRanges; Crm.Users; Crm.VariableIndexGroups,
katilim.crm,Crm,Products,MaxInstallmentCount,int,Evet,,Hayir,,Crm.CashPriceIntervalRates; Crm.ContractTemplate; Crm.DeliveryRanges; Crm.GroupProducts; Crm.PremiumTimings; Crm.ServiceRateRanges; Crm.Users; Crm.VariableIndexGroups,
katilim.crm,Crm,Products,MinDeliveryMonth,int,Evet,,Hayir,,Crm.CashPriceIntervalRates; Crm.ContractTemplate; Crm.DeliveryRanges; Crm.GroupProducts; Crm.PremiumTimings; Crm.ServiceRateRanges; Crm.Users; Crm.VariableIndexGroups,
katilim.crm,Crm,Products,MeskenUid,uniqueidentifier,Evet,,Hayir,,Crm.CashPriceIntervalRates; Crm.ContractTemplate; Crm.DeliveryRanges; Crm.GroupProducts; Crm.PremiumTimings; Crm.ServiceRateRanges; Crm.Users; Crm.VariableIndexGroups,
katilim.crm,Crm,Products,CashRateForBranchManager,"decimal(18,2)",Evet,,Hayir,,Crm.CashPriceIntervalRates; Crm.ContractTemplate; Crm.DeliveryRanges; Crm.GroupProducts; Crm.PremiumTimings; Crm.ServiceRateRanges; Crm.Users; Crm.VariableIndexGroups,
katilim.crm,Crm,Products,IsServicePriceDividedFifth,bit,Evet,,Hayir,,Crm.CashPriceIntervalRates; Crm.ContractTemplate; Crm.DeliveryRanges; Crm.GroupProducts; Crm.PremiumTimings; Crm.ServiceRateRanges; Crm.Users; Crm.VariableIndexGroups,
katilim.crm,Crm,Products,IsServicePriceDividedFourth,bit,Evet,,Hayir,,Crm.CashPriceIntervalRates; Crm.ContractTemplate; Crm.DeliveryRanges; Crm.GroupProducts; Crm.PremiumTimings; Crm.ServiceRateRanges; Crm.Users; Crm.VariableIndexGroups,
katilim.crm,Crm,Products,IsServicePriceDividedSecond,bit,Evet,,Hayir,,Crm.CashPriceIntervalRates; Crm.ContractTemplate; Crm.DeliveryRanges; Crm.GroupProducts; Crm.PremiumTimings; Crm.ServiceRateRanges; Crm.Users; Crm.VariableIndexGroups,
katilim.crm,Crm,Products,IsServicePriceDividedThird,bit,Evet,,Hayir,,Crm.CashPriceIntervalRates; Crm.ContractTemplate; Crm.DeliveryRanges; Crm.GroupProducts; Crm.PremiumTimings; Crm.ServiceRateRanges; Crm.Users; Crm.VariableIndexGroups,
katilim.crm,Crm,Products,PassiveDate,datetime2(7),Evet,,Hayir,,Crm.CashPriceIntervalRates; Crm.ContractTemplate; Crm.DeliveryRanges; Crm.GroupProducts; Crm.PremiumTimings; Crm.ServiceRateRanges; Crm.Users; Crm.VariableIndexGroups,
katilim.crm,Crm,Products,ServicePriceChargedBeforeDeliveryRateForBranchManager,"decimal(18,2)",Evet,,Hayir,,Crm.CashPriceIntervalRates; Crm.ContractTemplate; Crm.DeliveryRanges; Crm.GroupProducts; Crm.PremiumTimings; Crm.ServiceRateRanges; Crm.Users; Crm.VariableIndexGroups,
katilim.crm,Crm,Products,ServicePriceDistributedRateForBranchManager,"decimal(18,2)",Evet,,Hayir,,Crm.CashPriceIntervalRates; Crm.ContractTemplate; Crm.DeliveryRanges; Crm.GroupProducts; Crm.PremiumTimings; Crm.ServiceRateRanges; Crm.Users; Crm.VariableIndexGroups,
katilim.crm,Crm,Products,ServicePriceDividedUntilDeliveryRateForBranchManager,"decimal(18,2)",Evet,,Hayir,,Crm.CashPriceIntervalRates; Crm.ContractTemplate; Crm.DeliveryRanges; Crm.GroupProducts; Crm.PremiumTimings; Crm.ServiceRateRanges; Crm.Users; Crm.VariableIndexGroups,
katilim.crm,Crm,Products,ServiceRateDividedNotCampaignFirstFive,"decimal(18,2)",Evet,,Hayir,,Crm.CashPriceIntervalRates; Crm.ContractTemplate; Crm.DeliveryRanges; Crm.GroupProducts; Crm.PremiumTimings; Crm.ServiceRateRanges; Crm.Users; Crm.VariableIndexGroups,
katilim.crm,Crm,Products,ServiceRateDividedNotCampaignFirstFour,"decimal(18,2)",Evet,,Hayir,,Crm.CashPriceIntervalRates; Crm.ContractTemplate; Crm.DeliveryRanges; Crm.GroupProducts; Crm.PremiumTimings; Crm.ServiceRateRanges; Crm.Users; Crm.VariableIndexGroups,
katilim.crm,Crm,Products,ServiceRateDividedNotCampaignFirstThree,"decimal(18,2)",Evet,,Hayir,,Crm.CashPriceIntervalRates; Crm.ContractTemplate; Crm.DeliveryRanges; Crm.GroupProducts; Crm.PremiumTimings; Crm.ServiceRateRanges; Crm.Users; Crm.VariableIndexGroups,
katilim.crm,Crm,Products,ServiceRateDividedNotCampaignFirstTwo,"decimal(18,2)",Evet,,Hayir,,Crm.CashPriceIntervalRates; Crm.ContractTemplate; Crm.DeliveryRanges; Crm.GroupProducts; Crm.PremiumTimings; Crm.ServiceRateRanges; Crm.Users; Crm.VariableIndexGroups,
katilim.crm,Crm,Products,ServiceRateDividedNotCampaignLastFive,"decimal(18,2)",Evet,,Hayir,,Crm.CashPriceIntervalRates; Crm.ContractTemplate; Crm.DeliveryRanges; Crm.GroupProducts; Crm.PremiumTimings; Crm.ServiceRateRanges; Crm.Users; Crm.VariableIndexGroups,
katilim.crm,Crm,Products,ServiceRateDividedNotCampaignLastFour,"decimal(18,2)",Evet,,Hayir,,Crm.CashPriceIntervalRates; Crm.ContractTemplate; Crm.DeliveryRanges; Crm.GroupProducts; Crm.PremiumTimings; Crm.ServiceRateRanges; Crm.Users; Crm.VariableIndexGroups,
katilim.crm,Crm,Products,ServiceRateDividedNotCampaignLastThree,"decimal(18,2)",Evet,,Hayir,,Crm.CashPriceIntervalRates; Crm.ContractTemplate; Crm.DeliveryRanges; Crm.GroupProducts; Crm.PremiumTimings; Crm.ServiceRateRanges; Crm.Users; Crm.VariableIndexGroups,
katilim.crm,Crm,Products,ServiceRateDividedNotCampaignLastTwo,"decimal(18,2)",Evet,,Hayir,,Crm.CashPriceIntervalRates; Crm.ContractTemplate; Crm.DeliveryRanges; Crm.GroupProducts; Crm.PremiumTimings; Crm.ServiceRateRanges; Crm.Users; Crm.VariableIndexGroups,
katilim.crm,Crm,Products,ServiceRateForBranchFirstFive,"decimal(18,2)",Evet,,Hayir,,Crm.CashPriceIntervalRates; Crm.ContractTemplate; Crm.DeliveryRanges; Crm.GroupProducts; Crm.PremiumTimings; Crm.ServiceRateRanges; Crm.Users; Crm.VariableIndexGroups,
katilim.crm,Crm,Products,ServiceRateForBranchFirstFour,"decimal(18,2)",Evet,,Hayir,,Crm.CashPriceIntervalRates; Crm.ContractTemplate; Crm.DeliveryRanges; Crm.GroupProducts; Crm.PremiumTimings; Crm.ServiceRateRanges; Crm.Users; Crm.VariableIndexGroups,
katilim.crm,Crm,Products,ServiceRateForBranchFirstThree,"decimal(18,2)",Evet,,Hayir,,Crm.CashPriceIntervalRates; Crm.ContractTemplate; Crm.DeliveryRanges; Crm.GroupProducts; Crm.PremiumTimings; Crm.ServiceRateRanges; Crm.Users; Crm.VariableIndexGroups,
katilim.crm,Crm,Products,ServiceRateForBranchFirstTwo,"decimal(18,2)",Evet,,Hayir,,Crm.CashPriceIntervalRates; Crm.ContractTemplate; Crm.DeliveryRanges; Crm.GroupProducts; Crm.PremiumTimings; Crm.ServiceRateRanges; Crm.Users; Crm.VariableIndexGroups,
katilim.crm,Crm,Products,ServiceRateForBranchLastFive,"decimal(18,2)",Evet,,Hayir,,Crm.CashPriceIntervalRates; Crm.ContractTemplate; Crm.DeliveryRanges; Crm.GroupProducts; Crm.PremiumTimings; Crm.ServiceRateRanges; Crm.Users; Crm.VariableIndexGroups,
katilim.crm,Crm,Products,ServiceRateForBranchLastFour,"decimal(18,2)",Evet,,Hayir,,Crm.CashPriceIntervalRates; Crm.ContractTemplate; Crm.DeliveryRanges; Crm.GroupProducts; Crm.PremiumTimings; Crm.ServiceRateRanges; Crm.Users; Crm.VariableIndexGroups,
katilim.crm,Crm,Products,ServiceRateForBranchLastThree,"decimal(18,2)",Evet,,Hayir,,Crm.CashPriceIntervalRates; Crm.ContractTemplate; Crm.DeliveryRanges; Crm.GroupProducts; Crm.PremiumTimings; Crm.ServiceRateRanges; Crm.Users; Crm.VariableIndexGroups,
katilim.crm,Crm,Products,ServiceRateForBranchLastTwo,"decimal(18,2)",Evet,,Hayir,,Crm.CashPriceIntervalRates; Crm.ContractTemplate; Crm.DeliveryRanges; Crm.GroupProducts; Crm.PremiumTimings; Crm.ServiceRateRanges; Crm.Users; Crm.VariableIndexGroups,
katilim.crm,Crm,Products,ServiceRateForBranchManager,"decimal(18,2)",Evet,,Hayir,,Crm.CashPriceIntervalRates; Crm.ContractTemplate; Crm.DeliveryRanges; Crm.GroupProducts; Crm.PremiumTimings; Crm.ServiceRateRanges; Crm.Users; Crm.VariableIndexGroups,
katilim.crm,Crm,Products,ServiceRateForBranchManagerFirst,"decimal(18,2)",Evet,,Hayir,,Crm.CashPriceIntervalRates; Crm.ContractTemplate; Crm.DeliveryRanges; Crm.GroupProducts; Crm.PremiumTimings; Crm.ServiceRateRanges; Crm.Users; Crm.VariableIndexGroups,
katilim.crm,Crm,Products,ServiceRateForBranchManagerFirstFive,"decimal(18,2)",Evet,,Hayir,,Crm.CashPriceIntervalRates; Crm.ContractTemplate; Crm.DeliveryRanges; Crm.GroupProducts; Crm.PremiumTimings; Crm.ServiceRateRanges; Crm.Users; Crm.VariableIndexGroups,
katilim.crm,Crm,Products,ServiceRateForBranchManagerFirstFour,"decimal(18,2)",Evet,,Hayir,,Crm.CashPriceIntervalRates; Crm.ContractTemplate; Crm.DeliveryRanges; Crm.GroupProducts; Crm.PremiumTimings; Crm.ServiceRateRanges; Crm.Users; Crm.VariableIndexGroups,
katilim.crm,Crm,Products,ServiceRateForBranchManagerFirstThree,"decimal(18,2)",Evet,,Hayir,,Crm.CashPriceIntervalRates; Crm.ContractTemplate; Crm.DeliveryRanges; Crm.GroupProducts; Crm.PremiumTimings; Crm.ServiceRateRanges; Crm.Users; Crm.VariableIndexGroups,
katilim.crm,Crm,Products,ServiceRateForBranchManagerFirstTwo,"decimal(18,2)",Evet,,Hayir,,Crm.CashPriceIntervalRates; Crm.ContractTemplate; Crm.DeliveryRanges; Crm.GroupProducts; Crm.PremiumTimings; Crm.ServiceRateRanges; Crm.Users; Crm.VariableIndexGroups,
katilim.crm,Crm,Products,ServiceRateForBranchManagerLast,"decimal(18,2)",Evet,,Hayir,,Crm.CashPriceIntervalRates; Crm.ContractTemplate; Crm.DeliveryRanges; Crm.GroupProducts; Crm.PremiumTimings; Crm.ServiceRateRanges; Crm.Users; Crm.VariableIndexGroups,
katilim.crm,Crm,Products,ServiceRateForBranchManagerLastFive,"decimal(18,2)",Evet,,Hayir,,Crm.CashPriceIntervalRates; Crm.ContractTemplate; Crm.DeliveryRanges; Crm.GroupProducts; Crm.PremiumTimings; Crm.ServiceRateRanges; Crm.Users; Crm.VariableIndexGroups,
katilim.crm,Crm,Products,ServiceRateForBranchManagerLastFour,"decimal(18,2)",Evet,,Hayir,,Crm.CashPriceIntervalRates; Crm.ContractTemplate; Crm.DeliveryRanges; Crm.GroupProducts; Crm.PremiumTimings; Crm.ServiceRateRanges; Crm.Users; Crm.VariableIndexGroups,
katilim.crm,Crm,Products,ServiceRateForBranchManagerLastThree,"decimal(18,2)",Evet,,Hayir,,Crm.CashPriceIntervalRates; Crm.ContractTemplate; Crm.DeliveryRanges; Crm.GroupProducts; Crm.PremiumTimings; Crm.ServiceRateRanges; Crm.Users; Crm.VariableIndexGroups,
katilim.crm,Crm,Products,ServiceRateForBranchManagerLastTwo,"decimal(18,2)",Evet,,Hayir,,Crm.CashPriceIntervalRates; Crm.ContractTemplate; Crm.DeliveryRanges; Crm.GroupProducts; Crm.PremiumTimings; Crm.ServiceRateRanges; Crm.Users; Crm.VariableIndexGroups,
katilim.crm,Crm,Products,ServiceRateForGeneralManagerFirstFive,"decimal(18,2)",Evet,,Hayir,,Crm.CashPriceIntervalRates; Crm.ContractTemplate; Crm.DeliveryRanges; Crm.GroupProducts; Crm.PremiumTimings; Crm.ServiceRateRanges; Crm.Users; Crm.VariableIndexGroups,
katilim.crm,Crm,Products,ServiceRateForGeneralManagerFirstFour,"decimal(18,2)",Evet,,Hayir,,Crm.CashPriceIntervalRates; Crm.ContractTemplate; Crm.DeliveryRanges; Crm.GroupProducts; Crm.PremiumTimings; Crm.ServiceRateRanges; Crm.Users; Crm.VariableIndexGroups,
katilim.crm,Crm,Products,ServiceRateForGeneralManagerFirstThree,"decimal(18,2)",Evet,,Hayir,,Crm.CashPriceIntervalRates; Crm.ContractTemplate; Crm.DeliveryRanges; Crm.GroupProducts; Crm.PremiumTimings; Crm.ServiceRateRanges; Crm.Users; Crm.VariableIndexGroups,
katilim.crm,Crm,Products,ServiceRateForGeneralManagerFirstTwo,"decimal(18,2)",Evet,,Hayir,,Crm.CashPriceIntervalRates; Crm.ContractTemplate; Crm.DeliveryRanges; Crm.GroupProducts; Crm.PremiumTimings; Crm.ServiceRateRanges; Crm.Users; Crm.VariableIndexGroups,
katilim.crm,Crm,Products,ServiceRateForGeneralManagerLastFive,"decimal(18,2)",Evet,,Hayir,,Crm.CashPriceIntervalRates; Crm.ContractTemplate; Crm.DeliveryRanges; Crm.GroupProducts; Crm.PremiumTimings; Crm.ServiceRateRanges; Crm.Users; Crm.VariableIndexGroups,
katilim.crm,Crm,Products,ServiceRateForGeneralManagerLastFour,"decimal(18,2)",Evet,,Hayir,,Crm.CashPriceIntervalRates; Crm.ContractTemplate; Crm.DeliveryRanges; Crm.GroupProducts; Crm.PremiumTimings; Crm.ServiceRateRanges; Crm.Users; Crm.VariableIndexGroups,
katilim.crm,Crm,Products,ServiceRateForGeneralManagerLastThree,"decimal(18,2)",Evet,,Hayir,,Crm.CashPriceIntervalRates; Crm.ContractTemplate; Crm.DeliveryRanges; Crm.GroupProducts; Crm.PremiumTimings; Crm.ServiceRateRanges; Crm.Users; Crm.VariableIndexGroups,
katilim.crm,Crm,Products,ServiceRateForGeneralManagerLastTwo,"decimal(18,2)",Evet,,Hayir,,Crm.CashPriceIntervalRates; Crm.ContractTemplate; Crm.DeliveryRanges; Crm.GroupProducts; Crm.PremiumTimings; Crm.ServiceRateRanges; Crm.Users; Crm.VariableIndexGroups,
katilim.crm,Crm,Products,ServiceRateForRegionFirstFive,"decimal(18,2)",Evet,,Hayir,,Crm.CashPriceIntervalRates; Crm.ContractTemplate; Crm.DeliveryRanges; Crm.GroupProducts; Crm.PremiumTimings; Crm.ServiceRateRanges; Crm.Users; Crm.VariableIndexGroups,
katilim.crm,Crm,Products,ServiceRateForRegionFirstFour,"decimal(18,2)",Evet,,Hayir,,Crm.CashPriceIntervalRates; Crm.ContractTemplate; Crm.DeliveryRanges; Crm.GroupProducts; Crm.PremiumTimings; Crm.ServiceRateRanges; Crm.Users; Crm.VariableIndexGroups,
katilim.crm,Crm,Products,ServiceRateForRegionFirstThree,"decimal(18,2)",Evet,,Hayir,,Crm.CashPriceIntervalRates; Crm.ContractTemplate; Crm.DeliveryRanges; Crm.GroupProducts; Crm.PremiumTimings; Crm.ServiceRateRanges; Crm.Users; Crm.VariableIndexGroups,
katilim.crm,Crm,Products,ServiceRateForRegionFirstTwo,"decimal(18,2)",Evet,,Hayir,,Crm.CashPriceIntervalRates; Crm.ContractTemplate; Crm.DeliveryRanges; Crm.GroupProducts; Crm.PremiumTimings; Crm.ServiceRateRanges; Crm.Users; Crm.VariableIndexGroups,
katilim.crm,Crm,Products,ServiceRateForRegionLastFive,"decimal(18,2)",Evet,,Hayir,,Crm.CashPriceIntervalRates; Crm.ContractTemplate; Crm.DeliveryRanges; Crm.GroupProducts; Crm.PremiumTimings; Crm.ServiceRateRanges; Crm.Users; Crm.VariableIndexGroups,
katilim.crm,Crm,Products,ServiceRateForRegionLastFour,"decimal(18,2)",Evet,,Hayir,,Crm.CashPriceIntervalRates; Crm.ContractTemplate; Crm.DeliveryRanges; Crm.GroupProducts; Crm.PremiumTimings; Crm.ServiceRateRanges; Crm.Users; Crm.VariableIndexGroups,
katilim.crm,Crm,Products,ServiceRateForRegionLastThree,"decimal(18,2)",Evet,,Hayir,,Crm.CashPriceIntervalRates; Crm.ContractTemplate; Crm.DeliveryRanges; Crm.GroupProducts; Crm.PremiumTimings; Crm.ServiceRateRanges; Crm.Users; Crm.VariableIndexGroups,
katilim.crm,Crm,Products,ServiceRateForRegionLastTwo,"decimal(18,2)",Evet,,Hayir,,Crm.CashPriceIntervalRates; Crm.ContractTemplate; Crm.DeliveryRanges; Crm.GroupProducts; Crm.PremiumTimings; Crm.ServiceRateRanges; Crm.Users; Crm.VariableIndexGroups,
katilim.crm,Crm,Products,InflationRate,"decimal(18,2)",Evet,,Hayir,,Crm.CashPriceIntervalRates; Crm.ContractTemplate; Crm.DeliveryRanges; Crm.GroupProducts; Crm.PremiumTimings; Crm.ServiceRateRanges; Crm.Users; Crm.VariableIndexGroups,
katilim.crm,Crm,Products,IsTmsf,bit,Hayir,((0)),Hayir,,Crm.CashPriceIntervalRates; Crm.ContractTemplate; Crm.DeliveryRanges; Crm.GroupProducts; Crm.PremiumTimings; Crm.ServiceRateRanges; Crm.Users; Crm.VariableIndexGroups,
katilim.crm,Crm,Products,OldProductUid,uniqueidentifier,Evet,,Hayir,,Crm.CashPriceIntervalRates; Crm.ContractTemplate; Crm.DeliveryRanges; Crm.GroupProducts; Crm.PremiumTimings; Crm.ServiceRateRanges; Crm.Users; Crm.VariableIndexGroups,
katilim.crm,Crm,Products,HasLottery,bit,Evet,,Hayir,,Crm.CashPriceIntervalRates; Crm.ContractTemplate; Crm.DeliveryRanges; Crm.GroupProducts; Crm.PremiumTimings; Crm.ServiceRateRanges; Crm.Users; Crm.VariableIndexGroups,
katilim.crm,Crm,Products,InstallmentPriceMaxLimit,"decimal(18,2)",Evet,,Hayir,,Crm.CashPriceIntervalRates; Crm.ContractTemplate; Crm.DeliveryRanges; Crm.GroupProducts; Crm.PremiumTimings; Crm.ServiceRateRanges; Crm.Users; Crm.VariableIndexGroups,
katilim.crm,Crm,Products,IsServicePriceCreditCardInstallment,bit,Evet,,Hayir,,Crm.CashPriceIntervalRates; Crm.ContractTemplate; Crm.DeliveryRanges; Crm.GroupProducts; Crm.PremiumTimings; Crm.ServiceRateRanges; Crm.Users; Crm.VariableIndexGroups,
katilim.crm,Crm,Products,ServicePriceCreditCardForBranch,"decimal(18,2)",Evet,,Hayir,,Crm.CashPriceIntervalRates; Crm.ContractTemplate; Crm.DeliveryRanges; Crm.GroupProducts; Crm.PremiumTimings; Crm.ServiceRateRanges; Crm.Users; Crm.VariableIndexGroups,
katilim.crm,Crm,Products,ServicePriceCreditCardNotCampaign,"decimal(18,2)",Evet,,Hayir,,Crm.CashPriceIntervalRates; Crm.ContractTemplate; Crm.DeliveryRanges; Crm.GroupProducts; Crm.PremiumTimings; Crm.ServiceRateRanges; Crm.Users; Crm.VariableIndexGroups,
katilim.crm,Crm,Products,ServicePriceCreditCardForRegion,"decimal(18,2)",Evet,,Hayir,,Crm.CashPriceIntervalRates; Crm.ContractTemplate; Crm.DeliveryRanges; Crm.GroupProducts; Crm.PremiumTimings; Crm.ServiceRateRanges; Crm.Users; Crm.VariableIndexGroups,
katilim.crm,Crm,Products,ServicePriceCreditCardForCEO,"decimal(18,2)",Evet,,Hayir,,Crm.CashPriceIntervalRates; Crm.ContractTemplate; Crm.DeliveryRanges; Crm.GroupProducts; Crm.PremiumTimings; Crm.ServiceRateRanges; Crm.Users; Crm.VariableIndexGroups,
katilim.crm,Crm,Products,ServicePriceCreditCardMaxInstallmentCount,int,Evet,,Hayir,,Crm.CashPriceIntervalRates; Crm.ContractTemplate; Crm.DeliveryRanges; Crm.GroupProducts; Crm.PremiumTimings; Crm.ServiceRateRanges; Crm.Users; Crm.VariableIndexGroups,
katilim.crm,Crm,Products,IncreaseRateByMonth,int,Evet,,Hayir,,Crm.CashPriceIntervalRates; Crm.ContractTemplate; Crm.DeliveryRanges; Crm.GroupProducts; Crm.PremiumTimings; Crm.ServiceRateRanges; Crm.Users; Crm.VariableIndexGroups,
katilim.crm,Crm,Products,SixMonthsRateOfIncrease,"decimal(18,2)",Evet,,Hayir,,Crm.CashPriceIntervalRates; Crm.ContractTemplate; Crm.DeliveryRanges; Crm.GroupProducts; Crm.PremiumTimings; Crm.ServiceRateRanges; Crm.Users; Crm.VariableIndexGroups,
katilim.crm,Crm,Products,IncreasePeriodMonth,int,Evet,,Hayir,,Crm.CashPriceIntervalRates; Crm.ContractTemplate; Crm.DeliveryRanges; Crm.GroupProducts; Crm.PremiumTimings; Crm.ServiceRateRanges; Crm.Users; Crm.VariableIndexGroups,
katilim.crm,Crm,Products,FirstServicePriceCreditCardMaxInstallmentCount,int,Evet,,Hayir,,Crm.CashPriceIntervalRates; Crm.ContractTemplate; Crm.DeliveryRanges; Crm.GroupProducts; Crm.PremiumTimings; Crm.ServiceRateRanges; Crm.Users; Crm.VariableIndexGroups,
katilim.crm,Crm,Products,IsServicePriceCreditCardPartialInstallment,bit,Evet,,Hayir,,Crm.CashPriceIntervalRates; Crm.ContractTemplate; Crm.DeliveryRanges; Crm.GroupProducts; Crm.PremiumTimings; Crm.ServiceRateRanges; Crm.Users; Crm.VariableIndexGroups,
katilim.crm,Crm,Products,ServicePriceCreditCardPartialForBranch,"decimal(18,2)",Evet,,Hayir,,Crm.CashPriceIntervalRates; Crm.ContractTemplate; Crm.DeliveryRanges; Crm.GroupProducts; Crm.PremiumTimings; Crm.ServiceRateRanges; Crm.Users; Crm.VariableIndexGroups,
katilim.crm,Crm,Products,ServicePriceCreditCardPartialNotCampaign,"decimal(18,2)",Evet,,Hayir,,Crm.CashPriceIntervalRates; Crm.ContractTemplate; Crm.DeliveryRanges; Crm.GroupProducts; Crm.PremiumTimings; Crm.ServiceRateRanges; Crm.Users; Crm.VariableIndexGroups,
katilim.crm,Crm,Products,ServicePriceCreditCardPartialForRegion,"decimal(18,2)",Evet,,Hayir,,Crm.CashPriceIntervalRates; Crm.ContractTemplate; Crm.DeliveryRanges; Crm.GroupProducts; Crm.PremiumTimings; Crm.ServiceRateRanges; Crm.Users; Crm.VariableIndexGroups,
katilim.crm,Crm,Products,ServicePriceCreditCardPartialForCEO,"decimal(18,2)",Evet,,Hayir,,Crm.CashPriceIntervalRates; Crm.ContractTemplate; Crm.DeliveryRanges; Crm.GroupProducts; Crm.PremiumTimings; Crm.ServiceRateRanges; Crm.Users; Crm.VariableIndexGroups,
katilim.crm,Crm,Products,SpecialCashRateFirst,"decimal(18,2)",Evet,,Hayir,,Crm.CashPriceIntervalRates; Crm.ContractTemplate; Crm.DeliveryRanges; Crm.GroupProducts; Crm.PremiumTimings; Crm.ServiceRateRanges; Crm.Users; Crm.VariableIndexGroups,
katilim.crm,Crm,Products,SpecialCashRateSecond,"decimal(18,2)",Evet,,Hayir,,Crm.CashPriceIntervalRates; Crm.ContractTemplate; Crm.DeliveryRanges; Crm.GroupProducts; Crm.PremiumTimings; Crm.ServiceRateRanges; Crm.Users; Crm.VariableIndexGroups,
katilim.crm,Crm,Products,FragmentationServicePriceCreditCardMaxInstallmentCount,int,Evet,,Hayir,,Crm.CashPriceIntervalRates; Crm.ContractTemplate; Crm.DeliveryRanges; Crm.GroupProducts; Crm.PremiumTimings; Crm.ServiceRateRanges; Crm.Users; Crm.VariableIndexGroups,
katilim.crm,Crm,Products,PreventIncreaseAfterDelivery,bit,Hayir,((0)),Hayir,,Crm.CashPriceIntervalRates; Crm.ContractTemplate; Crm.DeliveryRanges; Crm.GroupProducts; Crm.PremiumTimings; Crm.ServiceRateRanges; Crm.Users; Crm.VariableIndexGroups,
katilim.crm,Crm,ProxyOrganizations,Uid,uniqueidentifier,Hayir,,Hayir,,,
katilim.crm,Crm,ProxyOrganizations,UpdatedAt,datetime2(7),Evet,,Hayir,,,
katilim.crm,Crm,ProxyOrganizations,DeletedAt,datetime2(7),Evet,,Hayir,,,
katilim.crm,Crm,ProxyOrganizations,CreatedAt,datetime2(7),Hayir,,Hayir,,,
katilim.crm,Crm,ProxyOrganizations,CreatedBy,uniqueidentifier,Evet,,Hayir,,,
katilim.crm,Crm,ProxyOrganizations,UpdatedBy,uniqueidentifier,Evet,,Hayir,,,
katilim.crm,Crm,ProxyOrganizations,DeletedBy,uniqueidentifier,Evet,,Hayir,,,
katilim.crm,Crm,ProxyOrganizations,Deleted,bit,Hayir,,Hayir,,,
katilim.crm,Crm,ProxyOrganizations,ProxyUserUid,uniqueidentifier,Hayir,,Hayir,,,
katilim.crm,Crm,ProxyOrganizations,OrganizationUid,uniqueidentifier,Hayir,,Hayir,,,
katilim.crm,Crm,ProxyOrganizations,ProxyStartDate,datetime2(7),Hayir,,Hayir,,,
katilim.crm,Crm,ProxyOrganizations,ProxyEndDate,datetime2(7),Hayir,,Hayir,,,
katilim.crm,Crm,QualityAnswers,Uid,uniqueidentifier,Hayir,,Evet,,Crm.Activities; Crm.QualityForms; Crm.QualityQuestions; Crm.Users,
katilim.crm,Crm,QualityAnswers,UpdatedAt,datetime2(7),Evet,,Hayir,,Crm.Activities; Crm.QualityForms; Crm.QualityQuestions; Crm.Users,
katilim.crm,Crm,QualityAnswers,DeletedAt,datetime2(7),Evet,,Hayir,,Crm.Activities; Crm.QualityForms; Crm.QualityQuestions; Crm.Users,
katilim.crm,Crm,QualityAnswers,CreatedAt,datetime2(7),Hayir,,Hayir,,Crm.Activities; Crm.QualityForms; Crm.QualityQuestions; Crm.Users,
katilim.crm,Crm,QualityAnswers,CreatedBy,uniqueidentifier,Evet,,Hayir,Crm.Users.Uid,Crm.Activities; Crm.QualityForms; Crm.QualityQuestions; Crm.Users,
katilim.crm,Crm,QualityAnswers,UpdatedBy,uniqueidentifier,Evet,,Hayir,Crm.Users.Uid,Crm.Activities; Crm.QualityForms; Crm.QualityQuestions; Crm.Users,
katilim.crm,Crm,QualityAnswers,DeletedBy,uniqueidentifier,Evet,,Hayir,Crm.Users.Uid,Crm.Activities; Crm.QualityForms; Crm.QualityQuestions; Crm.Users,
katilim.crm,Crm,QualityAnswers,Deleted,bit,Hayir,,Hayir,,Crm.Activities; Crm.QualityForms; Crm.QualityQuestions; Crm.Users,
katilim.crm,Crm,QualityAnswers,Point,int,Hayir,,Hayir,,Crm.Activities; Crm.QualityForms; Crm.QualityQuestions; Crm.Users,
katilim.crm,Crm,QualityAnswers,QualityQuestionUid,uniqueidentifier,Evet,,Hayir,Crm.QualityQuestions.Uid,Crm.Activities; Crm.QualityForms; Crm.QualityQuestions; Crm.Users,
katilim.crm,Crm,QualityAnswers,QualityFormUid,uniqueidentifier,Evet,,Hayir,Crm.QualityForms.Uid,Crm.Activities; Crm.QualityForms; Crm.QualityQuestions; Crm.Users,
katilim.crm,Crm,QualityAnswers,ActivityUid,uniqueidentifier,Evet,,Hayir,Crm.Activities.Uid,Crm.Activities; Crm.QualityForms; Crm.QualityQuestions; Crm.Users,
katilim.crm,Crm,QualityAnswers,UserUid,uniqueidentifier,Evet,,Hayir,Crm.Users.Uid,Crm.Activities; Crm.QualityForms; Crm.QualityQuestions; Crm.Users,
katilim.crm,Crm,QualityForms,Uid,uniqueidentifier,Hayir,,Evet,,Crm.QualityAnswers; Crm.QualityNotes; Crm.QualityQuestions; Crm.Users,
katilim.crm,Crm,QualityForms,UpdatedAt,datetime2(7),Evet,,Hayir,,Crm.QualityAnswers; Crm.QualityNotes; Crm.QualityQuestions; Crm.Users,
katilim.crm,Crm,QualityForms,DeletedAt,datetime2(7),Evet,,Hayir,,Crm.QualityAnswers; Crm.QualityNotes; Crm.QualityQuestions; Crm.Users,
katilim.crm,Crm,QualityForms,CreatedAt,datetime2(7),Hayir,,Hayir,,Crm.QualityAnswers; Crm.QualityNotes; Crm.QualityQuestions; Crm.Users,
katilim.crm,Crm,QualityForms,CreatedBy,uniqueidentifier,Evet,,Hayir,Crm.Users.Uid,Crm.QualityAnswers; Crm.QualityNotes; Crm.QualityQuestions; Crm.Users,
katilim.crm,Crm,QualityForms,UpdatedBy,uniqueidentifier,Evet,,Hayir,Crm.Users.Uid,Crm.QualityAnswers; Crm.QualityNotes; Crm.QualityQuestions; Crm.Users,
katilim.crm,Crm,QualityForms,DeletedBy,uniqueidentifier,Evet,,Hayir,Crm.Users.Uid,Crm.QualityAnswers; Crm.QualityNotes; Crm.QualityQuestions; Crm.Users,
katilim.crm,Crm,QualityForms,Deleted,bit,Hayir,,Hayir,,Crm.QualityAnswers; Crm.QualityNotes; Crm.QualityQuestions; Crm.Users,
katilim.crm,Crm,QualityForms,Name,nvarchar(100),Evet,,Hayir,,Crm.QualityAnswers; Crm.QualityNotes; Crm.QualityQuestions; Crm.Users,
katilim.crm,Crm,QualityForms,Type,nvarchar(100),Evet,,Hayir,,Crm.QualityAnswers; Crm.QualityNotes; Crm.QualityQuestions; Crm.Users,
katilim.crm,Crm,QualityForms,UserUid,uniqueidentifier,Evet,,Hayir,Crm.Users.Uid,Crm.QualityAnswers; Crm.QualityNotes; Crm.QualityQuestions; Crm.Users,
katilim.crm,Crm,QualityNotes,Uid,uniqueidentifier,Hayir,,Evet,,Crm.Activities; Crm.QualityForms; Crm.Users,
katilim.crm,Crm,QualityNotes,UpdatedAt,datetime2(7),Evet,,Hayir,,Crm.Activities; Crm.QualityForms; Crm.Users,
katilim.crm,Crm,QualityNotes,DeletedAt,datetime2(7),Evet,,Hayir,,Crm.Activities; Crm.QualityForms; Crm.Users,
katilim.crm,Crm,QualityNotes,CreatedAt,datetime2(7),Hayir,,Hayir,,Crm.Activities; Crm.QualityForms; Crm.Users,
katilim.crm,Crm,QualityNotes,CreatedBy,uniqueidentifier,Evet,,Hayir,Crm.Users.Uid,Crm.Activities; Crm.QualityForms; Crm.Users,
katilim.crm,Crm,QualityNotes,UpdatedBy,uniqueidentifier,Evet,,Hayir,Crm.Users.Uid,Crm.Activities; Crm.QualityForms; Crm.Users,
katilim.crm,Crm,QualityNotes,DeletedBy,uniqueidentifier,Evet,,Hayir,Crm.Users.Uid,Crm.Activities; Crm.QualityForms; Crm.Users,
katilim.crm,Crm,QualityNotes,Deleted,bit,Hayir,,Hayir,,Crm.Activities; Crm.QualityForms; Crm.Users,
katilim.crm,Crm,QualityNotes,Note,nvarchar(max),Evet,,Hayir,,Crm.Activities; Crm.QualityForms; Crm.Users,
katilim.crm,Crm,QualityNotes,QualityFormUid,uniqueidentifier,Evet,,Hayir,Crm.QualityForms.Uid,Crm.Activities; Crm.QualityForms; Crm.Users,
katilim.crm,Crm,QualityNotes,ActivityUid,uniqueidentifier,Evet,,Hayir,Crm.Activities.Uid,Crm.Activities; Crm.QualityForms; Crm.Users,
katilim.crm,Crm,QualityQuestions,Uid,uniqueidentifier,Hayir,,Evet,,Crm.QualityAnswers; Crm.QualityForms; Crm.Users,
katilim.crm,Crm,QualityQuestions,UpdatedAt,datetime2(7),Evet,,Hayir,,Crm.QualityAnswers; Crm.QualityForms; Crm.Users,
katilim.crm,Crm,QualityQuestions,DeletedAt,datetime2(7),Evet,,Hayir,,Crm.QualityAnswers; Crm.QualityForms; Crm.Users,
katilim.crm,Crm,QualityQuestions,CreatedAt,datetime2(7),Hayir,,Hayir,,Crm.QualityAnswers; Crm.QualityForms; Crm.Users,
katilim.crm,Crm,QualityQuestions,CreatedBy,uniqueidentifier,Evet,,Hayir,Crm.Users.Uid,Crm.QualityAnswers; Crm.QualityForms; Crm.Users,
katilim.crm,Crm,QualityQuestions,UpdatedBy,uniqueidentifier,Evet,,Hayir,Crm.Users.Uid,Crm.QualityAnswers; Crm.QualityForms; Crm.Users,
katilim.crm,Crm,QualityQuestions,DeletedBy,uniqueidentifier,Evet,,Hayir,Crm.Users.Uid,Crm.QualityAnswers; Crm.QualityForms; Crm.Users,
katilim.crm,Crm,QualityQuestions,Deleted,bit,Hayir,,Hayir,,Crm.QualityAnswers; Crm.QualityForms; Crm.Users,
katilim.crm,Crm,QualityQuestions,Name,nvarchar(100),Evet,,Hayir,,Crm.QualityAnswers; Crm.QualityForms; Crm.Users,
katilim.crm,Crm,QualityQuestions,Type,nvarchar(100),Evet,,Hayir,,Crm.QualityAnswers; Crm.QualityForms; Crm.Users,
katilim.crm,Crm,QualityQuestions,Order,int,Hayir,,Hayir,,Crm.QualityAnswers; Crm.QualityForms; Crm.Users,
katilim.crm,Crm,QualityQuestions,Weight,int,Hayir,,Hayir,,Crm.QualityAnswers; Crm.QualityForms; Crm.Users,
katilim.crm,Crm,QualityQuestions,Question,nvarchar(4000),Evet,,Hayir,,Crm.QualityAnswers; Crm.QualityForms; Crm.Users,
katilim.crm,Crm,QualityQuestions,Description,nvarchar(4000),Evet,,Hayir,,Crm.QualityAnswers; Crm.QualityForms; Crm.Users,
katilim.crm,Crm,QualityQuestions,QualityFormUid,uniqueidentifier,Evet,,Hayir,Crm.QualityForms.Uid,Crm.QualityAnswers; Crm.QualityForms; Crm.Users,
katilim.crm,Crm,QualityQuestions,UserUid,uniqueidentifier,Evet,,Hayir,Crm.Users.Uid,Crm.QualityAnswers; Crm.QualityForms; Crm.Users,
katilim.crm,Crm,RepCampaigns,Uid,uniqueidentifier,Hayir,,Evet,,Crm.Reps,
katilim.crm,Crm,RepCampaigns,UpdatedAt,datetime2(7),Evet,,Hayir,,Crm.Reps,
katilim.crm,Crm,RepCampaigns,DeletedAt,datetime2(7),Evet,,Hayir,,Crm.Reps,
katilim.crm,Crm,RepCampaigns,CreatedAt,datetime2(7),Hayir,,Hayir,,Crm.Reps,
katilim.crm,Crm,RepCampaigns,CreatedBy,uniqueidentifier,Evet,,Hayir,,Crm.Reps,
katilim.crm,Crm,RepCampaigns,UpdatedBy,uniqueidentifier,Evet,,Hayir,,Crm.Reps,
katilim.crm,Crm,RepCampaigns,DeletedBy,uniqueidentifier,Evet,,Hayir,,Crm.Reps,
katilim.crm,Crm,RepCampaigns,Deleted,bit,Hayir,,Hayir,,Crm.Reps,
katilim.crm,Crm,RepCampaigns,RepUid,uniqueidentifier,Hayir,,Hayir,Crm.Reps.Uid,Crm.Reps,
katilim.crm,Crm,RepCampaigns,PeriodDate,datetime2(7),Hayir,,Hayir,,Crm.Reps,
katilim.crm,Crm,RepCampaigns,AdviceCount,int,Hayir,,Hayir,,Crm.Reps,
katilim.crm,Crm,RepCampaigns,DrawNumber,int,Evet,,Hayir,,Crm.Reps,
katilim.crm,Crm,RepCampaigns,Winner,smallint,Evet,,Hayir,,Crm.Reps,
katilim.crm,Crm,RepContracts,Uid,uniqueidentifier,Hayir,,Evet,,Crm.Contracts; Crm.Reps; Crm.Users,
katilim.crm,Crm,RepContracts,UpdatedAt,datetime2(7),Evet,,Hayir,,Crm.Contracts; Crm.Reps; Crm.Users,
katilim.crm,Crm,RepContracts,DeletedAt,datetime2(7),Evet,,Hayir,,Crm.Contracts; Crm.Reps; Crm.Users,
katilim.crm,Crm,RepContracts,CreatedAt,datetime2(7),Hayir,,Hayir,,Crm.Contracts; Crm.Reps; Crm.Users,
katilim.crm,Crm,RepContracts,CreatedBy,uniqueidentifier,Evet,,Hayir,Crm.Users.Uid,Crm.Contracts; Crm.Reps; Crm.Users,
katilim.crm,Crm,RepContracts,UpdatedBy,uniqueidentifier,Evet,,Hayir,Crm.Users.Uid,Crm.Contracts; Crm.Reps; Crm.Users,
katilim.crm,Crm,RepContracts,DeletedBy,uniqueidentifier,Evet,,Hayir,Crm.Users.Uid,Crm.Contracts; Crm.Reps; Crm.Users,
katilim.crm,Crm,RepContracts,Deleted,bit,Hayir,,Hayir,,Crm.Contracts; Crm.Reps; Crm.Users,
katilim.crm,Crm,RepContracts,RepUid,uniqueidentifier,Hayir,,Hayir,Crm.Reps.Uid,Crm.Contracts; Crm.Reps; Crm.Users,
katilim.crm,Crm,RepContracts,ContractUid,uniqueidentifier,Hayir,,Hayir,Crm.Contracts.Uid,Crm.Contracts; Crm.Reps; Crm.Users,
katilim.crm,Crm,RepContracts,AllowanceYear,int,Evet,,Hayir,,Crm.Contracts; Crm.Reps; Crm.Users,
katilim.crm,Crm,RepContracts,AllowanceMonth,int,Evet,,Hayir,,Crm.Contracts; Crm.Reps; Crm.Users,
katilim.crm,Crm,RepGifts,Uid,uniqueidentifier,Hayir,,Evet,,Crm.Users,
katilim.crm,Crm,RepGifts,UpdatedAt,datetime2(7),Evet,,Hayir,,Crm.Users,
katilim.crm,Crm,RepGifts,DeletedAt,datetime2(7),Evet,,Hayir,,Crm.Users,
katilim.crm,Crm,RepGifts,CreatedAt,datetime2(7),Hayir,,Hayir,,Crm.Users,
katilim.crm,Crm,RepGifts,CreatedBy,uniqueidentifier,Evet,,Hayir,Crm.Users.Uid,Crm.Users,
katilim.crm,Crm,RepGifts,UpdatedBy,uniqueidentifier,Evet,,Hayir,Crm.Users.Uid,Crm.Users,
katilim.crm,Crm,RepGifts,DeletedBy,uniqueidentifier,Evet,,Hayir,Crm.Users.Uid,Crm.Users,
katilim.crm,Crm,RepGifts,Deleted,bit,Hayir,,Hayir,,Crm.Users,
katilim.crm,Crm,RepGifts,Name,nvarchar(100),Evet,,Hayir,,Crm.Users,
katilim.crm,Crm,RepGifts,ImagePath,nvarchar(500),Evet,,Hayir,,Crm.Users,
katilim.crm,Crm,RepGifts,RequiredPoint,int,Hayir,,Hayir,,Crm.Users,
katilim.crm,Crm,RepIbans,Uid,uniqueidentifier,Hayir,,Evet,,Crm.Reps; Crm.Users,
katilim.crm,Crm,RepIbans,UpdatedAt,datetime2(7),Evet,,Hayir,,Crm.Reps; Crm.Users,
katilim.crm,Crm,RepIbans,DeletedAt,datetime2(7),Evet,,Hayir,,Crm.Reps; Crm.Users,
katilim.crm,Crm,RepIbans,CreatedAt,datetime2(7),Hayir,,Hayir,,Crm.Reps; Crm.Users,
katilim.crm,Crm,RepIbans,CreatedBy,uniqueidentifier,Evet,,Hayir,Crm.Users.Uid,Crm.Reps; Crm.Users,
katilim.crm,Crm,RepIbans,UpdatedBy,uniqueidentifier,Evet,,Hayir,Crm.Users.Uid,Crm.Reps; Crm.Users,
katilim.crm,Crm,RepIbans,DeletedBy,uniqueidentifier,Evet,,Hayir,Crm.Users.Uid,Crm.Reps; Crm.Users,
katilim.crm,Crm,RepIbans,Deleted,bit,Hayir,,Hayir,,Crm.Reps; Crm.Users,
katilim.crm,Crm,RepIbans,RepUid,uniqueidentifier,Hayir,,Hayir,Crm.Reps.Uid,Crm.Reps; Crm.Users,
katilim.crm,Crm,RepIbans,Iban,nvarchar(50),Evet,,Hayir,,Crm.Reps; Crm.Users,
katilim.crm,Crm,RepIbans,Status,nvarchar(50),Evet,,Hayir,,Crm.Reps; Crm.Users,
katilim.crm,Crm,RepIbans,BankCode,nvarchar(max),Evet,,Hayir,,Crm.Reps; Crm.Users,
katilim.crm,Crm,RepPaymentDetails,Uid,uniqueidentifier,Hayir,,Evet,,Crm.RepPayments; Crm.RepPointLogs; Crm.Users,
katilim.crm,Crm,RepPaymentDetails,UpdatedAt,datetime2(7),Evet,,Hayir,,Crm.RepPayments; Crm.RepPointLogs; Crm.Users,
katilim.crm,Crm,RepPaymentDetails,DeletedAt,datetime2(7),Evet,,Hayir,,Crm.RepPayments; Crm.RepPointLogs; Crm.Users,
katilim.crm,Crm,RepPaymentDetails,CreatedAt,datetime2(7),Hayir,,Hayir,,Crm.RepPayments; Crm.RepPointLogs; Crm.Users,
katilim.crm,Crm,RepPaymentDetails,CreatedBy,uniqueidentifier,Evet,,Hayir,Crm.Users.Uid,Crm.RepPayments; Crm.RepPointLogs; Crm.Users,
katilim.crm,Crm,RepPaymentDetails,UpdatedBy,uniqueidentifier,Evet,,Hayir,Crm.Users.Uid,Crm.RepPayments; Crm.RepPointLogs; Crm.Users,
katilim.crm,Crm,RepPaymentDetails,DeletedBy,uniqueidentifier,Evet,,Hayir,Crm.Users.Uid,Crm.RepPayments; Crm.RepPointLogs; Crm.Users,
katilim.crm,Crm,RepPaymentDetails,Deleted,bit,Hayir,,Hayir,,Crm.RepPayments; Crm.RepPointLogs; Crm.Users,
katilim.crm,Crm,RepPaymentDetails,RepPaymentUid,uniqueidentifier,Hayir,,Hayir,Crm.RepPayments.Uid,Crm.RepPayments; Crm.RepPointLogs; Crm.Users,
katilim.crm,Crm,RepPaymentDetails,RepPointLogUid,uniqueidentifier,Hayir,,Hayir,Crm.RepPointLogs.Uid,Crm.RepPayments; Crm.RepPointLogs; Crm.Users,
katilim.crm,Crm,RepPaymentDetails,Point,int,Hayir,((0)),Hayir,,Crm.RepPayments; Crm.RepPointLogs; Crm.Users,
katilim.crm,Crm,RepPaymentGroups,Uid,uniqueidentifier,Hayir,,Evet,,Crm.Users,
katilim.crm,Crm,RepPaymentGroups,UpdatedAt,datetime2(7),Evet,,Hayir,,Crm.Users,
katilim.crm,Crm,RepPaymentGroups,DeletedAt,datetime2(7),Evet,,Hayir,,Crm.Users,
katilim.crm,Crm,RepPaymentGroups,CreatedAt,datetime2(7),Hayir,,Hayir,,Crm.Users,
katilim.crm,Crm,RepPaymentGroups,CreatedBy,uniqueidentifier,Evet,,Hayir,Crm.Users.Uid,Crm.Users,
katilim.crm,Crm,RepPaymentGroups,UpdatedBy,uniqueidentifier,Evet,,Hayir,Crm.Users.Uid,Crm.Users,
katilim.crm,Crm,RepPaymentGroups,DeletedBy,uniqueidentifier,Evet,,Hayir,Crm.Users.Uid,Crm.Users,
katilim.crm,Crm,RepPaymentGroups,Deleted,bit,Hayir,,Hayir,,Crm.Users,
katilim.crm,Crm,RepPaymentGroups,GroupNo,nvarchar(100),Evet,,Hayir,,Crm.Users,
katilim.crm,Crm,RepPaymentGroups,Status,nvarchar(50),Evet,,Hayir,,Crm.Users,
katilim.crm,Crm,RepPaymentGroups,TransferDate,datetime2(7),Evet,,Hayir,,Crm.Users,
katilim.crm,Crm,RepPayments,Uid,uniqueidentifier,Hayir,,Evet,,Crm.RepPaymentDetails; Crm.Reps; Crm.Users,
katilim.crm,Crm,RepPayments,UpdatedAt,datetime2(7),Evet,,Hayir,,Crm.RepPaymentDetails; Crm.Reps; Crm.Users,
katilim.crm,Crm,RepPayments,DeletedAt,datetime2(7),Evet,,Hayir,,Crm.RepPaymentDetails; Crm.Reps; Crm.Users,
katilim.crm,Crm,RepPayments,CreatedAt,datetime2(7),Hayir,,Hayir,,Crm.RepPaymentDetails; Crm.Reps; Crm.Users,
katilim.crm,Crm,RepPayments,CreatedBy,uniqueidentifier,Evet,,Hayir,Crm.Users.Uid,Crm.RepPaymentDetails; Crm.Reps; Crm.Users,
katilim.crm,Crm,RepPayments,UpdatedBy,uniqueidentifier,Evet,,Hayir,Crm.Users.Uid,Crm.RepPaymentDetails; Crm.Reps; Crm.Users,
katilim.crm,Crm,RepPayments,DeletedBy,uniqueidentifier,Evet,,Hayir,Crm.Users.Uid,Crm.RepPaymentDetails; Crm.Reps; Crm.Users,
katilim.crm,Crm,RepPayments,Deleted,bit,Hayir,,Hayir,,Crm.RepPaymentDetails; Crm.Reps; Crm.Users,
katilim.crm,Crm,RepPayments,RepUid,uniqueidentifier,Hayir,,Hayir,Crm.Reps.Uid,Crm.RepPaymentDetails; Crm.Reps; Crm.Users,
katilim.crm,Crm,RepPayments,RepGiftUid,uniqueidentifier,Evet,,Hayir,,Crm.RepPaymentDetails; Crm.Reps; Crm.Users,
katilim.crm,Crm,RepPayments,TotalPoint,int,Hayir,,Hayir,,Crm.RepPaymentDetails; Crm.Reps; Crm.Users,
katilim.crm,Crm,RepPayments,TotalPaidAmount,"decimal(18,2)",Hayir,,Hayir,,Crm.RepPaymentDetails; Crm.Reps; Crm.Users,
katilim.crm,Crm,RepPayments,Status,nvarchar(50),Evet,,Hayir,,Crm.RepPaymentDetails; Crm.Reps; Crm.Users,
katilim.crm,Crm,RepPayments,Type,nvarchar(50),Evet,,Hayir,,Crm.RepPaymentDetails; Crm.Reps; Crm.Users,
katilim.crm,Crm,RepPayments,InstallmentUid,uniqueidentifier,Evet,,Hayir,,Crm.RepPaymentDetails; Crm.Reps; Crm.Users,
katilim.crm,Crm,RepPayments,RepPaymentGroupUid,uniqueidentifier,Evet,,Hayir,,Crm.RepPaymentDetails; Crm.Reps; Crm.Users,
katilim.crm,Crm,RepPayments,RepPaymentGroupNo,nvarchar(100),Evet,,Hayir,,Crm.RepPaymentDetails; Crm.Reps; Crm.Users,
katilim.crm,Crm,RepPointLogs,Uid,uniqueidentifier,Hayir,,Evet,,Crm.Activities; Crm.Contracts; Crm.CustomerLogins; Crm.RepPaymentDetails; Crm.RepPoints; Crm.Users,
katilim.crm,Crm,RepPointLogs,UpdatedAt,datetime2(7),Evet,,Hayir,,Crm.Activities; Crm.Contracts; Crm.CustomerLogins; Crm.RepPaymentDetails; Crm.RepPoints; Crm.Users,
katilim.crm,Crm,RepPointLogs,DeletedAt,datetime2(7),Evet,,Hayir,,Crm.Activities; Crm.Contracts; Crm.CustomerLogins; Crm.RepPaymentDetails; Crm.RepPoints; Crm.Users,
katilim.crm,Crm,RepPointLogs,CreatedAt,datetime2(7),Hayir,,Hayir,,Crm.Activities; Crm.Contracts; Crm.CustomerLogins; Crm.RepPaymentDetails; Crm.RepPoints; Crm.Users,
katilim.crm,Crm,RepPointLogs,CreatedBy,uniqueidentifier,Evet,,Hayir,Crm.Users.Uid,Crm.Activities; Crm.Contracts; Crm.CustomerLogins; Crm.RepPaymentDetails; Crm.RepPoints; Crm.Users,
katilim.crm,Crm,RepPointLogs,UpdatedBy,uniqueidentifier,Evet,,Hayir,Crm.Users.Uid,Crm.Activities; Crm.Contracts; Crm.CustomerLogins; Crm.RepPaymentDetails; Crm.RepPoints; Crm.Users,
katilim.crm,Crm,RepPointLogs,DeletedBy,uniqueidentifier,Evet,,Hayir,Crm.Users.Uid,Crm.Activities; Crm.Contracts; Crm.CustomerLogins; Crm.RepPaymentDetails; Crm.RepPoints; Crm.Users,
katilim.crm,Crm,RepPointLogs,Deleted,bit,Hayir,,Hayir,,Crm.Activities; Crm.Contracts; Crm.CustomerLogins; Crm.RepPaymentDetails; Crm.RepPoints; Crm.Users,
katilim.crm,Crm,RepPointLogs,RepUid,uniqueidentifier,Hayir,,Hayir,,Crm.Activities; Crm.Contracts; Crm.CustomerLogins; Crm.RepPaymentDetails; Crm.RepPoints; Crm.Users,
katilim.crm,Crm,RepPointLogs,RepPointUid,uniqueidentifier,Hayir,,Hayir,Crm.RepPoints.Uid,Crm.Activities; Crm.Contracts; Crm.CustomerLogins; Crm.RepPaymentDetails; Crm.RepPoints; Crm.Users,
katilim.crm,Crm,RepPointLogs,Point,int,Hayir,,Hayir,,Crm.Activities; Crm.Contracts; Crm.CustomerLogins; Crm.RepPaymentDetails; Crm.RepPoints; Crm.Users,
katilim.crm,Crm,RepPointLogs,CustomerLoginUid,uniqueidentifier,Evet,,Hayir,Crm.CustomerLogins.Uid,Crm.Activities; Crm.Contracts; Crm.CustomerLogins; Crm.RepPaymentDetails; Crm.RepPoints; Crm.Users,
katilim.crm,Crm,RepPointLogs,LeadUid,uniqueidentifier,Evet,,Hayir,,Crm.Activities; Crm.Contracts; Crm.CustomerLogins; Crm.RepPaymentDetails; Crm.RepPoints; Crm.Users,
katilim.crm,Crm,RepPointLogs,ContractUid,uniqueidentifier,Evet,,Hayir,Crm.Contracts.Uid,Crm.Activities; Crm.Contracts; Crm.CustomerLogins; Crm.RepPaymentDetails; Crm.RepPoints; Crm.Users,
katilim.crm,Crm,RepPointLogs,ActivityUid,uniqueidentifier,Evet,,Hayir,Crm.Activities.Uid,Crm.Activities; Crm.Contracts; Crm.CustomerLogins; Crm.RepPaymentDetails; Crm.RepPoints; Crm.Users,
katilim.crm,Crm,RepPointLogs,EndDate,datetime2(7),Evet,,Hayir,,Crm.Activities; Crm.Contracts; Crm.CustomerLogins; Crm.RepPaymentDetails; Crm.RepPoints; Crm.Users,
katilim.crm,Crm,RepPointLogs,IsPaid,bit,Hayir,,Hayir,,Crm.Activities; Crm.Contracts; Crm.CustomerLogins; Crm.RepPaymentDetails; Crm.RepPoints; Crm.Users,
katilim.crm,Crm,RepPointLogs,Text,nvarchar(4000),Evet,,Hayir,,Crm.Activities; Crm.Contracts; Crm.CustomerLogins; Crm.RepPaymentDetails; Crm.RepPoints; Crm.Users,
katilim.crm,Crm,RepPointLogs,StartDate,datetime2(7),Evet,,Hayir,,Crm.Activities; Crm.Contracts; Crm.CustomerLogins; Crm.RepPaymentDetails; Crm.RepPoints; Crm.Users,
katilim.crm,Crm,RepPointLogs,IsProvision,bit,Hayir,((0)),Hayir,,Crm.Activities; Crm.Contracts; Crm.CustomerLogins; Crm.RepPaymentDetails; Crm.RepPoints; Crm.Users,
katilim.crm,Crm,RepPointLogs,PointPaid,int,Hayir,((0)),Hayir,,Crm.Activities; Crm.Contracts; Crm.CustomerLogins; Crm.RepPaymentDetails; Crm.RepPoints; Crm.Users,
katilim.crm,Crm,RepPointLogs,InstallmentUid,uniqueidentifier,Evet,,Hayir,,Crm.Activities; Crm.Contracts; Crm.CustomerLogins; Crm.RepPaymentDetails; Crm.RepPoints; Crm.Users,
katilim.crm,Crm,RepPointLogs,AllowanceYear,int,Evet,,Hayir,,Crm.Activities; Crm.Contracts; Crm.CustomerLogins; Crm.RepPaymentDetails; Crm.RepPoints; Crm.Users,
katilim.crm,Crm,RepPointLogs,AllowanceMonth,int,Evet,,Hayir,,Crm.Activities; Crm.Contracts; Crm.CustomerLogins; Crm.RepPaymentDetails; Crm.RepPoints; Crm.Users,
katilim.crm,Crm,RepPointLogs,ContractPoint,int,Evet,,Hayir,,Crm.Activities; Crm.Contracts; Crm.CustomerLogins; Crm.RepPaymentDetails; Crm.RepPoints; Crm.Users,
katilim.crm,Crm,RepPoints,Uid,uniqueidentifier,Hayir,,Evet,,Crm.RepPointLogs; Crm.Users,
katilim.crm,Crm,RepPoints,UpdatedAt,datetime2(7),Evet,,Hayir,,Crm.RepPointLogs; Crm.Users,
katilim.crm,Crm,RepPoints,DeletedAt,datetime2(7),Evet,,Hayir,,Crm.RepPointLogs; Crm.Users,
katilim.crm,Crm,RepPoints,CreatedAt,datetime2(7),Hayir,,Hayir,,Crm.RepPointLogs; Crm.Users,
katilim.crm,Crm,RepPoints,CreatedBy,uniqueidentifier,Evet,,Hayir,Crm.Users.Uid,Crm.RepPointLogs; Crm.Users,
katilim.crm,Crm,RepPoints,UpdatedBy,uniqueidentifier,Evet,,Hayir,Crm.Users.Uid,Crm.RepPointLogs; Crm.Users,
katilim.crm,Crm,RepPoints,DeletedBy,uniqueidentifier,Evet,,Hayir,Crm.Users.Uid,Crm.RepPointLogs; Crm.Users,
katilim.crm,Crm,RepPoints,Deleted,bit,Hayir,,Hayir,,Crm.RepPointLogs; Crm.Users,
katilim.crm,Crm,RepPoints,Type,nvarchar(50),Evet,,Hayir,,Crm.RepPointLogs; Crm.Users,
katilim.crm,Crm,RepPoints,Point,int,Hayir,,Hayir,,Crm.RepPointLogs; Crm.Users,
katilim.crm,Crm,RepPoints,IsActive,bit,Hayir,,Hayir,,Crm.RepPointLogs; Crm.Users,
katilim.crm,Crm,RepPoints,DayLimit,int,Evet,,Hayir,,Crm.RepPointLogs; Crm.Users,
katilim.crm,Crm,RepPoints,Description,nvarchar(250),Evet,,Hayir,,Crm.RepPointLogs; Crm.Users,
katilim.crm,Crm,Reps,Uid,uniqueidentifier,Hayir,,Evet,,Crm.Areas; Crm.NotificationGroupSubscriber; Crm.Organizations; Crm.Portfolios; Crm.RepCampaigns; Crm.RepContracts; Crm.RepIbans; Crm.RepPayments; Crm.Reps; Crm.Users,
katilim.crm,Crm,Reps,UpdatedAt,datetime2(7),Evet,,Hayir,,Crm.Areas; Crm.NotificationGroupSubscriber; Crm.Organizations; Crm.Portfolios; Crm.RepCampaigns; Crm.RepContracts; Crm.RepIbans; Crm.RepPayments; Crm.Reps; Crm.Users,
katilim.crm,Crm,Reps,DeletedAt,datetime2(7),Evet,,Hayir,,Crm.Areas; Crm.NotificationGroupSubscriber; Crm.Organizations; Crm.Portfolios; Crm.RepCampaigns; Crm.RepContracts; Crm.RepIbans; Crm.RepPayments; Crm.Reps; Crm.Users,
katilim.crm,Crm,Reps,CreatedAt,datetime2(7),Hayir,,Hayir,,Crm.Areas; Crm.NotificationGroupSubscriber; Crm.Organizations; Crm.Portfolios; Crm.RepCampaigns; Crm.RepContracts; Crm.RepIbans; Crm.RepPayments; Crm.Reps; Crm.Users,
katilim.crm,Crm,Reps,CreatedBy,uniqueidentifier,Evet,,Hayir,Crm.Users.Uid,Crm.Areas; Crm.NotificationGroupSubscriber; Crm.Organizations; Crm.Portfolios; Crm.RepCampaigns; Crm.RepContracts; Crm.RepIbans; Crm.RepPayments; Crm.Reps; Crm.Users,
katilim.crm,Crm,Reps,UpdatedBy,uniqueidentifier,Evet,,Hayir,Crm.Users.Uid,Crm.Areas; Crm.NotificationGroupSubscriber; Crm.Organizations; Crm.Portfolios; Crm.RepCampaigns; Crm.RepContracts; Crm.RepIbans; Crm.RepPayments; Crm.Reps; Crm.Users,
katilim.crm,Crm,Reps,DeletedBy,uniqueidentifier,Evet,,Hayir,Crm.Users.Uid,Crm.Areas; Crm.NotificationGroupSubscriber; Crm.Organizations; Crm.Portfolios; Crm.RepCampaigns; Crm.RepContracts; Crm.RepIbans; Crm.RepPayments; Crm.Reps; Crm.Users,
katilim.crm,Crm,Reps,Deleted,bit,Hayir,,Hayir,,Crm.Areas; Crm.NotificationGroupSubscriber; Crm.Organizations; Crm.Portfolios; Crm.RepCampaigns; Crm.RepContracts; Crm.RepIbans; Crm.RepPayments; Crm.Reps; Crm.Users,
katilim.crm,Crm,Reps,Name,nvarchar(100),Evet,,Hayir,,Crm.Areas; Crm.NotificationGroupSubscriber; Crm.Organizations; Crm.Portfolios; Crm.RepCampaigns; Crm.RepContracts; Crm.RepIbans; Crm.RepPayments; Crm.Reps; Crm.Users,
katilim.crm,Crm,Reps,Surname,nvarchar(100),Evet,,Hayir,,Crm.Areas; Crm.NotificationGroupSubscriber; Crm.Organizations; Crm.Portfolios; Crm.RepCampaigns; Crm.RepContracts; Crm.RepIbans; Crm.RepPayments; Crm.Reps; Crm.Users,
katilim.crm,Crm,Reps,MobilePhone,nvarchar(50),Evet,,Hayir,,Crm.Areas; Crm.NotificationGroupSubscriber; Crm.Organizations; Crm.Portfolios; Crm.RepCampaigns; Crm.RepContracts; Crm.RepIbans; Crm.RepPayments; Crm.Reps; Crm.Users,
katilim.crm,Crm,Reps,EMail,nvarchar(100),Evet,,Hayir,,Crm.Areas; Crm.NotificationGroupSubscriber; Crm.Organizations; Crm.Portfolios; Crm.RepCampaigns; Crm.RepContracts; Crm.RepIbans; Crm.RepPayments; Crm.Reps; Crm.Users,
katilim.crm,Crm,Reps,Password,nvarchar(100),Evet,,Hayir,,Crm.Areas; Crm.NotificationGroupSubscriber; Crm.Organizations; Crm.Portfolios; Crm.RepCampaigns; Crm.RepContracts; Crm.RepIbans; Crm.RepPayments; Crm.Reps; Crm.Users,
katilim.crm,Crm,Reps,Iban,nvarchar(100),Evet,,Hayir,,Crm.Areas; Crm.NotificationGroupSubscriber; Crm.Organizations; Crm.Portfolios; Crm.RepCampaigns; Crm.RepContracts; Crm.RepIbans; Crm.RepPayments; Crm.Reps; Crm.Users,
katilim.crm,Crm,Reps,Tckno,nvarchar(50),Evet,,Hayir,,Crm.Areas; Crm.NotificationGroupSubscriber; Crm.Organizations; Crm.Portfolios; Crm.RepCampaigns; Crm.RepContracts; Crm.RepIbans; Crm.RepPayments; Crm.Reps; Crm.Users,
katilim.crm,Crm,Reps,Address,nvarchar(2000),Evet,,Hayir,,Crm.Areas; Crm.NotificationGroupSubscriber; Crm.Organizations; Crm.Portfolios; Crm.RepCampaigns; Crm.RepContracts; Crm.RepIbans; Crm.RepPayments; Crm.Reps; Crm.Users,
katilim.crm,Crm,Reps,Type,nvarchar(50),Evet,,Hayir,,Crm.Areas; Crm.NotificationGroupSubscriber; Crm.Organizations; Crm.Portfolios; Crm.RepCampaigns; Crm.RepContracts; Crm.RepIbans; Crm.RepPayments; Crm.Reps; Crm.Users,
katilim.crm,Crm,Reps,IsContract,bit,Evet,,Hayir,,Crm.Areas; Crm.NotificationGroupSubscriber; Crm.Organizations; Crm.Portfolios; Crm.RepCampaigns; Crm.RepContracts; Crm.RepIbans; Crm.RepPayments; Crm.Reps; Crm.Users,
katilim.crm,Crm,Reps,ContractText,nvarchar(max),Evet,,Hayir,,Crm.Areas; Crm.NotificationGroupSubscriber; Crm.Organizations; Crm.Portfolios; Crm.RepCampaigns; Crm.RepContracts; Crm.RepIbans; Crm.RepPayments; Crm.Reps; Crm.Users,
katilim.crm,Crm,Reps,IsBlock,bit,Evet,,Hayir,,Crm.Areas; Crm.NotificationGroupSubscriber; Crm.Organizations; Crm.Portfolios; Crm.RepCampaigns; Crm.RepContracts; Crm.RepIbans; Crm.RepPayments; Crm.Reps; Crm.Users,
katilim.crm,Crm,Reps,IsRecommend,bit,Evet,,Hayir,,Crm.Areas; Crm.NotificationGroupSubscriber; Crm.Organizations; Crm.Portfolios; Crm.RepCampaigns; Crm.RepContracts; Crm.RepIbans; Crm.RepPayments; Crm.Reps; Crm.Users,
katilim.crm,Crm,Reps,LeadUid,uniqueidentifier,Evet,,Hayir,,Crm.Areas; Crm.NotificationGroupSubscriber; Crm.Organizations; Crm.Portfolios; Crm.RepCampaigns; Crm.RepContracts; Crm.RepIbans; Crm.RepPayments; Crm.Reps; Crm.Users,
katilim.crm,Crm,Reps,CustomerUid,uniqueidentifier,Evet,,Hayir,,Crm.Areas; Crm.NotificationGroupSubscriber; Crm.Organizations; Crm.Portfolios; Crm.RepCampaigns; Crm.RepContracts; Crm.RepIbans; Crm.RepPayments; Crm.Reps; Crm.Users,
katilim.crm,Crm,Reps,PortfolioUid,uniqueidentifier,Evet,,Hayir,Crm.Portfolios.Uid,Crm.Areas; Crm.NotificationGroupSubscriber; Crm.Organizations; Crm.Portfolios; Crm.RepCampaigns; Crm.RepContracts; Crm.RepIbans; Crm.RepPayments; Crm.Reps; Crm.Users,
katilim.crm,Crm,Reps,OrganizationUid,uniqueidentifier,Evet,,Hayir,Crm.Organizations.Uid,Crm.Areas; Crm.NotificationGroupSubscriber; Crm.Organizations; Crm.Portfolios; Crm.RepCampaigns; Crm.RepContracts; Crm.RepIbans; Crm.RepPayments; Crm.Reps; Crm.Users,
katilim.crm,Crm,Reps,ParentUid,uniqueidentifier,Evet,,Hayir,Crm.Reps.Uid,Crm.Areas; Crm.NotificationGroupSubscriber; Crm.Organizations; Crm.Portfolios; Crm.RepCampaigns; Crm.RepContracts; Crm.RepIbans; Crm.RepPayments; Crm.Reps; Crm.Users,
katilim.crm,Crm,Reps,CityUid,uniqueidentifier,Evet,,Hayir,Crm.Areas.Uid,Crm.Areas; Crm.NotificationGroupSubscriber; Crm.Organizations; Crm.Portfolios; Crm.RepCampaigns; Crm.RepContracts; Crm.RepIbans; Crm.RepPayments; Crm.Reps; Crm.Users,
katilim.crm,Crm,Reps,TownUid,uniqueidentifier,Evet,,Hayir,Crm.Areas.Uid,Crm.Areas; Crm.NotificationGroupSubscriber; Crm.Organizations; Crm.Portfolios; Crm.RepCampaigns; Crm.RepContracts; Crm.RepIbans; Crm.RepPayments; Crm.Reps; Crm.Users,
katilim.crm,Crm,Reps,OwnerRepUid,uniqueidentifier,Evet,,Hayir,,Crm.Areas; Crm.NotificationGroupSubscriber; Crm.Organizations; Crm.Portfolios; Crm.RepCampaigns; Crm.RepContracts; Crm.RepIbans; Crm.RepPayments; Crm.Reps; Crm.Users,
katilim.crm,Crm,Reps,Image,nvarchar(50),Evet,,Hayir,,Crm.Areas; Crm.NotificationGroupSubscriber; Crm.Organizations; Crm.Portfolios; Crm.RepCampaigns; Crm.RepContracts; Crm.RepIbans; Crm.RepPayments; Crm.Reps; Crm.Users,
katilim.crm,Crm,Reps,HasPaymentCard,bit,Evet,,Hayir,,Crm.Areas; Crm.NotificationGroupSubscriber; Crm.Organizations; Crm.Portfolios; Crm.RepCampaigns; Crm.RepContracts; Crm.RepIbans; Crm.RepPayments; Crm.Reps; Crm.Users,
katilim.crm,Crm,Reps,PushToken,nvarchar(200),Evet,,Hayir,,Crm.Areas; Crm.NotificationGroupSubscriber; Crm.Organizations; Crm.Portfolios; Crm.RepCampaigns; Crm.RepContracts; Crm.RepIbans; Crm.RepPayments; Crm.Reps; Crm.Users,
katilim.crm,Crm,Reps,PendingPortfolioUid,uniqueidentifier,Evet,,Hayir,,Crm.Areas; Crm.NotificationGroupSubscriber; Crm.Organizations; Crm.Portfolios; Crm.RepCampaigns; Crm.RepContracts; Crm.RepIbans; Crm.RepPayments; Crm.Reps; Crm.Users,
katilim.crm,Crm,Reps,OldPortfolioUid,uniqueidentifier,Evet,,Hayir,,Crm.Areas; Crm.NotificationGroupSubscriber; Crm.Organizations; Crm.Portfolios; Crm.RepCampaigns; Crm.RepContracts; Crm.RepIbans; Crm.RepPayments; Crm.Reps; Crm.Users,
katilim.crm,Crm,Reps,OwnerUserUid,uniqueidentifier,Evet,,Hayir,Crm.Users.Uid,Crm.Areas; Crm.NotificationGroupSubscriber; Crm.Organizations; Crm.Portfolios; Crm.RepCampaigns; Crm.RepContracts; Crm.RepIbans; Crm.RepPayments; Crm.Reps; Crm.Users,
katilim.crm,Crm,Reps,Code,nvarchar(100),Evet,,Hayir,,Crm.Areas; Crm.NotificationGroupSubscriber; Crm.Organizations; Crm.Portfolios; Crm.RepCampaigns; Crm.RepContracts; Crm.RepIbans; Crm.RepPayments; Crm.Reps; Crm.Users,
katilim.crm,Crm,Reps,IsLogo,bit,Evet,,Hayir,,Crm.Areas; Crm.NotificationGroupSubscriber; Crm.Organizations; Crm.Portfolios; Crm.RepCampaigns; Crm.RepContracts; Crm.RepIbans; Crm.RepPayments; Crm.Reps; Crm.Users,
katilim.crm,Crm,Reps,LogoID,nvarchar(100),Evet,,Hayir,,Crm.Areas; Crm.NotificationGroupSubscriber; Crm.Organizations; Crm.Portfolios; Crm.RepCampaigns; Crm.RepContracts; Crm.RepIbans; Crm.RepPayments; Crm.Reps; Crm.Users,
katilim.crm,Crm,Reps,DailyAdviceCount,int,Evet,,Hayir,,Crm.Areas; Crm.NotificationGroupSubscriber; Crm.Organizations; Crm.Portfolios; Crm.RepCampaigns; Crm.RepContracts; Crm.RepIbans; Crm.RepPayments; Crm.Reps; Crm.Users,
katilim.crm,Crm,Reps,DailyAdviceDate,datetime2(7),Evet,,Hayir,,Crm.Areas; Crm.NotificationGroupSubscriber; Crm.Organizations; Crm.Portfolios; Crm.RepCampaigns; Crm.RepContracts; Crm.RepIbans; Crm.RepPayments; Crm.Reps; Crm.Users,
katilim.crm,Crm,Reps,IsBrandEnvoy,bit,Evet,,Hayir,,Crm.Areas; Crm.NotificationGroupSubscriber; Crm.Organizations; Crm.Portfolios; Crm.RepCampaigns; Crm.RepContracts; Crm.RepIbans; Crm.RepPayments; Crm.Reps; Crm.Users,
katilim.crm,Crm,Reps,LastAnnouncementUid,uniqueidentifier,Evet,,Hayir,,Crm.Areas; Crm.NotificationGroupSubscriber; Crm.Organizations; Crm.Portfolios; Crm.RepCampaigns; Crm.RepContracts; Crm.RepIbans; Crm.RepPayments; Crm.Reps; Crm.Users,
katilim.crm,Crm,Reps,BankCode,nvarchar(100),Evet,,Hayir,,Crm.Areas; Crm.NotificationGroupSubscriber; Crm.Organizations; Crm.Portfolios; Crm.RepCampaigns; Crm.RepContracts; Crm.RepIbans; Crm.RepPayments; Crm.Reps; Crm.Users,
katilim.crm,Crm,Reps,IbanStatus,nvarchar(max),Evet,,Hayir,,Crm.Areas; Crm.NotificationGroupSubscriber; Crm.Organizations; Crm.Portfolios; Crm.RepCampaigns; Crm.RepContracts; Crm.RepIbans; Crm.RepPayments; Crm.Reps; Crm.Users,
katilim.crm,Crm,Reps,NotificationToken,nvarchar(max),Evet,,Hayir,,Crm.Areas; Crm.NotificationGroupSubscriber; Crm.Organizations; Crm.Portfolios; Crm.RepCampaigns; Crm.RepContracts; Crm.RepIbans; Crm.RepPayments; Crm.Reps; Crm.Users,
katilim.crm,Crm,Reps,NotificationId,nvarchar(max),Evet,,Hayir,,Crm.Areas; Crm.NotificationGroupSubscriber; Crm.Organizations; Crm.Portfolios; Crm.RepCampaigns; Crm.RepContracts; Crm.RepIbans; Crm.RepPayments; Crm.Reps; Crm.Users,
katilim.crm,Crm,Reps,BlockDate,datetime2(7),Evet,,Hayir,,Crm.Areas; Crm.NotificationGroupSubscriber; Crm.Organizations; Crm.Portfolios; Crm.RepCampaigns; Crm.RepContracts; Crm.RepIbans; Crm.RepPayments; Crm.Reps; Crm.Users,
katilim.crm,Crm,Reps,TotalPoint,int,Evet,,Hayir,,Crm.Areas; Crm.NotificationGroupSubscriber; Crm.Organizations; Crm.Portfolios; Crm.RepCampaigns; Crm.RepContracts; Crm.RepIbans; Crm.RepPayments; Crm.Reps; Crm.Users,
katilim.crm,Crm,Reps,ProvisionPoint,int,Evet,,Hayir,,Crm.Areas; Crm.NotificationGroupSubscriber; Crm.Organizations; Crm.Portfolios; Crm.RepCampaigns; Crm.RepContracts; Crm.RepIbans; Crm.RepPayments; Crm.Reps; Crm.Users,
katilim.crm,Crm,Reps,UsablePoint,int,Evet,,Hayir,,Crm.Areas; Crm.NotificationGroupSubscriber; Crm.Organizations; Crm.Portfolios; Crm.RepCampaigns; Crm.RepContracts; Crm.RepIbans; Crm.RepPayments; Crm.Reps; Crm.Users,
katilim.crm,Crm,Reps,AdviceCount,int,Evet,,Hayir,,Crm.Areas; Crm.NotificationGroupSubscriber; Crm.Organizations; Crm.Portfolios; Crm.RepCampaigns; Crm.RepContracts; Crm.RepIbans; Crm.RepPayments; Crm.Reps; Crm.Users,
katilim.crm,Crm,Reps,LeadCount,int,Evet,,Hayir,,Crm.Areas; Crm.NotificationGroupSubscriber; Crm.Organizations; Crm.Portfolios; Crm.RepCampaigns; Crm.RepContracts; Crm.RepIbans; Crm.RepPayments; Crm.Reps; Crm.Users,
katilim.crm,Crm,Reps,CandidateCount,int,Evet,,Hayir,,Crm.Areas; Crm.NotificationGroupSubscriber; Crm.Organizations; Crm.Portfolios; Crm.RepCampaigns; Crm.RepContracts; Crm.RepIbans; Crm.RepPayments; Crm.Reps; Crm.Users,
katilim.crm,Crm,Reps,CancelledCount,int,Evet,,Hayir,,Crm.Areas; Crm.NotificationGroupSubscriber; Crm.Organizations; Crm.Portfolios; Crm.RepCampaigns; Crm.RepContracts; Crm.RepIbans; Crm.RepPayments; Crm.Reps; Crm.Users,
katilim.crm,Crm,Reps,ContractCount,int,Evet,,Hayir,,Crm.Areas; Crm.NotificationGroupSubscriber; Crm.Organizations; Crm.Portfolios; Crm.RepCampaigns; Crm.RepContracts; Crm.RepIbans; Crm.RepPayments; Crm.Reps; Crm.Users,
katilim.crm,Crm,Reps,ContractCancelledCount,int,Evet,,Hayir,,Crm.Areas; Crm.NotificationGroupSubscriber; Crm.Organizations; Crm.Portfolios; Crm.RepCampaigns; Crm.RepContracts; Crm.RepIbans; Crm.RepPayments; Crm.Reps; Crm.Users,
katilim.crm,Crm,Reps,AppointmentCount,int,Evet,,Hayir,,Crm.Areas; Crm.NotificationGroupSubscriber; Crm.Organizations; Crm.Portfolios; Crm.RepCampaigns; Crm.RepContracts; Crm.RepIbans; Crm.RepPayments; Crm.Reps; Crm.Users,
katilim.crm,Crm,Reps,DontGoAppointmentCount,int,Evet,,Hayir,,Crm.Areas; Crm.NotificationGroupSubscriber; Crm.Organizations; Crm.Portfolios; Crm.RepCampaigns; Crm.RepContracts; Crm.RepIbans; Crm.RepPayments; Crm.Reps; Crm.Users,
katilim.crm,Crm,Reps,PortfolioCode,varchar(10),Evet,,Hayir,,Crm.Areas; Crm.NotificationGroupSubscriber; Crm.Organizations; Crm.Portfolios; Crm.RepCampaigns; Crm.RepContracts; Crm.RepIbans; Crm.RepPayments; Crm.Reps; Crm.Users,
katilim.crm,Crm,Reps,PortfolioName,varchar(50),Evet,,Hayir,,Crm.Areas; Crm.NotificationGroupSubscriber; Crm.Organizations; Crm.Portfolios; Crm.RepCampaigns; Crm.RepContracts; Crm.RepIbans; Crm.RepPayments; Crm.Reps; Crm.Users,
katilim.crm,Crm,Reps,PortfolioOwner,uniqueidentifier,Evet,,Hayir,,Crm.Areas; Crm.NotificationGroupSubscriber; Crm.Organizations; Crm.Portfolios; Crm.RepCampaigns; Crm.RepContracts; Crm.RepIbans; Crm.RepPayments; Crm.Reps; Crm.Users,
katilim.crm,Crm,Reps,PortfolioOrganization,uniqueidentifier,Evet,,Hayir,,Crm.Areas; Crm.NotificationGroupSubscriber; Crm.Organizations; Crm.Portfolios; Crm.RepCampaigns; Crm.RepContracts; Crm.RepIbans; Crm.RepPayments; Crm.Reps; Crm.Users,
katilim.crm,Crm,Reps,OrganizationManagerUid,uniqueidentifier,Evet,,Hayir,,Crm.Areas; Crm.NotificationGroupSubscriber; Crm.Organizations; Crm.Portfolios; Crm.RepCampaigns; Crm.RepContracts; Crm.RepIbans; Crm.RepPayments; Crm.Reps; Crm.Users,
katilim.crm,Crm,Reps,RegionManagerUid,uniqueidentifier,Evet,,Hayir,,Crm.Areas; Crm.NotificationGroupSubscriber; Crm.Organizations; Crm.Portfolios; Crm.RepCampaigns; Crm.RepContracts; Crm.RepIbans; Crm.RepPayments; Crm.Reps; Crm.Users,
katilim.crm,Crm,Reps,UsedPoint,int,Evet,,Hayir,,Crm.Areas; Crm.NotificationGroupSubscriber; Crm.Organizations; Crm.Portfolios; Crm.RepCampaigns; Crm.RepContracts; Crm.RepIbans; Crm.RepPayments; Crm.Reps; Crm.Users,
katilim.crm,Crm,Reps,RemainingPoint,int,Evet,,Hayir,,Crm.Areas; Crm.NotificationGroupSubscriber; Crm.Organizations; Crm.Portfolios; Crm.RepCampaigns; Crm.RepContracts; Crm.RepIbans; Crm.RepPayments; Crm.Reps; Crm.Users,
katilim.crm,Crm,Reps,FutureDateNotPoint,int,Evet,,Hayir,,Crm.Areas; Crm.NotificationGroupSubscriber; Crm.Organizations; Crm.Portfolios; Crm.RepCampaigns; Crm.RepContracts; Crm.RepIbans; Crm.RepPayments; Crm.Reps; Crm.Users,
katilim.crm,Crm,Reps,ExpiredDateNotPoint,int,Evet,,Hayir,,Crm.Areas; Crm.NotificationGroupSubscriber; Crm.Organizations; Crm.Portfolios; Crm.RepCampaigns; Crm.RepContracts; Crm.RepIbans; Crm.RepPayments; Crm.Reps; Crm.Users,
katilim.crm,Crm,Reps,DontGoAppointmentRate,"decimal(18,2)",Evet,,Hayir,,Crm.Areas; Crm.NotificationGroupSubscriber; Crm.Organizations; Crm.Portfolios; Crm.RepCampaigns; Crm.RepContracts; Crm.RepIbans; Crm.RepPayments; Crm.Reps; Crm.Users,
katilim.crm,Crm,Reps,ContractCancelledRate,"decimal(18,2)",Evet,,Hayir,,Crm.Areas; Crm.NotificationGroupSubscriber; Crm.Organizations; Crm.Portfolios; Crm.RepCampaigns; Crm.RepContracts; Crm.RepIbans; Crm.RepPayments; Crm.Reps; Crm.Users,
katilim.crm,Crm,Reps,UnreachableAdvice,int,Evet,,Hayir,,Crm.Areas; Crm.NotificationGroupSubscriber; Crm.Organizations; Crm.Portfolios; Crm.RepCampaigns; Crm.RepContracts; Crm.RepIbans; Crm.RepPayments; Crm.Reps; Crm.Users,
katilim.crm,Crm,Reps,CandidateRate,"decimal(18,2)",Evet,,Hayir,,Crm.Areas; Crm.NotificationGroupSubscriber; Crm.Organizations; Crm.Portfolios; Crm.RepCampaigns; Crm.RepContracts; Crm.RepIbans; Crm.RepPayments; Crm.Reps; Crm.Users,
katilim.crm,Crm,Reps,CancelledRate,"decimal(18,2)",Evet,,Hayir,,Crm.Areas; Crm.NotificationGroupSubscriber; Crm.Organizations; Crm.Portfolios; Crm.RepCampaigns; Crm.RepContracts; Crm.RepIbans; Crm.RepPayments; Crm.Reps; Crm.Users,
katilim.crm,Crm,Reps,UnreachableAdviceRate,"decimal(18,2)",Evet,,Hayir,,Crm.Areas; Crm.NotificationGroupSubscriber; Crm.Organizations; Crm.Portfolios; Crm.RepCampaigns; Crm.RepContracts; Crm.RepIbans; Crm.RepPayments; Crm.Reps; Crm.Users,
katilim.crm,Crm,Reps,CallingRate,"decimal(18,2)",Evet,,Hayir,,Crm.Areas; Crm.NotificationGroupSubscriber; Crm.Organizations; Crm.Portfolios; Crm.RepCampaigns; Crm.RepContracts; Crm.RepIbans; Crm.RepPayments; Crm.Reps; Crm.Users,
katilim.crm,Crm,Reps,OrganizationName,varchar(100),Evet,,Hayir,,Crm.Areas; Crm.NotificationGroupSubscriber; Crm.Organizations; Crm.Portfolios; Crm.RepCampaigns; Crm.RepContracts; Crm.RepIbans; Crm.RepPayments; Crm.Reps; Crm.Users,
katilim.crm,Crm,Reps,RegionName,varchar(100),Evet,,Hayir,,Crm.Areas; Crm.NotificationGroupSubscriber; Crm.Organizations; Crm.Portfolios; Crm.RepCampaigns; Crm.RepContracts; Crm.RepIbans; Crm.RepPayments; Crm.Reps; Crm.Users,
katilim.crm,Crm,Reps,FirstAdviceDate,datetime2(7),Evet,,Hayir,,Crm.Areas; Crm.NotificationGroupSubscriber; Crm.Organizations; Crm.Portfolios; Crm.RepCampaigns; Crm.RepContracts; Crm.RepIbans; Crm.RepPayments; Crm.Reps; Crm.Users,
katilim.crm,Crm,Reps,LastAdviceDate,datetime2(7),Evet,,Hayir,,Crm.Areas; Crm.NotificationGroupSubscriber; Crm.Organizations; Crm.Portfolios; Crm.RepCampaigns; Crm.RepContracts; Crm.RepIbans; Crm.RepPayments; Crm.Reps; Crm.Users,
katilim.crm,Crm,Reps,BrandEnvoyDate,datetime2(7),Evet,,Hayir,,Crm.Areas; Crm.NotificationGroupSubscriber; Crm.Organizations; Crm.Portfolios; Crm.RepCampaigns; Crm.RepContracts; Crm.RepIbans; Crm.RepPayments; Crm.Reps; Crm.Users,
katilim.crm,Crm,Reps,TotalProductPrice,"decimal(18,2)",Evet,,Hayir,,Crm.Areas; Crm.NotificationGroupSubscriber; Crm.Organizations; Crm.Portfolios; Crm.RepCampaigns; Crm.RepContracts; Crm.RepIbans; Crm.RepPayments; Crm.Reps; Crm.Users,
katilim.crm,Crm,Reps,TotalServicePrice,"decimal(18,2)",Evet,,Hayir,,Crm.Areas; Crm.NotificationGroupSubscriber; Crm.Organizations; Crm.Portfolios; Crm.RepCampaigns; Crm.RepContracts; Crm.RepIbans; Crm.RepPayments; Crm.Reps; Crm.Users,
katilim.crm,Crm,Reps,ServiceRateAverage,"decimal(18,2)",Evet,,Hayir,,Crm.Areas; Crm.NotificationGroupSubscriber; Crm.Organizations; Crm.Portfolios; Crm.RepCampaigns; Crm.RepContracts; Crm.RepIbans; Crm.RepPayments; Crm.Reps; Crm.Users,
katilim.crm,Crm,Reps,PortfolioOwnerName,varchar(100),Evet,,Hayir,,Crm.Areas; Crm.NotificationGroupSubscriber; Crm.Organizations; Crm.Portfolios; Crm.RepCampaigns; Crm.RepContracts; Crm.RepIbans; Crm.RepPayments; Crm.Reps; Crm.Users,
katilim.crm,Crm,Reps,RegionUid,uniqueidentifier,Evet,,Hayir,,Crm.Areas; Crm.NotificationGroupSubscriber; Crm.Organizations; Crm.Portfolios; Crm.RepCampaigns; Crm.RepContracts; Crm.RepIbans; Crm.RepPayments; Crm.Reps; Crm.Users,
katilim.crm,Crm,Reps,SendUsedPointNotification,bit,Evet,,Hayir,,Crm.Areas; Crm.NotificationGroupSubscriber; Crm.Organizations; Crm.Portfolios; Crm.RepCampaigns; Crm.RepContracts; Crm.RepIbans; Crm.RepPayments; Crm.Reps; Crm.Users,
katilim.crm,Crm,Reps,TaxNo,varchar(100),Evet,,Hayir,,Crm.Areas; Crm.NotificationGroupSubscriber; Crm.Organizations; Crm.Portfolios; Crm.RepCampaigns; Crm.RepContracts; Crm.RepIbans; Crm.RepPayments; Crm.Reps; Crm.Users,
katilim.crm,Crm,Reps,TaxOffice,varchar(100),Evet,,Hayir,,Crm.Areas; Crm.NotificationGroupSubscriber; Crm.Organizations; Crm.Portfolios; Crm.RepCampaigns; Crm.RepContracts; Crm.RepIbans; Crm.RepPayments; Crm.Reps; Crm.Users,
katilim.crm,Crm,Reps,SmsPassword,varchar(50),Evet,,Hayir,,Crm.Areas; Crm.NotificationGroupSubscriber; Crm.Organizations; Crm.Portfolios; Crm.RepCampaigns; Crm.RepContracts; Crm.RepIbans; Crm.RepPayments; Crm.Reps; Crm.Users,
katilim.crm,Crm,Reps,PasswordOld,varchar(50),Evet,,Hayir,,Crm.Areas; Crm.NotificationGroupSubscriber; Crm.Organizations; Crm.Portfolios; Crm.RepCampaigns; Crm.RepContracts; Crm.RepIbans; Crm.RepPayments; Crm.Reps; Crm.Users,
katilim.crm,Crm,Reps,LastPasswordChangeDate,datetime2(7),Evet,,Hayir,,Crm.Areas; Crm.NotificationGroupSubscriber; Crm.Organizations; Crm.Portfolios; Crm.RepCampaigns; Crm.RepContracts; Crm.RepIbans; Crm.RepPayments; Crm.Reps; Crm.Users,
katilim.crm,Crm,Reps,Salt,varchar(50),Evet,,Hayir,,Crm.Areas; Crm.NotificationGroupSubscriber; Crm.Organizations; Crm.Portfolios; Crm.RepCampaigns; Crm.RepContracts; Crm.RepIbans; Crm.RepPayments; Crm.Reps; Crm.Users,
katilim.crm,Crm,Reps,MeskenUid,uniqueidentifier,Evet,,Hayir,,Crm.Areas; Crm.NotificationGroupSubscriber; Crm.Organizations; Crm.Portfolios; Crm.RepCampaigns; Crm.RepContracts; Crm.RepIbans; Crm.RepPayments; Crm.Reps; Crm.Users,
katilim.crm,Crm,Reps,MeskenCustomerUid,uniqueidentifier,Evet,,Hayir,,Crm.Areas; Crm.NotificationGroupSubscriber; Crm.Organizations; Crm.Portfolios; Crm.RepCampaigns; Crm.RepContracts; Crm.RepIbans; Crm.RepPayments; Crm.Reps; Crm.Users,
katilim.crm,Crm,Reps,LastMoveMesken,bit,Evet,,Hayir,,Crm.Areas; Crm.NotificationGroupSubscriber; Crm.Organizations; Crm.Portfolios; Crm.RepCampaigns; Crm.RepContracts; Crm.RepIbans; Crm.RepPayments; Crm.Reps; Crm.Users,
katilim.crm,Crm,Reps,DeviceId,varchar(200),Evet,,Hayir,,Crm.Areas; Crm.NotificationGroupSubscriber; Crm.Organizations; Crm.Portfolios; Crm.RepCampaigns; Crm.RepContracts; Crm.RepIbans; Crm.RepPayments; Crm.Reps; Crm.Users,
katilim.crm,Crm,Reps,IsRepInfoConfirm,bit,Evet,,Hayir,,Crm.Areas; Crm.NotificationGroupSubscriber; Crm.Organizations; Crm.Portfolios; Crm.RepCampaigns; Crm.RepContracts; Crm.RepIbans; Crm.RepPayments; Crm.Reps; Crm.Users,
katilim.crm,Crm,Reps,RepInfoConfirmDate,datetime2(7),Evet,,Hayir,,Crm.Areas; Crm.NotificationGroupSubscriber; Crm.Organizations; Crm.Portfolios; Crm.RepCampaigns; Crm.RepContracts; Crm.RepIbans; Crm.RepPayments; Crm.Reps; Crm.Users,
katilim.crm,Crm,Reps,SmsSendDate,datetime2(7),Evet,,Hayir,,Crm.Areas; Crm.NotificationGroupSubscriber; Crm.Organizations; Crm.Portfolios; Crm.RepCampaigns; Crm.RepContracts; Crm.RepIbans; Crm.RepPayments; Crm.Reps; Crm.Users,
katilim.crm,Crm,Reps,ActivationToken,varchar(400),Evet,,Hayir,,Crm.Areas; Crm.NotificationGroupSubscriber; Crm.Organizations; Crm.Portfolios; Crm.RepCampaigns; Crm.RepContracts; Crm.RepIbans; Crm.RepPayments; Crm.Reps; Crm.Users,
katilim.crm,Crm,RestDays,Uid,uniqueidentifier,Hayir,,Evet,,Crm.Users,
katilim.crm,Crm,RestDays,UpdatedAt,datetime2(7),Evet,,Hayir,,Crm.Users,
katilim.crm,Crm,RestDays,DeletedAt,datetime2(7),Evet,,Hayir,,Crm.Users,
katilim.crm,Crm,RestDays,CreatedAt,datetime2(7),Hayir,,Hayir,,Crm.Users,
katilim.crm,Crm,RestDays,CreatedBy,uniqueidentifier,Evet,,Hayir,Crm.Users.Uid,Crm.Users,
katilim.crm,Crm,RestDays,UpdatedBy,uniqueidentifier,Evet,,Hayir,Crm.Users.Uid,Crm.Users,
katilim.crm,Crm,RestDays,DeletedBy,uniqueidentifier,Evet,,Hayir,Crm.Users.Uid,Crm.Users,
katilim.crm,Crm,RestDays,Deleted,bit,Hayir,,Hayir,,Crm.Users,
katilim.crm,Crm,RestDays,UserUid,uniqueidentifier,Hayir,,Hayir,,Crm.Users,
katilim.crm,Crm,RestDays,Date,datetime2(7),Hayir,,Hayir,,Crm.Users,
katilim.crm,Crm,RestDays,Type,nvarchar(50),Evet,,Hayir,,Crm.Users,
katilim.crm,Crm,RiskTrackingCosts,Uid,uniqueidentifier,Hayir,,Evet,,Crm.Users,
katilim.crm,Crm,RiskTrackingCosts,UpdatedAt,datetime2(7),Evet,,Hayir,,Crm.Users,
katilim.crm,Crm,RiskTrackingCosts,DeletedAt,datetime2(7),Evet,,Hayir,,Crm.Users,
katilim.crm,Crm,RiskTrackingCosts,CreatedAt,datetime2(7),Hayir,,Hayir,,Crm.Users,
katilim.crm,Crm,RiskTrackingCosts,CreatedBy,uniqueidentifier,Evet,,Hayir,Crm.Users.Uid,Crm.Users,
katilim.crm,Crm,RiskTrackingCosts,UpdatedBy,uniqueidentifier,Evet,,Hayir,Crm.Users.Uid,Crm.Users,
katilim.crm,Crm,RiskTrackingCosts,DeletedBy,uniqueidentifier,Evet,,Hayir,Crm.Users.Uid,Crm.Users,
katilim.crm,Crm,RiskTrackingCosts,Deleted,bit,Hayir,,Hayir,,Crm.Users,
katilim.crm,Crm,RiskTrackingCosts,CostName,nvarchar(50),Hayir,,Hayir,,Crm.Users,
katilim.crm,Crm,RiskTrackingCosts,CostPrice,"decimal(18,2)",Hayir,,Hayir,,Crm.Users,
katilim.crm,Crm,RiskTrackingLawyers,Uid,uniqueidentifier,Hayir,,Evet,,Crm.RiskTrackings; Crm.Users,
katilim.crm,Crm,RiskTrackingLawyers,UpdatedAt,datetime2(7),Evet,,Hayir,,Crm.RiskTrackings; Crm.Users,
katilim.crm,Crm,RiskTrackingLawyers,DeletedAt,datetime2(7),Evet,,Hayir,,Crm.RiskTrackings; Crm.Users,
katilim.crm,Crm,RiskTrackingLawyers,CreatedAt,datetime2(7),Hayir,,Hayir,,Crm.RiskTrackings; Crm.Users,
katilim.crm,Crm,RiskTrackingLawyers,CreatedBy,uniqueidentifier,Evet,,Hayir,Crm.Users.Uid,Crm.RiskTrackings; Crm.Users,
katilim.crm,Crm,RiskTrackingLawyers,UpdatedBy,uniqueidentifier,Evet,,Hayir,Crm.Users.Uid,Crm.RiskTrackings; Crm.Users,
katilim.crm,Crm,RiskTrackingLawyers,DeletedBy,uniqueidentifier,Evet,,Hayir,Crm.Users.Uid,Crm.RiskTrackings; Crm.Users,
katilim.crm,Crm,RiskTrackingLawyers,Deleted,bit,Hayir,,Hayir,,Crm.RiskTrackings; Crm.Users,
katilim.crm,Crm,RiskTrackingLawyers,Name,nvarchar(400),Hayir,,Hayir,,Crm.RiskTrackings; Crm.Users,
katilim.crm,Crm,RiskTrackings,Uid,uniqueidentifier,Hayir,,Evet,,Crm.Organizations; Crm.RiskTrackingLawyers; Crm.Users,
katilim.crm,Crm,RiskTrackings,UpdatedAt,datetime2(7),Evet,,Hayir,,Crm.Organizations; Crm.RiskTrackingLawyers; Crm.Users,
katilim.crm,Crm,RiskTrackings,DeletedAt,datetime2(7),Evet,,Hayir,,Crm.Organizations; Crm.RiskTrackingLawyers; Crm.Users,
katilim.crm,Crm,RiskTrackings,CreatedAt,datetime2(7),Hayir,,Hayir,,Crm.Organizations; Crm.RiskTrackingLawyers; Crm.Users,
katilim.crm,Crm,RiskTrackings,CreatedBy,uniqueidentifier,Evet,,Hayir,Crm.Users.Uid,Crm.Organizations; Crm.RiskTrackingLawyers; Crm.Users,
katilim.crm,Crm,RiskTrackings,UpdatedBy,uniqueidentifier,Evet,,Hayir,Crm.Users.Uid,Crm.Organizations; Crm.RiskTrackingLawyers; Crm.Users,
katilim.crm,Crm,RiskTrackings,DeletedBy,uniqueidentifier,Evet,,Hayir,Crm.Users.Uid,Crm.Organizations; Crm.RiskTrackingLawyers; Crm.Users,
katilim.crm,Crm,RiskTrackings,Deleted,bit,Hayir,,Hayir,,Crm.Organizations; Crm.RiskTrackingLawyers; Crm.Users,
katilim.crm,Crm,RiskTrackings,OrganizationUid,uniqueidentifier,Hayir,,Hayir,Crm.Organizations.Uid,Crm.Organizations; Crm.RiskTrackingLawyers; Crm.Users,
katilim.crm,Crm,RiskTrackings,OrganizationName,nvarchar(50),Hayir,,Hayir,,Crm.Organizations; Crm.RiskTrackingLawyers; Crm.Users,
katilim.crm,Crm,RiskTrackings,RegionUid,uniqueidentifier,Hayir,,Hayir,Crm.Organizations.Uid,Crm.Organizations; Crm.RiskTrackingLawyers; Crm.Users,
katilim.crm,Crm,RiskTrackings,RegionName,nvarchar(50),Hayir,,Hayir,,Crm.Organizations; Crm.RiskTrackingLawyers; Crm.Users,
katilim.crm,Crm,RiskTrackings,RiskTrackingLawyerUid,uniqueidentifier,Evet,,Hayir,Crm.RiskTrackingLawyers.Uid,Crm.Organizations; Crm.RiskTrackingLawyers; Crm.Users,
katilim.crm,Crm,RiskTrackings,ContractUid,uniqueidentifier,Hayir,,Hayir,,Crm.Organizations; Crm.RiskTrackingLawyers; Crm.Users,
katilim.crm,Crm,RiskTrackings,CustomerUid,uniqueidentifier,Hayir,,Hayir,,Crm.Organizations; Crm.RiskTrackingLawyers; Crm.Users,
katilim.crm,Crm,RiskTrackings,Status,smallint,Hayir,((0)),Hayir,,Crm.Organizations; Crm.RiskTrackingLawyers; Crm.Users,
katilim.crm,Crm,RiskTrackings,SubStatus,smallint,Hayir,((0)),Hayir,,Crm.Organizations; Crm.RiskTrackingLawyers; Crm.Users,
katilim.crm,Crm,RiskTrackings,Year,smallint,Hayir,,Hayir,,Crm.Organizations; Crm.RiskTrackingLawyers; Crm.Users,
katilim.crm,Crm,RiskTrackings,TotalReceivableAmount,"decimal(18,2)",Evet,,Hayir,,Crm.Organizations; Crm.RiskTrackingLawyers; Crm.Users,
katilim.crm,Crm,RiskTrackings,NotificationStatus,smallint,Hayir,((0)),Hayir,,Crm.Organizations; Crm.RiskTrackingLawyers; Crm.Users,
katilim.crm,Crm,RiskTrackings,FirstPostDate,datetime2(7),Evet,,Hayir,,Crm.Organizations; Crm.RiskTrackingLawyers; Crm.Users,
katilim.crm,Crm,RiskTrackings,FirstNotificationDate,datetime2(7),Evet,,Hayir,,Crm.Organizations; Crm.RiskTrackingLawyers; Crm.Users,
katilim.crm,Crm,RiskTrackings,FirstNoticeWageNo,nvarchar(50),Evet,,Hayir,,Crm.Organizations; Crm.RiskTrackingLawyers; Crm.Users,
katilim.crm,Crm,RiskTrackings,FirstNoticeWageBarcodeNo,nvarchar(50),Evet,,Hayir,,Crm.Organizations; Crm.RiskTrackingLawyers; Crm.Users,
katilim.crm,Crm,RiskTrackings,FirstPriceOfNotice,"decimal(18,2)",Evet,,Hayir,,Crm.Organizations; Crm.RiskTrackingLawyers; Crm.Users,
katilim.crm,Crm,RiskTrackings,SecondPostDate,datetime2(7),Evet,,Hayir,,Crm.Organizations; Crm.RiskTrackingLawyers; Crm.Users,
katilim.crm,Crm,RiskTrackings,SecondNotificationDate,datetime2(7),Evet,,Hayir,,Crm.Organizations; Crm.RiskTrackingLawyers; Crm.Users,
katilim.crm,Crm,RiskTrackings,SecondPetitionWageNo,nvarchar(50),Evet,,Hayir,,Crm.Organizations; Crm.RiskTrackingLawyers; Crm.Users,
katilim.crm,Crm,RiskTrackings,SecondPetitionWageBarcodeNo,nvarchar(50),Evet,,Hayir,,Crm.Organizations; Crm.RiskTrackingLawyers; Crm.Users,
katilim.crm,Crm,RiskTrackings,SecondPriceOfNotice,"decimal(18,2)",Evet,,Hayir,,Crm.Organizations; Crm.RiskTrackingLawyers; Crm.Users,
katilim.crm,Crm,RiskTrackings,ExecutionDate,datetime2(7),Evet,,Hayir,,Crm.Organizations; Crm.RiskTrackingLawyers; Crm.Users,
katilim.crm,Crm,RiskTrackings,PaymentStatus,bit,Hayir,((0)),Hayir,,Crm.Organizations; Crm.RiskTrackingLawyers; Crm.Users,
katilim.crm,Crm,RiskTrackings,ContractNo,nvarchar(50),Evet,,Hayir,,Crm.Organizations; Crm.RiskTrackingLawyers; Crm.Users,
katilim.crm,Crm,RiskTrackings,ManagerApproveLimit,"decimal(18,2)",Evet,,Hayir,,Crm.Organizations; Crm.RiskTrackingLawyers; Crm.Users,
katilim.crm,Crm,RiskTrackings,DelayStartInstallmentNumber,int,Evet,,Hayir,,Crm.Organizations; Crm.RiskTrackingLawyers; Crm.Users,
katilim.crm,Crm,RiskTrackings,DelayEndInstallmentNumber,int,Evet,,Hayir,,Crm.Organizations; Crm.RiskTrackingLawyers; Crm.Users,
katilim.crm,Crm,RiskTrackings,SynthTrackingAt,datetime2(7),Evet,,Hayir,,Crm.Organizations; Crm.RiskTrackingLawyers; Crm.Users,
katilim.crm,Crm,RiskTrackings,EnforcementProceedingAt,datetime2(7),Evet,,Hayir,,Crm.Organizations; Crm.RiskTrackingLawyers; Crm.Users,
katilim.crm,Crm,RiskTrackings,ClosedAt,datetime2(7),Evet,,Hayir,,Crm.Organizations; Crm.RiskTrackingLawyers; Crm.Users,
katilim.crm,Crm,RiskTrackings,PaymentPromiseDate,datetime2(7),Evet,,Hayir,,Crm.Organizations; Crm.RiskTrackingLawyers; Crm.Users,
katilim.crm,Crm,RiskTrackings,IsSynth,bit,Evet,((1)),Hayir,,Crm.Organizations; Crm.RiskTrackingLawyers; Crm.Users,
katilim.crm,Crm,Roles,Uid,uniqueidentifier,Hayir,,Evet,,Crm.Authorities; Crm.PremiumUserTypeRates; Crm.Premiums; Crm.RoleTargets; Crm.UserHistories; Crm.UserResponsibleBranches; Crm.UserRoles; Crm.Users,
katilim.crm,Crm,Roles,UpdatedAt,datetime2(7),Evet,,Hayir,,Crm.Authorities; Crm.PremiumUserTypeRates; Crm.Premiums; Crm.RoleTargets; Crm.UserHistories; Crm.UserResponsibleBranches; Crm.UserRoles; Crm.Users,
katilim.crm,Crm,Roles,DeletedAt,datetime2(7),Evet,,Hayir,,Crm.Authorities; Crm.PremiumUserTypeRates; Crm.Premiums; Crm.RoleTargets; Crm.UserHistories; Crm.UserResponsibleBranches; Crm.UserRoles; Crm.Users,
katilim.crm,Crm,Roles,CreatedAt,datetime2(7),Hayir,,Hayir,,Crm.Authorities; Crm.PremiumUserTypeRates; Crm.Premiums; Crm.RoleTargets; Crm.UserHistories; Crm.UserResponsibleBranches; Crm.UserRoles; Crm.Users,
katilim.crm,Crm,Roles,CreatedBy,uniqueidentifier,Evet,,Hayir,Crm.Users.Uid,Crm.Authorities; Crm.PremiumUserTypeRates; Crm.Premiums; Crm.RoleTargets; Crm.UserHistories; Crm.UserResponsibleBranches; Crm.UserRoles; Crm.Users,
katilim.crm,Crm,Roles,UpdatedBy,uniqueidentifier,Evet,,Hayir,Crm.Users.Uid,Crm.Authorities; Crm.PremiumUserTypeRates; Crm.Premiums; Crm.RoleTargets; Crm.UserHistories; Crm.UserResponsibleBranches; Crm.UserRoles; Crm.Users,
katilim.crm,Crm,Roles,DeletedBy,uniqueidentifier,Evet,,Hayir,Crm.Users.Uid,Crm.Authorities; Crm.PremiumUserTypeRates; Crm.Premiums; Crm.RoleTargets; Crm.UserHistories; Crm.UserResponsibleBranches; Crm.UserRoles; Crm.Users,
katilim.crm,Crm,Roles,Deleted,bit,Hayir,,Hayir,,Crm.Authorities; Crm.PremiumUserTypeRates; Crm.Premiums; Crm.RoleTargets; Crm.UserHistories; Crm.UserResponsibleBranches; Crm.UserRoles; Crm.Users,
katilim.crm,Crm,Roles,Name,nvarchar(100),Evet,,Hayir,,Crm.Authorities; Crm.PremiumUserTypeRates; Crm.Premiums; Crm.RoleTargets; Crm.UserHistories; Crm.UserResponsibleBranches; Crm.UserRoles; Crm.Users,
katilim.crm,Crm,Roles,Key,nvarchar(50),Evet,,Hayir,,Crm.Authorities; Crm.PremiumUserTypeRates; Crm.Premiums; Crm.RoleTargets; Crm.UserHistories; Crm.UserResponsibleBranches; Crm.UserRoles; Crm.Users,
katilim.crm,Crm,Roles,IsBranch,bit,Evet,,Hayir,,Crm.Authorities; Crm.PremiumUserTypeRates; Crm.Premiums; Crm.RoleTargets; Crm.UserHistories; Crm.UserResponsibleBranches; Crm.UserRoles; Crm.Users,
katilim.crm,Crm,Roles,Description,nvarchar(100),Evet,,Hayir,,Crm.Authorities; Crm.PremiumUserTypeRates; Crm.Premiums; Crm.RoleTargets; Crm.UserHistories; Crm.UserResponsibleBranches; Crm.UserRoles; Crm.Users,
katilim.crm,Crm,Roles,HiddenReport,bit,Hayir,((0)),Hayir,,Crm.Authorities; Crm.PremiumUserTypeRates; Crm.Premiums; Crm.RoleTargets; Crm.UserHistories; Crm.UserResponsibleBranches; Crm.UserRoles; Crm.Users,
katilim.crm,Crm,Roles,IsResponsibleBranch,bit,Hayir,((0)),Hayir,,Crm.Authorities; Crm.PremiumUserTypeRates; Crm.Premiums; Crm.RoleTargets; Crm.UserHistories; Crm.UserResponsibleBranches; Crm.UserRoles; Crm.Users,
katilim.crm,Crm,RoleTargets,Uid,uniqueidentifier,Hayir,,Evet,,Crm.Roles; Crm.Users,
katilim.crm,Crm,RoleTargets,UpdatedAt,datetime2(7),Evet,,Hayir,,Crm.Roles; Crm.Users,
katilim.crm,Crm,RoleTargets,DeletedAt,datetime2(7),Evet,,Hayir,,Crm.Roles; Crm.Users,
katilim.crm,Crm,RoleTargets,CreatedAt,datetime2(7),Hayir,,Hayir,,Crm.Roles; Crm.Users,
katilim.crm,Crm,RoleTargets,CreatedBy,uniqueidentifier,Evet,,Hayir,Crm.Users.Uid,Crm.Roles; Crm.Users,
katilim.crm,Crm,RoleTargets,UpdatedBy,uniqueidentifier,Evet,,Hayir,Crm.Users.Uid,Crm.Roles; Crm.Users,
katilim.crm,Crm,RoleTargets,DeletedBy,uniqueidentifier,Evet,,Hayir,Crm.Users.Uid,Crm.Roles; Crm.Users,
katilim.crm,Crm,RoleTargets,Deleted,bit,Hayir,,Hayir,,Crm.Roles; Crm.Users,
katilim.crm,Crm,RoleTargets,RoleUid,uniqueidentifier,Hayir,,Hayir,Crm.Roles.Uid,Crm.Roles; Crm.Users,
katilim.crm,Crm,RoleTargets,ReferanceTarget,int,Hayir,,Hayir,,Crm.Roles; Crm.Users,
katilim.crm,Crm,RoleTargets,AppointmentTarget,int,Hayir,,Hayir,,Crm.Roles; Crm.Users,
katilim.crm,Crm,RoleTargets,ContractTarget,int,Hayir,,Hayir,,Crm.Roles; Crm.Users,
katilim.crm,Crm,RoleTargets,GiroTarget,"decimal(18,2)",Hayir,,Hayir,,Crm.Roles; Crm.Users,
katilim.crm,Crm,RoleTargets,Month,int,Evet,,Hayir,,Crm.Roles; Crm.Users,
katilim.crm,Crm,RoleTargets,Year,int,Evet,,Hayir,,Crm.Roles; Crm.Users,
katilim.crm,Crm,RoleTargets,MaxReferanceScore,int,Evet,,Hayir,,Crm.Roles; Crm.Users,
katilim.crm,Crm,RoleTargets,MaxAppointmentScore,int,Evet,,Hayir,,Crm.Roles; Crm.Users,
katilim.crm,Crm,RoleTargets,MaxContractScore,int,Evet,,Hayir,,Crm.Roles; Crm.Users,
katilim.crm,Crm,RoleTargets,MaxGiroScore,int,Evet,,Hayir,,Crm.Roles; Crm.Users,
katilim.crm,Crm,RoleTargets,MaxReferanceScorePlus,int,Evet,,Hayir,,Crm.Roles; Crm.Users,
katilim.crm,Crm,RoleTargets,MaxAppointmentScorePlus,int,Evet,,Hayir,,Crm.Roles; Crm.Users,
katilim.crm,Crm,RoleTargets,MaxContractScorePlus,int,Evet,,Hayir,,Crm.Roles; Crm.Users,
katilim.crm,Crm,RoleTargets,MaxGiroScorePlus,int,Evet,,Hayir,,Crm.Roles; Crm.Users,
katilim.crm,Crm,RoleTargets,BranchCategoryUid,uniqueidentifier,Evet,,Hayir,,Crm.Roles; Crm.Users,
katilim.crm,Crm,RoleTargets,PerformanceTarget,int,Evet,,Hayir,,Crm.Roles; Crm.Users,
katilim.crm,Crm,RoleTargets,MaxPerformanceScore,int,Evet,,Hayir,,Crm.Roles; Crm.Users,
katilim.crm,Crm,RoleTargets,MaxPerformanceScorePlus,int,Evet,,Hayir,,Crm.Roles; Crm.Users,
katilim.crm,Crm,ScoreCards,Uid,uniqueidentifier,Hayir,,Evet,,,
katilim.crm,Crm,ScoreCards,UpdatedAt,datetime2(7),Evet,,Hayir,,,
katilim.crm,Crm,ScoreCards,DeletedAt,datetime2(7),Evet,,Hayir,,,
katilim.crm,Crm,ScoreCards,CreatedAt,datetime2(7),Hayir,,Hayir,,,
katilim.crm,Crm,ScoreCards,CreatedBy,uniqueidentifier,Evet,,Hayir,,,
katilim.crm,Crm,ScoreCards,UpdatedBy,uniqueidentifier,Evet,,Hayir,,,
katilim.crm,Crm,ScoreCards,DeletedBy,uniqueidentifier,Evet,,Hayir,,,
katilim.crm,Crm,ScoreCards,Deleted,bit,Hayir,,Hayir,,,
katilim.crm,Crm,ScoreCards,UserUid,uniqueidentifier,Hayir,,Hayir,,,
katilim.crm,Crm,ScoreCards,TotalScore,"decimal(18,2)",Hayir,,Hayir,,,
katilim.crm,Crm,ScoreCards,MarketingCount,int,Hayir,,Hayir,,,
katilim.crm,Crm,ScoreCards,ReferanceCount,int,Hayir,,Hayir,,,
katilim.crm,Crm,ScoreCards,ReferanceTarget,int,Hayir,,Hayir,,,
katilim.crm,Crm,ScoreCards,AppointmentCount,int,Hayir,,Hayir,,,
katilim.crm,Crm,ScoreCards,AppointmentTarget,int,Hayir,,Hayir,,,
katilim.crm,Crm,ScoreCards,ContractCount,int,Hayir,,Hayir,,,
katilim.crm,Crm,ScoreCards,ContractTarget,int,Hayir,,Hayir,,,
katilim.crm,Crm,ScoreCards,ContractPrice,"decimal(18,2)",Hayir,,Hayir,,,
katilim.crm,Crm,ScoreCards,GiroTarget,"decimal(18,2)",Hayir,,Hayir,,,
katilim.crm,Crm,ScoreCards,CancellationAmount,"decimal(18,2)",Hayir,,Hayir,,,
katilim.crm,Crm,ScoreCards,CancellationCount,int,Evet,,Hayir,,,
katilim.crm,Crm,ScoreCards,CancellationRate,"decimal(18,2)",Evet,,Hayir,,,
katilim.crm,Crm,ScoreCards,SeveranceAmount,"decimal(18,2)",Evet,,Hayir,,,
katilim.crm,Crm,ScoreCards,SeveranceCount,"decimal(18,2)",Evet,,Hayir,,,
katilim.crm,Crm,ScoreCards,SeveranceRate,"decimal(18,2)",Evet,,Hayir,,,
katilim.crm,Crm,ScoreCards,ParticipationFeeAverage,"decimal(18,2)",Evet,,Hayir,,,
katilim.crm,Crm,ScoreCards,CashSaleRate,"decimal(18,2)",Evet,,Hayir,,,
katilim.crm,Crm,ScoreCards,CashSaleCount,int,Evet,,Hayir,,,
katilim.crm,Crm,ScoreCards,CashGiroAmount,"decimal(18,2)",Evet,,Hayir,,,
katilim.crm,Crm,ScoreCards,InstallmentGiroAmount,"decimal(18,2)",Evet,,Hayir,,,
katilim.crm,Crm,ScoreCards,SpreadGiroAmount,"decimal(18,2)",Evet,,Hayir,,,
katilim.crm,Crm,ScoreCards,PiecesGiroAmount,"decimal(18,2)",Evet,,Hayir,,,
katilim.crm,Crm,ScoreCards,CandidateCount,int,Evet,,Hayir,,,
katilim.crm,Crm,ScoreCards,HomeCandidateCount,int,Evet,,Hayir,,,
katilim.crm,Crm,ScoreCards,CarCandidateCount,int,Evet,,Hayir,,,
katilim.crm,Crm,ScoreCards,HomeCandidateRate,int,Evet,,Hayir,,,
katilim.crm,Crm,ScoreCards,FacebookCandidateCount,int,Evet,,Hayir,,,
katilim.crm,Crm,ScoreCards,InstagramCandidateCount,int,Evet,,Hayir,,,
katilim.crm,Crm,ScoreCards,GoogleCandidateCount,int,Evet,,Hayir,,,
katilim.crm,Crm,ScoreCards,OtherCandidateCount,int,Evet,,Hayir,,,
katilim.crm,Crm,ScoreCards,TabelaCount,int,Evet,,Hayir,,,
katilim.crm,Crm,ScoreCards,GoogleCandidateRate,int,Evet,,Hayir,,,
katilim.crm,Crm,ScoreCards,ExternalAppointmentCount,int,Evet,,Hayir,,,
katilim.crm,Crm,ScoreCards,Premium,"decimal(18,2)",Evet,,Hayir,,,
katilim.crm,Crm,ScoreCards,PremiumMultiplier,"decimal(18,2)",Evet,,Hayir,,,
katilim.crm,Crm,ScoreCards,TotalPremium,"decimal(18,2)",Evet,,Hayir,,,
katilim.crm,Crm,ScoreCards,Month,int,Evet,,Hayir,,,
katilim.crm,Crm,ScoreCards,Year,int,Evet,,Hayir,,,
katilim.crm,Crm,ScoreCards,PerformancePoint,int,Evet,,Hayir,,,
katilim.crm,Crm,ScoreCards,PerformanceTarget,int,Evet,,Hayir,,,
katilim.crm,Crm,ScoreCards,ContractPricePaid,"decimal(18,2)",Evet,,Hayir,,,
katilim.crm,Crm,ScoreCards,ContractPriceUnPaid,"decimal(18,2)",Evet,,Hayir,,,
katilim.crm,Crm,ScoreCards,MobileBrachCount,int,Evet,,Hayir,,,
katilim.crm,Crm,ServiceConfigurationLogs,Uid,uniqueidentifier,Hayir,,Evet,,,
katilim.crm,Crm,ServiceConfigurationLogs,UpdatedAt,datetime2(7),Evet,,Hayir,,,
katilim.crm,Crm,ServiceConfigurationLogs,DeletedAt,datetime2(7),Evet,,Hayir,,,
katilim.crm,Crm,ServiceConfigurationLogs,CreatedAt,datetime2(7),Hayir,,Hayir,,,
katilim.crm,Crm,ServiceConfigurationLogs,CreatedByUserUid,uniqueidentifier,Evet,,Hayir,,,
katilim.crm,Crm,ServiceConfigurationLogs,CreatedBy,uniqueidentifier,Evet,,Hayir,,,
katilim.crm,Crm,ServiceConfigurationLogs,UpdatedByUserUid,uniqueidentifier,Evet,,Hayir,,,
katilim.crm,Crm,ServiceConfigurationLogs,UpdatedBy,uniqueidentifier,Evet,,Hayir,,,
katilim.crm,Crm,ServiceConfigurationLogs,DeletedByUserUid,uniqueidentifier,Evet,,Hayir,,,
katilim.crm,Crm,ServiceConfigurationLogs,DeletedBy,uniqueidentifier,Evet,,Hayir,,,
katilim.crm,Crm,ServiceConfigurationLogs,Deleted,bit,Hayir,,Hayir,,,
katilim.crm,Crm,ServiceConfigurationLogs,ServiceConfigurationUid,uniqueidentifier,Hayir,,Hayir,,,
katilim.crm,Crm,ServiceConfigurationLogs,Status,bit,Hayir,,Hayir,,,
katilim.crm,Crm,ServiceConfigurationLogs,Message,nvarchar(max),Evet,,Hayir,,,
katilim.crm,Crm,ServiceConfigurations,Uid,uniqueidentifier,Hayir,,Evet,,Crm.Users,
katilim.crm,Crm,ServiceConfigurations,UpdatedAt,datetime2(7),Evet,,Hayir,,Crm.Users,
katilim.crm,Crm,ServiceConfigurations,DeletedAt,datetime2(7),Evet,,Hayir,,Crm.Users,
katilim.crm,Crm,ServiceConfigurations,CreatedAt,datetime2(7),Hayir,,Hayir,,Crm.Users,
katilim.crm,Crm,ServiceConfigurations,CreatedByUserUid,uniqueidentifier,Evet,,Hayir,Crm.Users.Uid,Crm.Users,
katilim.crm,Crm,ServiceConfigurations,CreatedBy,uniqueidentifier,Evet,,Hayir,,Crm.Users,
katilim.crm,Crm,ServiceConfigurations,UpdatedByUserUid,uniqueidentifier,Evet,,Hayir,Crm.Users.Uid,Crm.Users,
katilim.crm,Crm,ServiceConfigurations,UpdatedBy,uniqueidentifier,Evet,,Hayir,,Crm.Users,
katilim.crm,Crm,ServiceConfigurations,DeletedByUserUid,uniqueidentifier,Evet,,Hayir,Crm.Users.Uid,Crm.Users,
katilim.crm,Crm,ServiceConfigurations,DeletedBy,uniqueidentifier,Evet,,Hayir,,Crm.Users,
katilim.crm,Crm,ServiceConfigurations,Deleted,bit,Hayir,,Hayir,,Crm.Users,
katilim.crm,Crm,ServiceConfigurations,Id,int,Hayir,,Hayir,,Crm.Users,
katilim.crm,Crm,ServiceConfigurations,Name,varchar(200),Evet,,Hayir,,Crm.Users,
katilim.crm,Crm,ServiceConfigurations,Description,varchar(400),Evet,,Hayir,,Crm.Users,
katilim.crm,Crm,ServiceConfigurations,Link,varchar(200),Evet,,Hayir,,Crm.Users,
katilim.crm,Crm,ServiceConfigurations,Type,smallint,Hayir,,Hayir,,Crm.Users,
katilim.crm,Crm,ServiceConfigurations,FrequencyType,smallint,Hayir,,Hayir,,Crm.Users,
katilim.crm,Crm,ServiceConfigurations,Frequency,int,Hayir,,Hayir,,Crm.Users,
katilim.crm,Crm,ServiceConfigurations,StartDate,date,Hayir,,Hayir,,Crm.Users,
katilim.crm,Crm,ServiceConfigurations,EndDate,date,Hayir,,Hayir,,Crm.Users,
katilim.crm,Crm,ServiceConfigurations,WorkingStartDate,datetime,Evet,,Hayir,,Crm.Users,
katilim.crm,Crm,ServiceConfigurations,WorkingEndDate,datetime,Evet,,Hayir,,Crm.Users,
katilim.crm,Crm,ServiceConfigurations,Status,smallint,Evet,,Hayir,,Crm.Users,
katilim.crm,Crm,ServiceConfigurations,Parameters,varchar(400),Evet,,Hayir,,Crm.Users,
katilim.crm,Crm,ServiceConfigurations,SpecialTimeType,smallint,Evet,,Hayir,,Crm.Users,
katilim.crm,Crm,ServiceConfigurations,SpecialStartDate,datetime,Evet,,Hayir,,Crm.Users,
katilim.crm,Crm,ServiceConfigurations,SpecialEndDate,datetime,Evet,,Hayir,,Crm.Users,
katilim.crm,Crm,ServiceConfigurations,SpecialTimeParameter,varchar(400),Evet,,Hayir,,Crm.Users,
katilim.crm,Crm,ServiceConfigurations,Priority,int,Hayir,,Hayir,,Crm.Users,
katilim.crm,Crm,ServiceConfigurations,IsLogActive,bit,Hayir,((0)),Hayir,,Crm.Users,
katilim.crm,Crm,ServiceConfigurations,ListItemCount,int,Hayir,,Hayir,,Crm.Users,
katilim.crm,Crm,ServiceLogs,Uid,uniqueidentifier,Hayir,,Evet,,,
katilim.crm,Crm,ServiceLogs,UpdatedAt,datetime2(7),Evet,,Hayir,,,
katilim.crm,Crm,ServiceLogs,DeletedAt,datetime2(7),Evet,,Hayir,,,
katilim.crm,Crm,ServiceLogs,CreatedAt,datetime2(7),Hayir,,Hayir,,,
katilim.crm,Crm,ServiceLogs,CreatedByUserUid,uniqueidentifier,Evet,,Hayir,,,
katilim.crm,Crm,ServiceLogs,CreatedBy,uniqueidentifier,Evet,,Hayir,,,
katilim.crm,Crm,ServiceLogs,UpdatedByUserUid,uniqueidentifier,Evet,,Hayir,,,
katilim.crm,Crm,ServiceLogs,UpdatedBy,uniqueidentifier,Evet,,Hayir,,,
katilim.crm,Crm,ServiceLogs,DeletedByUserUid,uniqueidentifier,Evet,,Hayir,,,
katilim.crm,Crm,ServiceLogs,DeletedBy,uniqueidentifier,Evet,,Hayir,,,
katilim.crm,Crm,ServiceLogs,Deleted,bit,Hayir,,Hayir,,,
katilim.crm,Crm,ServiceLogs,ServiceUid,uniqueidentifier,Hayir,,Hayir,,,
katilim.crm,Crm,ServiceLogs,Result,nvarchar(max),Evet,,Hayir,,,
katilim.crm,Crm,ServiceOthers,Uid,uniqueidentifier,Hayir,,Hayir,,,
katilim.crm,Crm,ServiceOthers,UpdatedAt,datetime2(7),Evet,,Hayir,,,
katilim.crm,Crm,ServiceOthers,DeletedAt,datetime2(7),Evet,,Hayir,,,
katilim.crm,Crm,ServiceOthers,CreatedAt,datetime2(7),Hayir,,Hayir,,,
katilim.crm,Crm,ServiceOthers,CreatedByUserUid,uniqueidentifier,Evet,,Hayir,,,
katilim.crm,Crm,ServiceOthers,CreatedBy,uniqueidentifier,Evet,,Hayir,,,
katilim.crm,Crm,ServiceOthers,UpdatedByUserUid,uniqueidentifier,Evet,,Hayir,,,
katilim.crm,Crm,ServiceOthers,UpdatedBy,uniqueidentifier,Evet,,Hayir,,,
katilim.crm,Crm,ServiceOthers,DeletedByUserUid,uniqueidentifier,Evet,,Hayir,,,
katilim.crm,Crm,ServiceOthers,DeletedBy,uniqueidentifier,Evet,,Hayir,,,
katilim.crm,Crm,ServiceOthers,Deleted,bit,Hayir,,Hayir,,,
katilim.crm,Crm,ServiceOthers,Name,nvarchar(100),Evet,,Hayir,,,
katilim.crm,Crm,ServiceOthers,Description,nvarchar(4000),Evet,,Hayir,,,
katilim.crm,Crm,ServiceOthers,Type,nvarchar(50),Evet,,Hayir,,,
katilim.crm,Crm,ServiceOthers,Period,int,Hayir,,Hayir,,,
katilim.crm,Crm,ServiceOthers,StartDate,datetime2(7),Hayir,,Hayir,,,
katilim.crm,Crm,ServiceOthers,Link,nvarchar(200),Evet,,Hayir,,,
katilim.crm,Crm,ServiceOthers,Body,nvarchar(200),Evet,,Hayir,,,
katilim.crm,Crm,ServiceOthers,Priority,int,Evet,,Hayir,,,
katilim.crm,Crm,ServiceOthers,Status,smallint,Evet,,Hayir,,,
katilim.crm,Crm,ServiceOthers,ProcessingStartDate,datetime2(7),Evet,,Hayir,,,
katilim.crm,Crm,ServiceOthers,ProcessingEndDate,datetime2(7),Evet,,Hayir,,,
katilim.crm,Crm,ServiceOthers,ServiceId,smallint,Evet,,Hayir,,,
katilim.crm,Crm,ServiceOthers,EndDate,datetime2(7),Evet,,Hayir,,,
katilim.crm,Crm,ServiceOthers,StartHour,time(7),Evet,,Hayir,,,
katilim.crm,Crm,ServiceOthers,EndHour,time(7),Evet,,Hayir,,,
katilim.crm,Crm,ServiceRateRanges,Uid,uniqueidentifier,Hayir,,Evet,,Crm.Products; Crm.Users,
katilim.crm,Crm,ServiceRateRanges,UpdatedAt,datetime2(7),Evet,,Hayir,,Crm.Products; Crm.Users,
katilim.crm,Crm,ServiceRateRanges,DeletedAt,datetime2(7),Evet,,Hayir,,Crm.Products; Crm.Users,
katilim.crm,Crm,ServiceRateRanges,CreatedAt,datetime2(7),Hayir,,Hayir,,Crm.Products; Crm.Users,
katilim.crm,Crm,ServiceRateRanges,CreatedBy,uniqueidentifier,Evet,,Hayir,Crm.Users.Uid,Crm.Products; Crm.Users,
katilim.crm,Crm,ServiceRateRanges,UpdatedBy,uniqueidentifier,Evet,,Hayir,Crm.Users.Uid,Crm.Products; Crm.Users,
katilim.crm,Crm,ServiceRateRanges,DeletedBy,uniqueidentifier,Evet,,Hayir,Crm.Users.Uid,Crm.Products; Crm.Users,
katilim.crm,Crm,ServiceRateRanges,Deleted,bit,Hayir,,Hayir,,Crm.Products; Crm.Users,
katilim.crm,Crm,ServiceRateRanges,ProductUid,uniqueidentifier,Hayir,,Hayir,Crm.Products.Uid,Crm.Products; Crm.Users,
katilim.crm,Crm,ServiceRateRanges,StartMonth,int,Hayir,,Hayir,,Crm.Products; Crm.Users,
katilim.crm,Crm,ServiceRateRanges,EndMonth,int,Hayir,,Hayir,,Crm.Products; Crm.Users,
katilim.crm,Crm,ServiceRateRanges,ServiceRateForBranch,"decimal(18,2)",Hayir,,Hayir,,Crm.Products; Crm.Users,
katilim.crm,Crm,ServiceRateRanges,ServiceRateForRegion,"decimal(18,2)",Hayir,,Hayir,,Crm.Products; Crm.Users,
katilim.crm,Crm,ServiceRateRanges,ServiceRateForGeneralManager,"decimal(18,2)",Hayir,,Hayir,,Crm.Products; Crm.Users,
katilim.crm,Crm,ServiceRateRanges,ServiceRateForCEO,"decimal(18,2)",Hayir,,Hayir,,Crm.Products; Crm.Users,
katilim.crm,Crm,ServiceRateRanges,ServiceRateNotCampaign,"decimal(18,2)",Evet,,Hayir,,Crm.Products; Crm.Users,
katilim.crm,Crm,Services,Uid,uniqueidentifier,Hayir,,Evet,,Crm.Users,
katilim.crm,Crm,Services,UpdatedAt,datetime2(7),Evet,,Hayir,,Crm.Users,
katilim.crm,Crm,Services,DeletedAt,datetime2(7),Evet,,Hayir,,Crm.Users,
katilim.crm,Crm,Services,CreatedAt,datetime2(7),Hayir,,Hayir,,Crm.Users,
katilim.crm,Crm,Services,CreatedByUserUid,uniqueidentifier,Evet,,Hayir,Crm.Users.Uid,Crm.Users,
katilim.crm,Crm,Services,CreatedBy,uniqueidentifier,Evet,,Hayir,,Crm.Users,
katilim.crm,Crm,Services,UpdatedByUserUid,uniqueidentifier,Evet,,Hayir,Crm.Users.Uid,Crm.Users,
katilim.crm,Crm,Services,UpdatedBy,uniqueidentifier,Evet,,Hayir,,Crm.Users,
katilim.crm,Crm,Services,DeletedByUserUid,uniqueidentifier,Evet,,Hayir,Crm.Users.Uid,Crm.Users,
katilim.crm,Crm,Services,DeletedBy,uniqueidentifier,Evet,,Hayir,,Crm.Users,
katilim.crm,Crm,Services,Deleted,bit,Hayir,,Hayir,,Crm.Users,
katilim.crm,Crm,Services,Name,nvarchar(100),Evet,,Hayir,,Crm.Users,
katilim.crm,Crm,Services,Description,nvarchar(4000),Evet,,Hayir,,Crm.Users,
katilim.crm,Crm,Services,Type,nvarchar(50),Evet,,Hayir,,Crm.Users,
katilim.crm,Crm,Services,Period,int,Hayir,,Hayir,,Crm.Users,
katilim.crm,Crm,Services,StartDate,datetime2(7),Hayir,,Hayir,,Crm.Users,
katilim.crm,Crm,Services,Link,nvarchar(200),Evet,,Hayir,,Crm.Users,
katilim.crm,Crm,Services,Body,nvarchar(200),Evet,,Hayir,,Crm.Users,
katilim.crm,Crm,Services,Priority,int,Evet,,Hayir,,Crm.Users,
katilim.crm,Crm,Services,Status,smallint,Evet,,Hayir,,Crm.Users,
katilim.crm,Crm,Services,ProcessingStartDate,datetime2(7),Evet,,Hayir,,Crm.Users,
katilim.crm,Crm,Services,ProcessingEndDate,datetime2(7),Evet,,Hayir,,Crm.Users,
katilim.crm,Crm,Services,ServiceId,smallint,Evet,,Hayir,,Crm.Users,
katilim.crm,Crm,Services,EndDate,datetime2(7),Evet,,Hayir,,Crm.Users,
katilim.crm,Crm,Services,StartHour,time(7),Evet,,Hayir,,Crm.Users,
katilim.crm,Crm,Services,EndHour,time(7),Evet,,Hayir,,Crm.Users,
katilim.crm,Crm,SetOffLogs,Uid,uniqueidentifier,Hayir,,Evet,,Crm.Customers; Crm.Users,
katilim.crm,Crm,SetOffLogs,UpdatedAt,datetime2(7),Evet,,Hayir,,Crm.Customers; Crm.Users,
katilim.crm,Crm,SetOffLogs,DeletedAt,datetime2(7),Evet,,Hayir,,Crm.Customers; Crm.Users,
katilim.crm,Crm,SetOffLogs,CreatedAt,datetime2(7),Hayir,,Hayir,,Crm.Customers; Crm.Users,
katilim.crm,Crm,SetOffLogs,CreatedBy,uniqueidentifier,Evet,,Hayir,Crm.Users.Uid,Crm.Customers; Crm.Users,
katilim.crm,Crm,SetOffLogs,UpdatedBy,uniqueidentifier,Evet,,Hayir,Crm.Users.Uid,Crm.Customers; Crm.Users,
katilim.crm,Crm,SetOffLogs,DeletedBy,uniqueidentifier,Evet,,Hayir,Crm.Users.Uid,Crm.Customers; Crm.Users,
katilim.crm,Crm,SetOffLogs,Deleted,bit,Hayir,,Hayir,,Crm.Customers; Crm.Users,
katilim.crm,Crm,SetOffLogs,OrganizationUid,uniqueidentifier,Evet,,Hayir,,Crm.Customers; Crm.Users,
katilim.crm,Crm,SetOffLogs,RegionUid,uniqueidentifier,Evet,,Hayir,,Crm.Customers; Crm.Users,
katilim.crm,Crm,SetOffLogs,PetitionDate,datetime2(7),Evet,,Hayir,,Crm.Customers; Crm.Users,
katilim.crm,Crm,SetOffLogs,TransactionDate,datetime2(7),Evet,,Hayir,,Crm.Customers; Crm.Users,
katilim.crm,Crm,SetOffLogs,PortfolioOwnerUid,uniqueidentifier,Evet,,Hayir,,Crm.Customers; Crm.Users,
katilim.crm,Crm,SetOffLogs,CustomerUid,uniqueidentifier,Evet,,Hayir,Crm.Customers.Uid,Crm.Customers; Crm.Users,
katilim.crm,Crm,SetOffLogs,OldContractUid,uniqueidentifier,Evet,,Hayir,,Crm.Customers; Crm.Users,
katilim.crm,Crm,SetOffLogs,NewContractUid,uniqueidentifier,Evet,,Hayir,,Crm.Customers; Crm.Users,
katilim.crm,Crm,SetOffLogs,OldProductUid,uniqueidentifier,Evet,,Hayir,,Crm.Customers; Crm.Users,
katilim.crm,Crm,SetOffLogs,NewProductUid,uniqueidentifier,Evet,,Hayir,,Crm.Customers; Crm.Users,
katilim.crm,Crm,SetOffLogs,OldContractCreatedAt,datetime2(7),Evet,,Hayir,,Crm.Customers; Crm.Users,
katilim.crm,Crm,SetOffLogs,NewContractCreatedAt,datetime2(7),Evet,,Hayir,,Crm.Customers; Crm.Users,
katilim.crm,Crm,SetOffLogs,OldIsDraw,bit,Hayir,,Hayir,,Crm.Customers; Crm.Users,
katilim.crm,Crm,SetOffLogs,NewIsDraw,bit,Hayir,,Hayir,,Crm.Customers; Crm.Users,
katilim.crm,Crm,SetOffLogs,OldServiceType,nvarchar(5),Evet,,Hayir,,Crm.Customers; Crm.Users,
katilim.crm,Crm,SetOffLogs,NewServiceType,nvarchar(5),Evet,,Hayir,,Crm.Customers; Crm.Users,
katilim.crm,Crm,SetOffLogs,OldProductPrice,"decimal(18,2)",Evet,,Hayir,,Crm.Customers; Crm.Users,
katilim.crm,Crm,SetOffLogs,NewProductPrice,"decimal(18,2)",Evet,,Hayir,,Crm.Customers; Crm.Users,
katilim.crm,Crm,SetOffLogs,OldServicePrice,"decimal(18,2)",Evet,,Hayir,,Crm.Customers; Crm.Users,
katilim.crm,Crm,SetOffLogs,NewServicePrice,"decimal(18,2)",Evet,,Hayir,,Crm.Customers; Crm.Users,
katilim.crm,Crm,SetOffLogs,Status,nvarchar(5),Evet,,Hayir,,Crm.Customers; Crm.Users,
katilim.crm,Crm,SetOffLogs,SubStatus,nvarchar(5),Evet,,Hayir,,Crm.Customers; Crm.Users,
katilim.crm,Crm,SetOffLogs,Description,nvarchar(500),Evet,,Hayir,,Crm.Customers; Crm.Users,
katilim.crm,Crm,SetOffLogs,Year,int,Evet,,Hayir,,Crm.Customers; Crm.Users,
katilim.crm,Crm,SetOffLogs,Month,int,Evet,,Hayir,,Crm.Customers; Crm.Users,
katilim.crm,Crm,SetOffLogs,ProductPriceDifference,"decimal(18,2)",Evet,,Hayir,,Crm.Customers; Crm.Users,
katilim.crm,Crm,SetOffLogs,ServicePriceDifference,"decimal(18,2)",Evet,,Hayir,,Crm.Customers; Crm.Users,
katilim.crm,Crm,SetOffLogs,NewContractStatus,nvarchar(3),Evet,,Hayir,,Crm.Customers; Crm.Users,
katilim.crm,Crm,SetOffLogs,OldContractTotalPaid,"decimal(18,2)",Evet,,Hayir,,Crm.Customers; Crm.Users,
katilim.crm,Crm,SetOffLogs,BidApprovalRole,varchar(5),Evet,,Hayir,,Crm.Customers; Crm.Users,
katilim.crm,Crm,SetOffLogs,FileUid,uniqueidentifier,Evet,,Hayir,,Crm.Customers; Crm.Users,
katilim.crm,Crm,SetOffLogs,OldContractServiceRate,"decimal(18,2)",Evet,,Hayir,,Crm.Customers; Crm.Users,
katilim.crm,Crm,SetOffLogs,NewContractServiceRate,"decimal(18,2)",Evet,,Hayir,,Crm.Customers; Crm.Users,
katilim.crm,Crm,SetOffLogs,OldContractSalesPerson,uniqueidentifier,Evet,,Hayir,,Crm.Customers; Crm.Users,
katilim.crm,Crm,SetOffLogs,NewContractSalesPerson,uniqueidentifier,Evet,,Hayir,,Crm.Customers; Crm.Users,
katilim.crm,Crm,SetOffLogs,PostVirmanQueueUid,uniqueidentifier,Evet,,Hayir,,Crm.Customers; Crm.Users,
katilim.crm,Crm,SetOffLogs,OldContractSalesOrganizationUid,uniqueidentifier,Evet,,Hayir,,Crm.Customers; Crm.Users,
katilim.crm,Crm,SetOffLogs,NewContractSalesOrganizationUid,uniqueidentifier,Evet,,Hayir,,Crm.Customers; Crm.Users,
katilim.crm,Crm,SetOffProcessLogs,Uid,uniqueidentifier,Hayir,,Evet,,,
katilim.crm,Crm,SetOffProcessLogs,UpdatedAt,datetime2(7),Evet,,Hayir,,,
katilim.crm,Crm,SetOffProcessLogs,DeletedAt,datetime2(7),Evet,,Hayir,,,
katilim.crm,Crm,SetOffProcessLogs,CreatedAt,datetime2(7),Hayir,,Hayir,,,
katilim.crm,Crm,SetOffProcessLogs,CreatedBy,uniqueidentifier,Evet,,Hayir,,,
katilim.crm,Crm,SetOffProcessLogs,UpdatedBy,uniqueidentifier,Evet,,Hayir,,,
katilim.crm,Crm,SetOffProcessLogs,DeletedBy,uniqueidentifier,Evet,,Hayir,,,
katilim.crm,Crm,SetOffProcessLogs,Deleted,bit,Hayir,,Hayir,,,
katilim.crm,Crm,SetOffProcessLogs,SetOffLogUid,uniqueidentifier,Hayir,,Hayir,,,
katilim.crm,Crm,SetOffProcessLogs,Department,uniqueidentifier,Evet,,Hayir,,,
katilim.crm,Crm,SetOffProcessLogs,Description,nvarchar(500),Evet,,Hayir,,,
katilim.crm,Crm,SetOffProcessLogs,SetOffProcessType,smallint,Hayir,,Hayir,,,
katilim.crm,Crm,Simulations,Uid,uniqueidentifier,Hayir,,Evet,,Crm.Customers; Crm.Simulations; Crm.Users,
katilim.crm,Crm,Simulations,UpdatedAt,datetime2(7),Evet,,Hayir,,Crm.Customers; Crm.Simulations; Crm.Users,
katilim.crm,Crm,Simulations,DeletedAt,datetime2(7),Evet,,Hayir,,Crm.Customers; Crm.Simulations; Crm.Users,
katilim.crm,Crm,Simulations,CreatedAt,datetime2(7),Hayir,,Hayir,,Crm.Customers; Crm.Simulations; Crm.Users,
katilim.crm,Crm,Simulations,CreatedBy,uniqueidentifier,Evet,,Hayir,Crm.Users.Uid,Crm.Customers; Crm.Simulations; Crm.Users,
katilim.crm,Crm,Simulations,UpdatedBy,uniqueidentifier,Evet,,Hayir,Crm.Users.Uid,Crm.Customers; Crm.Simulations; Crm.Users,
katilim.crm,Crm,Simulations,DeletedBy,uniqueidentifier,Evet,,Hayir,Crm.Users.Uid,Crm.Customers; Crm.Simulations; Crm.Users,
katilim.crm,Crm,Simulations,Deleted,bit,Hayir,,Hayir,,Crm.Customers; Crm.Simulations; Crm.Users,
katilim.crm,Crm,Simulations,LeadUid,uniqueidentifier,Evet,,Hayir,,Crm.Customers; Crm.Simulations; Crm.Users,
katilim.crm,Crm,Simulations,CustomerUid,uniqueidentifier,Evet,,Hayir,Crm.Customers.Uid,Crm.Customers; Crm.Simulations; Crm.Users,
katilim.crm,Crm,Simulations,OwnerUid,uniqueidentifier,Hayir,,Hayir,Crm.Users.Uid,Crm.Customers; Crm.Simulations; Crm.Users,
katilim.crm,Crm,Simulations,ProductPrice,"decimal(18,2)",Hayir,,Hayir,,Crm.Customers; Crm.Simulations; Crm.Users,
katilim.crm,Crm,Simulations,InstallmentPrice,"decimal(18,2)",Hayir,,Hayir,,Crm.Customers; Crm.Simulations; Crm.Users,
katilim.crm,Crm,Simulations,CachePrice,"decimal(18,2)",Hayir,,Hayir,,Crm.Customers; Crm.Simulations; Crm.Users,
katilim.crm,Crm,Simulations,Type,nvarchar(50),Evet,,Hayir,,Crm.Customers; Crm.Simulations; Crm.Users,
katilim.crm,Crm,Simulations,SimulationUid,uniqueidentifier,Evet,,Hayir,Crm.Simulations.Uid,Crm.Customers; Crm.Simulations; Crm.Users,
katilim.crm,Crm,Simulations,IsMesken,bit,Evet,,Hayir,,Crm.Customers; Crm.Simulations; Crm.Users,
katilim.crm,Crm,SmsGroups,Uid,uniqueidentifier,Hayir,,Evet,,Crm.SmsLogs; Crm.SmsTemplates; Crm.Users,
katilim.crm,Crm,SmsGroups,UpdatedAt,datetime2(7),Evet,,Hayir,,Crm.SmsLogs; Crm.SmsTemplates; Crm.Users,
katilim.crm,Crm,SmsGroups,DeletedAt,datetime2(7),Evet,,Hayir,,Crm.SmsLogs; Crm.SmsTemplates; Crm.Users,
katilim.crm,Crm,SmsGroups,CreatedAt,datetime2(7),Hayir,,Hayir,,Crm.SmsLogs; Crm.SmsTemplates; Crm.Users,
katilim.crm,Crm,SmsGroups,CreatedBy,uniqueidentifier,Evet,,Hayir,Crm.Users.Uid,Crm.SmsLogs; Crm.SmsTemplates; Crm.Users,
katilim.crm,Crm,SmsGroups,UpdatedBy,uniqueidentifier,Evet,,Hayir,Crm.Users.Uid,Crm.SmsLogs; Crm.SmsTemplates; Crm.Users,
katilim.crm,Crm,SmsGroups,DeletedBy,uniqueidentifier,Evet,,Hayir,Crm.Users.Uid,Crm.SmsLogs; Crm.SmsTemplates; Crm.Users,
katilim.crm,Crm,SmsGroups,Deleted,bit,Hayir,,Hayir,,Crm.SmsLogs; Crm.SmsTemplates; Crm.Users,
katilim.crm,Crm,SmsGroups,SmsTemplateUid,uniqueidentifier,Evet,,Hayir,Crm.SmsTemplates.Uid,Crm.SmsLogs; Crm.SmsTemplates; Crm.Users,
katilim.crm,Crm,SmsGroups,StartDate,datetime2(7),Evet,,Hayir,,Crm.SmsLogs; Crm.SmsTemplates; Crm.Users,
katilim.crm,Crm,SmsGroups,CompletedDate,datetime2(7),Evet,,Hayir,,Crm.SmsLogs; Crm.SmsTemplates; Crm.Users,
katilim.crm,Crm,SmsGroups,SearchQuery,nvarchar(100),Evet,,Hayir,,Crm.SmsLogs; Crm.SmsTemplates; Crm.Users,
katilim.crm,Crm,SmsGroups,IsCompleted,bit,Hayir,,Hayir,,Crm.SmsLogs; Crm.SmsTemplates; Crm.Users,
katilim.crm,Crm,SmsLogs,Uid,uniqueidentifier,Hayir,,Evet,,Crm.Contracts; Crm.Customers; Crm.Leads; Crm.Opportunities; Crm.SmsGroups; Crm.Users,
katilim.crm,Crm,SmsLogs,UpdatedAt,datetime2(7),Evet,,Hayir,,Crm.Contracts; Crm.Customers; Crm.Leads; Crm.Opportunities; Crm.SmsGroups; Crm.Users,
katilim.crm,Crm,SmsLogs,DeletedAt,datetime2(7),Evet,,Hayir,,Crm.Contracts; Crm.Customers; Crm.Leads; Crm.Opportunities; Crm.SmsGroups; Crm.Users,
katilim.crm,Crm,SmsLogs,CreatedAt,datetime2(7),Hayir,,Hayir,,Crm.Contracts; Crm.Customers; Crm.Leads; Crm.Opportunities; Crm.SmsGroups; Crm.Users,
katilim.crm,Crm,SmsLogs,CreatedBy,uniqueidentifier,Evet,,Hayir,Crm.Users.Uid,Crm.Contracts; Crm.Customers; Crm.Leads; Crm.Opportunities; Crm.SmsGroups; Crm.Users,
katilim.crm,Crm,SmsLogs,UpdatedBy,uniqueidentifier,Evet,,Hayir,Crm.Users.Uid,Crm.Contracts; Crm.Customers; Crm.Leads; Crm.Opportunities; Crm.SmsGroups; Crm.Users,
katilim.crm,Crm,SmsLogs,DeletedBy,uniqueidentifier,Evet,,Hayir,Crm.Users.Uid,Crm.Contracts; Crm.Customers; Crm.Leads; Crm.Opportunities; Crm.SmsGroups; Crm.Users,
katilim.crm,Crm,SmsLogs,Deleted,bit,Hayir,,Hayir,,Crm.Contracts; Crm.Customers; Crm.Leads; Crm.Opportunities; Crm.SmsGroups; Crm.Users,
katilim.crm,Crm,SmsLogs,Text,nvarchar(4000),Evet,,Hayir,,Crm.Contracts; Crm.Customers; Crm.Leads; Crm.Opportunities; Crm.SmsGroups; Crm.Users,
katilim.crm,Crm,SmsLogs,SmsGroupUid,uniqueidentifier,Evet,,Hayir,Crm.SmsGroups.Uid,Crm.Contracts; Crm.Customers; Crm.Leads; Crm.Opportunities; Crm.SmsGroups; Crm.Users,
katilim.crm,Crm,SmsLogs,CustomerUid,uniqueidentifier,Evet,,Hayir,Crm.Customers.Uid,Crm.Contracts; Crm.Customers; Crm.Leads; Crm.Opportunities; Crm.SmsGroups; Crm.Users,
katilim.crm,Crm,SmsLogs,ContractUid,uniqueidentifier,Evet,,Hayir,Crm.Contracts.Uid,Crm.Contracts; Crm.Customers; Crm.Leads; Crm.Opportunities; Crm.SmsGroups; Crm.Users,
katilim.crm,Crm,SmsLogs,LeadUid,uniqueidentifier,Evet,,Hayir,Crm.Leads.Uid,Crm.Contracts; Crm.Customers; Crm.Leads; Crm.Opportunities; Crm.SmsGroups; Crm.Users,
katilim.crm,Crm,SmsLogs,IsSent,bit,Hayir,,Hayir,,Crm.Contracts; Crm.Customers; Crm.Leads; Crm.Opportunities; Crm.SmsGroups; Crm.Users,
katilim.crm,Crm,SmsLogs,OpportunityUid,uniqueidentifier,Evet,,Hayir,Crm.Opportunities.Uid,Crm.Contracts; Crm.Customers; Crm.Leads; Crm.Opportunities; Crm.SmsGroups; Crm.Users,
katilim.crm,Crm,SmsTemplates,Uid,uniqueidentifier,Hayir,,Evet,,Crm.SmsGroups; Crm.Users,
katilim.crm,Crm,SmsTemplates,UpdatedAt,datetime2(7),Evet,,Hayir,,Crm.SmsGroups; Crm.Users,
katilim.crm,Crm,SmsTemplates,DeletedAt,datetime2(7),Evet,,Hayir,,Crm.SmsGroups; Crm.Users,
katilim.crm,Crm,SmsTemplates,CreatedAt,datetime2(7),Hayir,,Hayir,,Crm.SmsGroups; Crm.Users,
katilim.crm,Crm,SmsTemplates,CreatedBy,uniqueidentifier,Evet,,Hayir,Crm.Users.Uid,Crm.SmsGroups; Crm.Users,
katilim.crm,Crm,SmsTemplates,UpdatedBy,uniqueidentifier,Evet,,Hayir,Crm.Users.Uid,Crm.SmsGroups; Crm.Users,
katilim.crm,Crm,SmsTemplates,DeletedBy,uniqueidentifier,Evet,,Hayir,Crm.Users.Uid,Crm.SmsGroups; Crm.Users,
katilim.crm,Crm,SmsTemplates,Deleted,bit,Hayir,,Hayir,,Crm.SmsGroups; Crm.Users,
katilim.crm,Crm,SmsTemplates,Name,nvarchar(100),Evet,,Hayir,,Crm.SmsGroups; Crm.Users,
katilim.crm,Crm,SmsTemplates,Text,nvarchar(4000),Evet,,Hayir,,Crm.SmsGroups; Crm.Users,
katilim.crm,Crm,SmsTemplates,Type,nvarchar(50),Evet,,Hayir,,Crm.SmsGroups; Crm.Users,
katilim.crm,Crm,SmsTemplates,Key,nvarchar(100),Evet,,Hayir,,Crm.SmsGroups; Crm.Users,
katilim.crm,Crm,SmsTemplates,IsNotification,bit,Evet,,Hayir,,Crm.SmsGroups; Crm.Users,
katilim.crm,Crm,SmsTemplates,Title,nvarchar(100),Evet,,Hayir,,Crm.SmsGroups; Crm.Users,
katilim.crm,Crm,SmsTemplates,Enabled,bit,Evet,((0)),Hayir,,Crm.SmsGroups; Crm.Users,
katilim.crm,Crm,SmsTemplates,IsSms,bit,Evet,((0)),Hayir,,Crm.SmsGroups; Crm.Users,
katilim.crm,Crm,SmsTemplates,TestPhoneNumber,nvarchar(10),Evet,,Hayir,,Crm.SmsGroups; Crm.Users,
katilim.crm,Crm,SmsTemplates,PhoneJSonList,nvarchar(500),Evet,,Hayir,,Crm.SmsGroups; Crm.Users,
katilim.crm,Crm,SmsVerificationCodes,Uid,uniqueidentifier,Hayir,,Evet,,Crm.Leads; Crm.Users,
katilim.crm,Crm,SmsVerificationCodes,UpdatedAt,datetime2(7),Evet,,Hayir,,Crm.Leads; Crm.Users,
katilim.crm,Crm,SmsVerificationCodes,DeletedAt,datetime2(7),Evet,,Hayir,,Crm.Leads; Crm.Users,
katilim.crm,Crm,SmsVerificationCodes,CreatedAt,datetime2(7),Hayir,,Hayir,,Crm.Leads; Crm.Users,
katilim.crm,Crm,SmsVerificationCodes,CreatedBy,uniqueidentifier,Evet,,Hayir,,Crm.Leads; Crm.Users,
katilim.crm,Crm,SmsVerificationCodes,UpdatedBy,uniqueidentifier,Evet,,Hayir,Crm.Users.Uid,Crm.Leads; Crm.Users,
katilim.crm,Crm,SmsVerificationCodes,DeletedBy,uniqueidentifier,Evet,,Hayir,Crm.Users.Uid,Crm.Leads; Crm.Users,
katilim.crm,Crm,SmsVerificationCodes,Deleted,bit,Hayir,,Hayir,,Crm.Leads; Crm.Users,
katilim.crm,Crm,SmsVerificationCodes,LeadUid,uniqueidentifier,Evet,,Hayir,Crm.Leads.Uid,Crm.Leads; Crm.Users,
katilim.crm,Crm,SmsVerificationCodes,VerificationCode,nvarchar(50),Hayir,,Hayir,,Crm.Leads; Crm.Users,
katilim.crm,Crm,SmsVerificationCodes,Type,smallint,Hayir,,Hayir,,Crm.Leads; Crm.Users,
katilim.crm,Crm,SmsVerificationCodes,MobilePhone,nvarchar(50),Hayir,,Hayir,,Crm.Leads; Crm.Users,
katilim.crm,Crm,SmsVerificationCodes,ExpirationDateTime,datetime,Hayir,,Hayir,,Crm.Leads; Crm.Users,
katilim.crm,Crm,SmsVerificationCodes,IsUsed,bit,Hayir,((0)),Hayir,,Crm.Leads; Crm.Users,
katilim.crm,Crm,SustainabilityFeatureValues,Uid,uniqueidentifier,Hayir,,Evet,,Crm.SustainabilityReports; Crm.Users,
katilim.crm,Crm,SustainabilityFeatureValues,UpdatedAt,datetime2(7),Evet,,Hayir,,Crm.SustainabilityReports; Crm.Users,
katilim.crm,Crm,SustainabilityFeatureValues,DeletedAt,datetime2(7),Evet,,Hayir,,Crm.SustainabilityReports; Crm.Users,
katilim.crm,Crm,SustainabilityFeatureValues,CreatedAt,datetime2(7),Hayir,,Hayir,,Crm.SustainabilityReports; Crm.Users,
katilim.crm,Crm,SustainabilityFeatureValues,CreatedBy,uniqueidentifier,Evet,,Hayir,Crm.Users.Uid,Crm.SustainabilityReports; Crm.Users,
katilim.crm,Crm,SustainabilityFeatureValues,UpdatedBy,uniqueidentifier,Evet,,Hayir,Crm.Users.Uid,Crm.SustainabilityReports; Crm.Users,
katilim.crm,Crm,SustainabilityFeatureValues,DeletedBy,uniqueidentifier,Evet,,Hayir,Crm.Users.Uid,Crm.SustainabilityReports; Crm.Users,
katilim.crm,Crm,SustainabilityFeatureValues,Deleted,bit,Hayir,,Hayir,,Crm.SustainabilityReports; Crm.Users,
katilim.crm,Crm,SustainabilityFeatureValues,FeatureType,smallint,Hayir,,Hayir,,Crm.SustainabilityReports; Crm.Users,
katilim.crm,Crm,SustainabilityFeatureValues,Key,nvarchar(50),Hayir,,Hayir,,Crm.SustainabilityReports; Crm.Users,
katilim.crm,Crm,SustainabilityFeatureValues,Name,nvarchar(100),Hayir,,Hayir,,Crm.SustainabilityReports; Crm.Users,
katilim.crm,Crm,SustainabilityFeatureValues,Order,int,Hayir,,Hayir,,Crm.SustainabilityReports; Crm.Users,
katilim.crm,Crm,SustainabilityReports,Uid,uniqueidentifier,Hayir,,Evet,,Crm.Contracts; Crm.MortgagePledges; Crm.MortgageTypes; Crm.Mortgages; Crm.SustainabilityFeatureValues; Crm.Users,
katilim.crm,Crm,SustainabilityReports,UpdatedAt,datetime2(7),Evet,,Hayir,,Crm.Contracts; Crm.MortgagePledges; Crm.MortgageTypes; Crm.Mortgages; Crm.SustainabilityFeatureValues; Crm.Users,
katilim.crm,Crm,SustainabilityReports,DeletedAt,datetime2(7),Evet,,Hayir,,Crm.Contracts; Crm.MortgagePledges; Crm.MortgageTypes; Crm.Mortgages; Crm.SustainabilityFeatureValues; Crm.Users,
katilim.crm,Crm,SustainabilityReports,CreatedAt,datetime2(7),Hayir,,Hayir,,Crm.Contracts; Crm.MortgagePledges; Crm.MortgageTypes; Crm.Mortgages; Crm.SustainabilityFeatureValues; Crm.Users,
katilim.crm,Crm,SustainabilityReports,CreatedBy,uniqueidentifier,Evet,,Hayir,Crm.Users.Uid,Crm.Contracts; Crm.MortgagePledges; Crm.MortgageTypes; Crm.Mortgages; Crm.SustainabilityFeatureValues; Crm.Users,
katilim.crm,Crm,SustainabilityReports,UpdatedBy,uniqueidentifier,Evet,,Hayir,Crm.Users.Uid,Crm.Contracts; Crm.MortgagePledges; Crm.MortgageTypes; Crm.Mortgages; Crm.SustainabilityFeatureValues; Crm.Users,
katilim.crm,Crm,SustainabilityReports,DeletedBy,uniqueidentifier,Evet,,Hayir,Crm.Users.Uid,Crm.Contracts; Crm.MortgagePledges; Crm.MortgageTypes; Crm.Mortgages; Crm.SustainabilityFeatureValues; Crm.Users,
katilim.crm,Crm,SustainabilityReports,Deleted,bit,Hayir,,Hayir,,Crm.Contracts; Crm.MortgagePledges; Crm.MortgageTypes; Crm.Mortgages; Crm.SustainabilityFeatureValues; Crm.Users,
katilim.crm,Crm,SustainabilityReports,ProductType,nvarchar(50),Evet,,Hayir,,Crm.Contracts; Crm.MortgagePledges; Crm.MortgageTypes; Crm.Mortgages; Crm.SustainabilityFeatureValues; Crm.Users,
katilim.crm,Crm,SustainabilityReports,ContractUid,uniqueidentifier,Hayir,,Hayir,Crm.Contracts.Uid,Crm.Contracts; Crm.MortgagePledges; Crm.MortgageTypes; Crm.Mortgages; Crm.SustainabilityFeatureValues; Crm.Users,
katilim.crm,Crm,SustainabilityReports,MortgagesUid,uniqueidentifier,Hayir,,Hayir,Crm.Mortgages.Uid,Crm.Contracts; Crm.MortgagePledges; Crm.MortgageTypes; Crm.Mortgages; Crm.SustainabilityFeatureValues; Crm.Users,
katilim.crm,Crm,SustainabilityReports,MortgagePledgeUid,uniqueidentifier,Evet,,Hayir,Crm.MortgagePledges.Uid,Crm.Contracts; Crm.MortgagePledges; Crm.MortgageTypes; Crm.Mortgages; Crm.SustainabilityFeatureValues; Crm.Users,
katilim.crm,Crm,SustainabilityReports,FeatureType,smallint,Hayir,,Hayir,,Crm.Contracts; Crm.MortgagePledges; Crm.MortgageTypes; Crm.Mortgages; Crm.SustainabilityFeatureValues; Crm.Users,
katilim.crm,Crm,SustainabilityReports,FeatureValueUid,uniqueidentifier,Evet,,Hayir,Crm.SustainabilityFeatureValues.Uid,Crm.Contracts; Crm.MortgagePledges; Crm.MortgageTypes; Crm.Mortgages; Crm.SustainabilityFeatureValues; Crm.Users,
katilim.crm,Crm,SustainabilityReports,MortgageTypeUid,uniqueidentifier,Evet,,Hayir,Crm.MortgageTypes.Uid,Crm.Contracts; Crm.MortgagePledges; Crm.MortgageTypes; Crm.Mortgages; Crm.SustainabilityFeatureValues; Crm.Users,
katilim.crm,Crm,SustainabilityReports,VehicleRegistrationType,smallint,Evet,,Hayir,,Crm.Contracts; Crm.MortgagePledges; Crm.MortgageTypes; Crm.Mortgages; Crm.SustainabilityFeatureValues; Crm.Users,
katilim.crm,Crm,TakbisCity,Uid,uniqueidentifier,Hayir,,Evet,,,
katilim.crm,Crm,TakbisCity,TakbisId,int,Evet,,Hayir,,,
katilim.crm,Crm,TakbisCity,Name,nvarchar(100),Evet,,Hayir,,,
katilim.crm,Crm,TakbisHomeTown,Uid,uniqueidentifier,Hayir,,Evet,,,
katilim.crm,Crm,TakbisHomeTown,TakbisId,int,Evet,,Hayir,,,
katilim.crm,Crm,TakbisHomeTown,Name,nvarchar(100),Evet,,Hayir,,,
katilim.crm,Crm,TakbisHomeTown,Status,nvarchar(250),Evet,,Hayir,,,
katilim.crm,Crm,TakbisHomeTown,Type,nvarchar(250),Evet,,Hayir,,,
katilim.crm,Crm,TakbisHomeTown,TownId,int,Evet,,Hayir,,,
katilim.crm,Crm,TakbisHomeTown,IsActive,bit,Evet,,Hayir,,,
katilim.crm,Crm,TakbisInsuranceCompanies,Uid,uniqueidentifier,Hayir,,Evet,,,
katilim.crm,Crm,TakbisInsuranceCompanies,TakbisId,int,Evet,,Hayir,,,
katilim.crm,Crm,TakbisInsuranceCompanies,Name,nvarchar(250),Evet,,Hayir,,,
katilim.crm,Crm,TakbisTown,Uid,uniqueidentifier,Hayir,,Evet,,,
katilim.crm,Crm,TakbisTown,TakbisId,int,Evet,,Hayir,,,
katilim.crm,Crm,TakbisTown,Name,nvarchar(100),Evet,,Hayir,,,
katilim.crm,Crm,TakbisTown,CityId,int,Evet,,Hayir,,,
katilim.crm,Crm,TicketHistories,Uid,uniqueidentifier,Hayir,,Evet,,Crm.Tickets; Crm.Users,
katilim.crm,Crm,TicketHistories,UpdatedAt,datetime2(7),Evet,,Hayir,,Crm.Tickets; Crm.Users,
katilim.crm,Crm,TicketHistories,DeletedAt,datetime2(7),Evet,,Hayir,,Crm.Tickets; Crm.Users,
katilim.crm,Crm,TicketHistories,CreatedAt,datetime2(7),Hayir,,Hayir,,Crm.Tickets; Crm.Users,
katilim.crm,Crm,TicketHistories,CreatedBy,uniqueidentifier,Evet,,Hayir,Crm.Users.Uid,Crm.Tickets; Crm.Users,
katilim.crm,Crm,TicketHistories,UpdatedBy,uniqueidentifier,Evet,,Hayir,Crm.Users.Uid,Crm.Tickets; Crm.Users,
katilim.crm,Crm,TicketHistories,DeletedBy,uniqueidentifier,Evet,,Hayir,Crm.Users.Uid,Crm.Tickets; Crm.Users,
katilim.crm,Crm,TicketHistories,Deleted,bit,Hayir,,Hayir,,Crm.Tickets; Crm.Users,
katilim.crm,Crm,TicketHistories,TicketUid,uniqueidentifier,Hayir,,Hayir,Crm.Tickets.Uid,Crm.Tickets; Crm.Users,
katilim.crm,Crm,TicketHistories,UpdatedName,nvarchar(200),Evet,,Hayir,,Crm.Tickets; Crm.Users,
katilim.crm,Crm,TicketHistories,FieldName,nvarchar(100),Evet,,Hayir,,Crm.Tickets; Crm.Users,
katilim.crm,Crm,TicketHistories,OldValue,nvarchar(50),Evet,,Hayir,,Crm.Tickets; Crm.Users,
katilim.crm,Crm,TicketHistories,NewValue,nvarchar(50),Evet,,Hayir,,Crm.Tickets; Crm.Users,
katilim.crm,Crm,Tickets,Uid,uniqueidentifier,Hayir,,Evet,,Crm.Organizations; Crm.TicketHistories; Crm.Users,
katilim.crm,Crm,Tickets,UpdatedAt,datetime2(7),Evet,,Hayir,,Crm.Organizations; Crm.TicketHistories; Crm.Users,
katilim.crm,Crm,Tickets,DeletedAt,datetime2(7),Evet,,Hayir,,Crm.Organizations; Crm.TicketHistories; Crm.Users,
katilim.crm,Crm,Tickets,CreatedAt,datetime2(7),Hayir,,Hayir,,Crm.Organizations; Crm.TicketHistories; Crm.Users,
katilim.crm,Crm,Tickets,CreatedBy,uniqueidentifier,Evet,,Hayir,Crm.Users.Uid,Crm.Organizations; Crm.TicketHistories; Crm.Users,
katilim.crm,Crm,Tickets,UpdatedBy,uniqueidentifier,Evet,,Hayir,Crm.Users.Uid,Crm.Organizations; Crm.TicketHistories; Crm.Users,
katilim.crm,Crm,Tickets,DeletedBy,uniqueidentifier,Evet,,Hayir,Crm.Users.Uid,Crm.Organizations; Crm.TicketHistories; Crm.Users,
katilim.crm,Crm,Tickets,Deleted,bit,Hayir,,Hayir,,Crm.Organizations; Crm.TicketHistories; Crm.Users,
katilim.crm,Crm,Tickets,Title,nvarchar(max),Evet,,Hayir,,Crm.Organizations; Crm.TicketHistories; Crm.Users,
katilim.crm,Crm,Tickets,Description,nvarchar(max),Evet,,Hayir,,Crm.Organizations; Crm.TicketHistories; Crm.Users,
katilim.crm,Crm,Tickets,OwnerUid,uniqueidentifier,Evet,,Hayir,Crm.Users.Uid,Crm.Organizations; Crm.TicketHistories; Crm.Users,
katilim.crm,Crm,Tickets,DepartmentUid,uniqueidentifier,Evet,,Hayir,Crm.Organizations.Uid,Crm.Organizations; Crm.TicketHistories; Crm.Users,
katilim.crm,Crm,Tickets,RequestingPersonUid,uniqueidentifier,Evet,,Hayir,Crm.Users.Uid,Crm.Organizations; Crm.TicketHistories; Crm.Users,
katilim.crm,Crm,Tickets,Priority,nvarchar(max),Evet,,Hayir,,Crm.Organizations; Crm.TicketHistories; Crm.Users,
katilim.crm,Crm,Tickets,Type,nvarchar(max),Evet,,Hayir,,Crm.Organizations; Crm.TicketHistories; Crm.Users,
katilim.crm,Crm,Tickets,Status,nvarchar(max),Evet,,Hayir,,Crm.Organizations; Crm.TicketHistories; Crm.Users,
katilim.crm,Crm,Tickets,DeadLine,datetime2(7),Evet,,Hayir,,Crm.Organizations; Crm.TicketHistories; Crm.Users,
katilim.crm,Crm,Tickets,CompletedBy,uniqueidentifier,Evet,,Hayir,,Crm.Organizations; Crm.TicketHistories; Crm.Users,
katilim.crm,Crm,tmpAllGroupInfo,Uid,uniqueidentifier,Hayir,,Evet,,,
katilim.crm,Crm,tmpAllGroupInfo,Name,nvarchar(20),Hayir,,Hayir,,,
katilim.crm,Crm,tmpAllGroupInfo,InstallmentCount,int,Hayir,,Hayir,,,
katilim.crm,Crm,tmpAllGroupInfo,GroupDate,datetime,Hayir,,Hayir,,,
katilim.crm,Crm,tmpAllGroupInfo,IsOpen,bit,Hayir,,Hayir,,,
katilim.crm,Crm,tmpAllGroupInfo,Type,nvarchar(3),Evet,,Hayir,,,
katilim.crm,Crm,tmpAllGroupInfo,JokerCount,int,Hayir,,Hayir,,,
katilim.crm,Crm,tmpAllGroupInfo,ContractCount,int,Hayir,,Hayir,,,
katilim.crm,Crm,tmpAllGroupInfo,TotalSelectCount,int,Hayir,,Hayir,,,
katilim.crm,Crm,tmpAllGroupInfo,ContractSelectCount,int,Hayir,,Hayir,,,
katilim.crm,Crm,tmpAllGroupInfo,JokerSelectCount,int,Hayir,,Hayir,,,
katilim.crm,Crm,tmpAllGroupInfo,MaxDeliveryDate,datetime,Evet,,Hayir,,,
katilim.crm,Crm,tmpAllGroupInfo,SelectCount,int,Hayir,,Hayir,,,
katilim.crm,Crm,tmpAllGroupInfo,LastOrganizationDate,datetime,Evet,,Hayir,,,
katilim.crm,Crm,tmpAllGroupInfo,CreatedAt,datetime,Evet,,Hayir,,,
katilim.crm,Crm,tmpAllGroupInfo,MaxDeliveryLastInstallment,int,Hayir,,Hayir,,,
katilim.crm,Crm,tmpAllGroupInfo,CreatedBy,nvarchar(100),Evet,,Hayir,,,
katilim.crm,Crm,tmpAllGroupInfo,ClosedBy,nvarchar(100),Evet,,Hayir,,,
katilim.crm,Crm,tmpAllGroupInfo,StartDate,datetime,Evet,,Hayir,,,
katilim.crm,Crm,tmpAllGroupInfo,EndDate,datetime,Evet,,Hayir,,,
katilim.crm,Crm,tmpAllGroupInfo,Status,nvarchar(3),Evet,,Hayir,,,
katilim.crm,Crm,tmpAllGroupInfo,IsMesken,bit,Evet,,Hayir,,,
katilim.crm,Crm,tmpAllGroupInfo,NextDraw,nvarchar(4),Evet,,Hayir,,,
katilim.crm,Crm,tmpAllGroupInfo,MaxDeliveryMonth,int,Hayir,,Hayir,,,
katilim.crm,Crm,tmpAllGroupInfo,FirstOrganizationDate,datetime,Evet,,Hayir,,,
katilim.crm,Crm,tmpAllGroupInfo,LastDrawDate,datetime,Evet,,Hayir,,,
katilim.crm,Crm,tmpAllGroupInfo,NextDrawDate,datetime,Evet,,Hayir,,,
katilim.crm,Crm,tmpAllGroupInfo,NextDrawPeriod,nvarchar(4),Evet,,Hayir,,,
katilim.crm,Crm,tmpAllGroupInfo,BallCount,int,Hayir,,Hayir,,,
katilim.crm,Crm,tmpAllGroupInfo,TotalDrawBall,int,Hayir,,Hayir,,,
katilim.crm,Crm,UnauthorizedProcessLogs,Uid,uniqueidentifier,Hayir,,Evet,,Crm.Organizations; Crm.Users,
katilim.crm,Crm,UnauthorizedProcessLogs,UpdatedAt,datetime2(7),Evet,,Hayir,,Crm.Organizations; Crm.Users,
katilim.crm,Crm,UnauthorizedProcessLogs,DeletedAt,datetime2(7),Evet,,Hayir,,Crm.Organizations; Crm.Users,
katilim.crm,Crm,UnauthorizedProcessLogs,CreatedAt,datetime2(7),Hayir,,Hayir,,Crm.Organizations; Crm.Users,
katilim.crm,Crm,UnauthorizedProcessLogs,CreatedBy,uniqueidentifier,Evet,,Hayir,Crm.Users.Uid,Crm.Organizations; Crm.Users,
katilim.crm,Crm,UnauthorizedProcessLogs,UpdatedBy,uniqueidentifier,Evet,,Hayir,Crm.Users.Uid,Crm.Organizations; Crm.Users,
katilim.crm,Crm,UnauthorizedProcessLogs,DeletedBy,uniqueidentifier,Evet,,Hayir,Crm.Users.Uid,Crm.Organizations; Crm.Users,
katilim.crm,Crm,UnauthorizedProcessLogs,Deleted,bit,Hayir,,Hayir,,Crm.Organizations; Crm.Users,
katilim.crm,Crm,UnauthorizedProcessLogs,UserUid,uniqueidentifier,Hayir,,Hayir,Crm.Users.Uid,Crm.Organizations; Crm.Users,
katilim.crm,Crm,UnauthorizedProcessLogs,OrganizationUid,uniqueidentifier,Evet,,Hayir,Crm.Organizations.Uid,Crm.Organizations; Crm.Users,
katilim.crm,Crm,UnauthorizedProcessLogs,ModuleKey,nvarchar(400),Evet,,Hayir,,Crm.Organizations; Crm.Users,
katilim.crm,Crm,UnauthorizedProcessLogs,Key,nvarchar(400),Evet,,Hayir,,Crm.Organizations; Crm.Users,
katilim.crm,Crm,UserHistories,Uid,uniqueidentifier,Hayir,,Evet,,Crm.Organizations; Crm.Portfolios; Crm.Roles; Crm.Users,
katilim.crm,Crm,UserHistories,UpdatedAt,datetime2(7),Evet,,Hayir,,Crm.Organizations; Crm.Portfolios; Crm.Roles; Crm.Users,
katilim.crm,Crm,UserHistories,DeletedAt,datetime2(7),Evet,,Hayir,,Crm.Organizations; Crm.Portfolios; Crm.Roles; Crm.Users,
katilim.crm,Crm,UserHistories,CreatedAt,datetime2(7),Hayir,,Hayir,,Crm.Organizations; Crm.Portfolios; Crm.Roles; Crm.Users,
katilim.crm,Crm,UserHistories,CreatedBy,uniqueidentifier,Evet,,Hayir,Crm.Users.Uid,Crm.Organizations; Crm.Portfolios; Crm.Roles; Crm.Users,
katilim.crm,Crm,UserHistories,UpdatedBy,uniqueidentifier,Evet,,Hayir,Crm.Users.Uid,Crm.Organizations; Crm.Portfolios; Crm.Roles; Crm.Users,
katilim.crm,Crm,UserHistories,DeletedBy,uniqueidentifier,Evet,,Hayir,Crm.Users.Uid,Crm.Organizations; Crm.Portfolios; Crm.Roles; Crm.Users,
katilim.crm,Crm,UserHistories,Deleted,bit,Hayir,,Hayir,,Crm.Organizations; Crm.Portfolios; Crm.Roles; Crm.Users,
katilim.crm,Crm,UserHistories,UserUid,uniqueidentifier,Hayir,,Hayir,Crm.Users.Uid,Crm.Organizations; Crm.Portfolios; Crm.Roles; Crm.Users,
katilim.crm,Crm,UserHistories,OrganizationUid,uniqueidentifier,Hayir,,Hayir,Crm.Organizations.Uid,Crm.Organizations; Crm.Portfolios; Crm.Roles; Crm.Users,
katilim.crm,Crm,UserHistories,RoleUid,uniqueidentifier,Hayir,,Hayir,Crm.Roles.Uid,Crm.Organizations; Crm.Portfolios; Crm.Roles; Crm.Users,
katilim.crm,Crm,UserHistories,StartDate,datetime2(7),Hayir,,Hayir,,Crm.Organizations; Crm.Portfolios; Crm.Roles; Crm.Users,
katilim.crm,Crm,UserHistories,EndDate,datetime2(7),Evet,,Hayir,,Crm.Organizations; Crm.Portfolios; Crm.Roles; Crm.Users,
katilim.crm,Crm,UserHistories,PortfolioUid,uniqueidentifier,Evet,,Hayir,Crm.Portfolios.Uid,Crm.Organizations; Crm.Portfolios; Crm.Roles; Crm.Users,
katilim.crm,Crm,UserHistories,MeskenUid,uniqueidentifier,Evet,,Hayir,,Crm.Organizations; Crm.Portfolios; Crm.Roles; Crm.Users,
katilim.crm,Crm,UserLeaveDetails,Uid,uniqueidentifier,Hayir,,Evet,,,
katilim.crm,Crm,UserLeaveDetails,UserUid,uniqueidentifier,Hayir,,Hayir,,,
katilim.crm,Crm,UserLeaveDetails,UpdatedAt,datetime2(7),Evet,,Hayir,,,
katilim.crm,Crm,UserLeaveDetails,DeletedAt,datetime2(7),Evet,,Hayir,,,
katilim.crm,Crm,UserLeaveDetails,CreatedAt,datetime2(7),Hayir,,Hayir,,,
katilim.crm,Crm,UserLeaveDetails,CreatedBy,uniqueidentifier,Evet,,Hayir,,,
katilim.crm,Crm,UserLeaveDetails,UpdatedBy,uniqueidentifier,Evet,,Hayir,,,
katilim.crm,Crm,UserLeaveDetails,DeletedBy,uniqueidentifier,Evet,,Hayir,,,
katilim.crm,Crm,UserLeaveDetails,Deleted,bit,Evet,((0)),Hayir,,,
katilim.crm,Crm,UserLeaveDetails,StartDate,datetime2(7),Evet,,Hayir,,,
katilim.crm,Crm,UserLeaveDetails,EndDate,datetime2(7),Evet,,Hayir,,,
katilim.crm,Crm,UserLeaveDetails,StartHour,datetime2(7),Evet,,Hayir,,,
katilim.crm,Crm,UserLeaveDetails,EndHour,datetime2(7),Evet,,Hayir,,,
katilim.crm,Crm,UserLeaveDetails,AnnualLeaveModel,bit,Evet,,Hayir,,,
katilim.crm,Crm,UserLeaveDetails,AnnualLeaveType,int,Evet,,Hayir,,,
katilim.crm,Crm,UserLeaveDetails,Description,varchar(300),Evet,,Hayir,,,
katilim.crm,Crm,UserLeaveDetails,CancelDescription,varchar(300),Evet,,Hayir,,,
katilim.crm,Crm,UserLeaveDetails,Status,smallint,Evet,,Hayir,,,
katilim.crm,Crm,UserLeaveDetails,CancelDate,datetime2(7),Evet,,Hayir,,,
katilim.crm,Crm,UserLeaveDetails,CancelBy,uniqueidentifier,Evet,,Hayir,,,
katilim.crm,Crm,UserLeaveDetails,ApprovalDate,datetime2(7),Evet,,Hayir,,,
katilim.crm,Crm,UserLeaveDetails,ApprovalBy,uniqueidentifier,Evet,,Hayir,,,
katilim.crm,Crm,UserLeaveDetails,ProxyUserUid,uniqueidentifier,Evet,,Hayir,,,
katilim.crm,Crm,UserLeaveDetails,InternalFileUid,uniqueidentifier,Evet,,Hayir,,,
katilim.crm,Crm,UserLeaveDetails,IsUser,bit,Evet,,Hayir,,,
katilim.crm,Crm,UserLeaveDetails,LeaveDate,datetime2(7),Evet,,Hayir,,,
katilim.crm,Crm,UserLeaveDetails,SubStatus,smallint,Evet,,Hayir,,,
katilim.crm,Crm,UserLeavePermission,Uid,uniqueidentifier,Hayir,,Hayir,,,
katilim.crm,Crm,UserLeavePermission,AnnualLeaveModel,int,Evet,,Hayir,,,
katilim.crm,Crm,UserLeavePermission,AnnualLeaveType,int,Evet,,Hayir,,,
katilim.crm,Crm,UserLeavePermission,PermissionName,varchar(max),Evet,,Hayir,,,
katilim.crm,Crm,UserLeavePermission,ProgressDay,int,Evet,,Hayir,,,
katilim.crm,Crm,UserLeaves,Uid,uniqueidentifier,Hayir,,Evet,,,
katilim.crm,Crm,UserLeaves,UserUid,uniqueidentifier,Hayir,,Hayir,,,
katilim.crm,Crm,UserLeaves,CreatedAt,datetime2(7),Evet,,Hayir,,,
katilim.crm,Crm,UserLeaves,UpdatedAt,datetime2(7),Evet,,Hayir,,,
katilim.crm,Crm,UserLeaves,DeletedAt,datetime2(7),Evet,,Hayir,,,
katilim.crm,Crm,UserLeaves,CreatedBy,uniqueidentifier,Evet,,Hayir,,,
katilim.crm,Crm,UserLeaves,UpdatedBy,uniqueidentifier,Evet,,Hayir,,,
katilim.crm,Crm,UserLeaves,DeletedBy,uniqueidentifier,Evet,,Hayir,,,
katilim.crm,Crm,UserLeaves,Deleted,bit,Evet,((0)),Hayir,,,
katilim.crm,Crm,UserLeaves,Seniority,int,Evet,,Hayir,,,
katilim.crm,Crm,UserLeaves,DeservedLeave,int,Evet,,Hayir,,,
katilim.crm,Crm,UserLeaves,TotalDeservedLeave,int,Evet,,Hayir,,,
katilim.crm,Crm,UserLeaves,DelegatedPermission,"decimal(18,2)",Evet,,Hayir,,,
katilim.crm,Crm,UserLeaves,PermissionUsed,"decimal(18,2)",Evet,,Hayir,,,
katilim.crm,Crm,UserLeaves,RemainingLeave,"decimal(18,2)",Evet,,Hayir,,,
katilim.crm,Crm,UserLeaves,IsUser,bit,Evet,,Hayir,,,
katilim.crm,Crm,UserLeaves,LeaveDate,datetime2(7),Evet,,Hayir,,,
katilim.crm,Crm,UserLogins,Uid,uniqueidentifier,Hayir,,Evet,,,
katilim.crm,Crm,UserLogins,UpdatedAt,datetime2(7),Evet,,Hayir,,,
katilim.crm,Crm,UserLogins,DeletedAt,datetime2(7),Evet,,Hayir,,,
katilim.crm,Crm,UserLogins,CreatedAt,datetime2(7),Hayir,,Hayir,,,
katilim.crm,Crm,UserLogins,CreatedBy,uniqueidentifier,Evet,,Hayir,,,
katilim.crm,Crm,UserLogins,UpdatedBy,uniqueidentifier,Evet,,Hayir,,,
katilim.crm,Crm,UserLogins,DeletedBy,uniqueidentifier,Evet,,Hayir,,,
katilim.crm,Crm,UserLogins,Deleted,bit,Hayir,,Hayir,,,
katilim.crm,Crm,UserLogins,UserUid,uniqueidentifier,Hayir,,Hayir,,,
katilim.crm,Crm,UserLogins,IP,nvarchar(100),Evet,,Hayir,,,
katilim.crm,Crm,UserLogins,Host,nvarchar(100),Evet,,Hayir,,,
katilim.crm,Crm,UserLogins,Browser,nvarchar(100),Evet,,Hayir,,,
katilim.crm,Crm,UserLogins,Authority,nvarchar(max),Evet,,Hayir,,,
katilim.crm,Crm,UserLogins,LastConnectDate,datetime2(7),Hayir,,Hayir,,,
katilim.crm,Crm,UserLogins,IsCrm,bit,Evet,,Hayir,,,
katilim.crm,Crm,UserLogins,IsLdap,bit,Evet,,Hayir,,,
katilim.crm,Crm,UserPasswordHistories,Uid,uniqueidentifier,Hayir,,Evet,,,
katilim.crm,Crm,UserPasswordHistories,UpdatedAt,datetime2(7),Evet,,Hayir,,,
katilim.crm,Crm,UserPasswordHistories,DeletedAt,datetime2(7),Evet,,Hayir,,,
katilim.crm,Crm,UserPasswordHistories,CreatedAt,datetime2(7),Hayir,,Hayir,,,
katilim.crm,Crm,UserPasswordHistories,CreatedBy,uniqueidentifier,Evet,,Hayir,,,
katilim.crm,Crm,UserPasswordHistories,UpdatedBy,uniqueidentifier,Evet,,Hayir,,,
katilim.crm,Crm,UserPasswordHistories,DeletedBy,uniqueidentifier,Evet,,Hayir,,,
katilim.crm,Crm,UserPasswordHistories,Deleted,bit,Hayir,,Hayir,,,
katilim.crm,Crm,UserPasswordHistories,RepUid,uniqueidentifier,Evet,,Hayir,,,
katilim.crm,Crm,UserPasswordHistories,CustomerUid,uniqueidentifier,Evet,,Hayir,,,
katilim.crm,Crm,UserPasswordHistories,Password,nvarchar(100),Evet,,Hayir,,,
katilim.crm,Crm,UserPasswordHistories,Salt,varchar(100),Evet,,Hayir,,,
katilim.crm,Crm,UserPasswordHistories,ExpireDate,datetime2(7),Evet,,Hayir,,,
katilim.crm,Crm,UserPasswordHistories,HashType,smallint,Evet,,Hayir,,,
katilim.crm,Crm,UserPasswordHistories,Platform,smallint,Evet,,Hayir,,,
katilim.crm,Crm,UserPortfolios,Uid,uniqueidentifier,Hayir,,Evet,,Crm.Portfolios; Crm.Users,
katilim.crm,Crm,UserPortfolios,UpdatedAt,datetime2(7),Evet,,Hayir,,Crm.Portfolios; Crm.Users,
katilim.crm,Crm,UserPortfolios,DeletedAt,datetime2(7),Evet,,Hayir,,Crm.Portfolios; Crm.Users,
katilim.crm,Crm,UserPortfolios,CreatedAt,datetime2(7),Hayir,,Hayir,,Crm.Portfolios; Crm.Users,
katilim.crm,Crm,UserPortfolios,CreatedBy,uniqueidentifier,Evet,,Hayir,Crm.Users.Uid,Crm.Portfolios; Crm.Users,
katilim.crm,Crm,UserPortfolios,UpdatedBy,uniqueidentifier,Evet,,Hayir,Crm.Users.Uid,Crm.Portfolios; Crm.Users,
katilim.crm,Crm,UserPortfolios,DeletedBy,uniqueidentifier,Evet,,Hayir,Crm.Users.Uid,Crm.Portfolios; Crm.Users,
katilim.crm,Crm,UserPortfolios,Deleted,bit,Hayir,,Hayir,,Crm.Portfolios; Crm.Users,
katilim.crm,Crm,UserPortfolios,UserUid1,uniqueidentifier,Evet,,Hayir,Crm.Users.Uid,Crm.Portfolios; Crm.Users,
katilim.crm,Crm,UserPortfolios,UserUid,uniqueidentifier,Hayir,,Hayir,,Crm.Portfolios; Crm.Users,
katilim.crm,Crm,UserPortfolios,PortfolioUid,uniqueidentifier,Hayir,,Hayir,Crm.Portfolios.Uid,Crm.Portfolios; Crm.Users,
katilim.crm,Crm,UserPortfolios,MeskenUid,uniqueidentifier,Evet,,Hayir,,Crm.Portfolios; Crm.Users,
katilim.crm,Crm,UserResponsibleBranches,Uid,uniqueidentifier,Hayir,,Evet,,Crm.Organizations; Crm.Roles; Crm.Users,
katilim.crm,Crm,UserResponsibleBranches,UpdatedAt,datetime2(7),Evet,,Hayir,,Crm.Organizations; Crm.Roles; Crm.Users,
katilim.crm,Crm,UserResponsibleBranches,DeletedAt,datetime2(7),Evet,,Hayir,,Crm.Organizations; Crm.Roles; Crm.Users,
katilim.crm,Crm,UserResponsibleBranches,CreatedAt,datetime2(7),Hayir,,Hayir,,Crm.Organizations; Crm.Roles; Crm.Users,
katilim.crm,Crm,UserResponsibleBranches,CreatedBy,uniqueidentifier,Evet,,Hayir,Crm.Users.Uid,Crm.Organizations; Crm.Roles; Crm.Users,
katilim.crm,Crm,UserResponsibleBranches,UpdatedBy,uniqueidentifier,Evet,,Hayir,Crm.Users.Uid,Crm.Organizations; Crm.Roles; Crm.Users,
katilim.crm,Crm,UserResponsibleBranches,DeletedBy,uniqueidentifier,Evet,,Hayir,Crm.Users.Uid,Crm.Organizations; Crm.Roles; Crm.Users,
katilim.crm,Crm,UserResponsibleBranches,Deleted,bit,Hayir,((0)),Hayir,,Crm.Organizations; Crm.Roles; Crm.Users,
katilim.crm,Crm,UserResponsibleBranches,UserUid,uniqueidentifier,Hayir,,Hayir,Crm.Users.Uid,Crm.Organizations; Crm.Roles; Crm.Users,
katilim.crm,Crm,UserResponsibleBranches,RoleUid,uniqueidentifier,Hayir,,Hayir,Crm.Roles.Uid,Crm.Organizations; Crm.Roles; Crm.Users,
katilim.crm,Crm,UserResponsibleBranches,BranchUid,uniqueidentifier,Hayir,,Hayir,Crm.Organizations.Uid,Crm.Organizations; Crm.Roles; Crm.Users,
katilim.crm,Crm,UserResponsibleBranches,OrganizationUid,uniqueidentifier,Hayir,,Hayir,Crm.Organizations.Uid,Crm.Organizations; Crm.Roles; Crm.Users,
katilim.crm,Crm,UserRoles,Uid,uniqueidentifier,Hayir,,Evet,,Crm.Roles; Crm.Users,
katilim.crm,Crm,UserRoles,UpdatedAt,datetime2(7),Evet,,Hayir,,Crm.Roles; Crm.Users,
katilim.crm,Crm,UserRoles,DeletedAt,datetime2(7),Evet,,Hayir,,Crm.Roles; Crm.Users,
katilim.crm,Crm,UserRoles,CreatedAt,datetime2(7),Hayir,,Hayir,,Crm.Roles; Crm.Users,
katilim.crm,Crm,UserRoles,CreatedBy,uniqueidentifier,Evet,,Hayir,Crm.Users.Uid,Crm.Roles; Crm.Users,
katilim.crm,Crm,UserRoles,UpdatedBy,uniqueidentifier,Evet,,Hayir,Crm.Users.Uid,Crm.Roles; Crm.Users,
katilim.crm,Crm,UserRoles,DeletedBy,uniqueidentifier,Evet,,Hayir,Crm.Users.Uid,Crm.Roles; Crm.Users,
katilim.crm,Crm,UserRoles,Deleted,bit,Hayir,,Hayir,,Crm.Roles; Crm.Users,
katilim.crm,Crm,UserRoles,UserUid,uniqueidentifier,Hayir,,Hayir,Crm.Users.Uid,Crm.Roles; Crm.Users,
katilim.crm,Crm,UserRoles,RoleUid,uniqueidentifier,Hayir,,Hayir,Crm.Roles.Uid,Crm.Roles; Crm.Users,
katilim.crm,Crm,UserRoles,MeskenUid,uniqueidentifier,Evet,,Hayir,,Crm.Roles; Crm.Users,
katilim.crm,Crm,Users,Uid,uniqueidentifier,Hayir,,Evet,,Crm.Activities; Crm.ActivityRecords; Crm.ActivityTypes; Crm.AdForms; Crm.Advices; Crm.Announcement; Crm.AppointmentAssignments; Crm.Areas; Crm.AssignedBidApprovers; Crm.Authorities; Crm.BankDetails; Crm.BankLogs; Crm.Banks; Crm.BidInstallments; Crm.BranchCategories; Crm.CampaignBranches; Crm.CampaignItems; Crm.CampaignSources; Crm.Campaigns; Crm.CashPriceIntervalRates; Crm.ComplaintNotes; Crm.Complaints; Crm.ContractLeavingLogs; Crm.ContractLeavings; Crm.ContractProductDeliveryRange; Crm.ContractProducts; Crm.ContractRevisions; Crm.ContractTemplate; Crm.ContractTemplateVariables; Crm.CostForms; Crm.CostItems; Crm.CostTypes; Crm.Costs; Crm.CustomerLoginFaileds; Crm.CustomerLoginSmsFaileds; Crm.CustomerLogins; Crm.CustomerSources; Crm.Customers; Crm.DailyServicePricePaidLogs; Crm.DataAnalysisLogs; Crm.Debits; Crm.Deliveries; Crm.DeliveryCallHistories; Crm.DeliveryCallNotes; Crm.DeliveryCalls; Crm.DeliveryEmployees; Crm.DeliveryFiles; Crm.DeliveryPayments; Crm.DeliveryRanges; Crm.DeliveryWorkAdvances; Crm.Distraints; Crm.Documents; Crm.DrawCodes; Crm.Draws; Crm.ETesisTerkinContractIbans; Crm.ETesisTerkinIntegrations; Crm.FileTypeCategories; Crm.FileTypes; Crm.Files; Crm.Firms; Crm.GroupProducts; Crm.Groups; Crm.Guarantors; Crm.IntegrationApiLogs; Crm.IntegrationApiLogs250919; Crm.InternetSubeLogs; Crm.Inventories; Crm.InventoryDebits; Crm.InventoryTypes; Crm.InvoiceLogoLogs; Crm.IssueHistories; Crm.Issues; Crm.LeadForms; Crm.LoginFaileds; Crm.Logins; Crm.LogoLogs; Crm.LogoPayments; Crm.LogoServiceLogs; Crm.ManuelLeadForCallCenterQueues; Crm.MobileApplicationConfigurations; Crm.MobileConfigurationSettings; Crm.MobilePhoneNumbers; Crm.ModuleAuths; Crm.Modules; Crm.MortgageCosts; Crm.MortgageInsurances; Crm.MortgageLogs; Crm.MortgagePledgeVehicleBrandModels; Crm.MortgageTypes; Crm.Mortgages; Crm.Nationalities; Crm.NotaryLists; Crm.NotaryResults; Crm.NotificationGroupSubscriber; Crm.NotificationGroups; Crm.NotificationLogs; Crm.NotificationVariables; Crm.Occupations; Crm.OffsetLogs; Crm.OnlineUsers; Crm.Opportunities; Crm.OrganizationAreas; Crm.OrganizationHistories; Crm.OrganizationMonthlyTargets; Crm.Organizations; Crm.Performances; Crm.PlannedPeriodicDeliveryAmounts; Crm.Portfolios; Crm.PosPayments; Crm.PostVirmanQueues; Crm.PremiumBranchRates; Crm.PremiumContracts; Crm.PremiumItems; Crm.PremiumTimingGroups; Crm.PremiumTimings; Crm.PremiumUserTypeRates; Crm.Premiums; Crm.Products; Crm.QualityAnswers; Crm.QualityForms; Crm.QualityNotes; Crm.QualityQuestions; Crm.RepContracts; Crm.RepGifts; Crm.RepIbans; Crm.RepPaymentDetails; Crm.RepPaymentGroups; Crm.RepPayments; Crm.RepPointLogs; Crm.RepPoints; Crm.Reps; Crm.RestDays; Crm.RiskTrackingCosts; Crm.RiskTrackingLawyers; Crm.RiskTrackings; Crm.RoleTargets; Crm.Roles; Crm.ServiceConfigurations; Crm.ServiceRateRanges; Crm.Services; Crm.SetOffLogs; Crm.Simulations; Crm.SmsGroups; Crm.SmsLogs; Crm.SmsTemplates; Crm.SmsVerificationCodes; Crm.SustainabilityFeatureValues; Crm.SustainabilityReports; Crm.TicketHistories; Crm.Tickets; Crm.UnauthorizedProcessLogs; Crm.UserHistories; Crm.UserPortfolios; Crm.UserResponsibleBranches; Crm.UserRoles; Crm.UserTargets; Crm.Users; Crm.VariableIndexGroups; Crm.VariableIndexs; Crm.VirtualPosCommisions; Crm.VirtualPosLogs,
katilim.crm,Crm,Users,UpdatedAt,datetime2(7),Evet,,Hayir,,Crm.Activities; Crm.ActivityRecords; Crm.ActivityTypes; Crm.AdForms; Crm.Advices; Crm.Announcement; Crm.AppointmentAssignments; Crm.Areas; Crm.AssignedBidApprovers; Crm.Authorities; Crm.BankDetails; Crm.BankLogs; Crm.Banks; Crm.BidInstallments; Crm.BranchCategories; Crm.CampaignBranches; Crm.CampaignItems; Crm.CampaignSources; Crm.Campaigns; Crm.CashPriceIntervalRates; Crm.ComplaintNotes; Crm.Complaints; Crm.ContractLeavingLogs; Crm.ContractLeavings; Crm.ContractProductDeliveryRange; Crm.ContractProducts; Crm.ContractRevisions; Crm.ContractTemplate; Crm.ContractTemplateVariables; Crm.CostForms; Crm.CostItems; Crm.CostTypes; Crm.Costs; Crm.CustomerLoginFaileds; Crm.CustomerLoginSmsFaileds; Crm.CustomerLogins; Crm.CustomerSources; Crm.Customers; Crm.DailyServicePricePaidLogs; Crm.DataAnalysisLogs; Crm.Debits; Crm.Deliveries; Crm.DeliveryCallHistories; Crm.DeliveryCallNotes; Crm.DeliveryCalls; Crm.DeliveryEmployees; Crm.DeliveryFiles; Crm.DeliveryPayments; Crm.DeliveryRanges; Crm.DeliveryWorkAdvances; Crm.Distraints; Crm.Documents; Crm.DrawCodes; Crm.Draws; Crm.ETesisTerkinContractIbans; Crm.ETesisTerkinIntegrations; Crm.FileTypeCategories; Crm.FileTypes; Crm.Files; Crm.Firms; Crm.GroupProducts; Crm.Groups; Crm.Guarantors; Crm.IntegrationApiLogs; Crm.IntegrationApiLogs250919; Crm.InternetSubeLogs; Crm.Inventories; Crm.InventoryDebits; Crm.InventoryTypes; Crm.InvoiceLogoLogs; Crm.IssueHistories; Crm.Issues; Crm.LeadForms; Crm.LoginFaileds; Crm.Logins; Crm.LogoLogs; Crm.LogoPayments; Crm.LogoServiceLogs; Crm.ManuelLeadForCallCenterQueues; Crm.MobileApplicationConfigurations; Crm.MobileConfigurationSettings; Crm.MobilePhoneNumbers; Crm.ModuleAuths; Crm.Modules; Crm.MortgageCosts; Crm.MortgageInsurances; Crm.MortgageLogs; Crm.MortgagePledgeVehicleBrandModels; Crm.MortgageTypes; Crm.Mortgages; Crm.Nationalities; Crm.NotaryLists; Crm.NotaryResults; Crm.NotificationGroupSubscriber; Crm.NotificationGroups; Crm.NotificationLogs; Crm.NotificationVariables; Crm.Occupations; Crm.OffsetLogs; Crm.OnlineUsers; Crm.Opportunities; Crm.OrganizationAreas; Crm.OrganizationHistories; Crm.OrganizationMonthlyTargets; Crm.Organizations; Crm.Performances; Crm.PlannedPeriodicDeliveryAmounts; Crm.Portfolios; Crm.PosPayments; Crm.PostVirmanQueues; Crm.PremiumBranchRates; Crm.PremiumContracts; Crm.PremiumItems; Crm.PremiumTimingGroups; Crm.PremiumTimings; Crm.PremiumUserTypeRates; Crm.Premiums; Crm.Products; Crm.QualityAnswers; Crm.QualityForms; Crm.QualityNotes; Crm.QualityQuestions; Crm.RepContracts; Crm.RepGifts; Crm.RepIbans; Crm.RepPaymentDetails; Crm.RepPaymentGroups; Crm.RepPayments; Crm.RepPointLogs; Crm.RepPoints; Crm.Reps; Crm.RestDays; Crm.RiskTrackingCosts; Crm.RiskTrackingLawyers; Crm.RiskTrackings; Crm.RoleTargets; Crm.Roles; Crm.ServiceConfigurations; Crm.ServiceRateRanges; Crm.Services; Crm.SetOffLogs; Crm.Simulations; Crm.SmsGroups; Crm.SmsLogs; Crm.SmsTemplates; Crm.SmsVerificationCodes; Crm.SustainabilityFeatureValues; Crm.SustainabilityReports; Crm.TicketHistories; Crm.Tickets; Crm.UnauthorizedProcessLogs; Crm.UserHistories; Crm.UserPortfolios; Crm.UserResponsibleBranches; Crm.UserRoles; Crm.UserTargets; Crm.Users; Crm.VariableIndexGroups; Crm.VariableIndexs; Crm.VirtualPosCommisions; Crm.VirtualPosLogs,
katilim.crm,Crm,Users,DeletedAt,datetime2(7),Evet,,Hayir,,Crm.Activities; Crm.ActivityRecords; Crm.ActivityTypes; Crm.AdForms; Crm.Advices; Crm.Announcement; Crm.AppointmentAssignments; Crm.Areas; Crm.AssignedBidApprovers; Crm.Authorities; Crm.BankDetails; Crm.BankLogs; Crm.Banks; Crm.BidInstallments; Crm.BranchCategories; Crm.CampaignBranches; Crm.CampaignItems; Crm.CampaignSources; Crm.Campaigns; Crm.CashPriceIntervalRates; Crm.ComplaintNotes; Crm.Complaints; Crm.ContractLeavingLogs; Crm.ContractLeavings; Crm.ContractProductDeliveryRange; Crm.ContractProducts; Crm.ContractRevisions; Crm.ContractTemplate; Crm.ContractTemplateVariables; Crm.CostForms; Crm.CostItems; Crm.CostTypes; Crm.Costs; Crm.CustomerLoginFaileds; Crm.CustomerLoginSmsFaileds; Crm.CustomerLogins; Crm.CustomerSources; Crm.Customers; Crm.DailyServicePricePaidLogs; Crm.DataAnalysisLogs; Crm.Debits; Crm.Deliveries; Crm.DeliveryCallHistories; Crm.DeliveryCallNotes; Crm.DeliveryCalls; Crm.DeliveryEmployees; Crm.DeliveryFiles; Crm.DeliveryPayments; Crm.DeliveryRanges; Crm.DeliveryWorkAdvances; Crm.Distraints; Crm.Documents; Crm.DrawCodes; Crm.Draws; Crm.ETesisTerkinContractIbans; Crm.ETesisTerkinIntegrations; Crm.FileTypeCategories; Crm.FileTypes; Crm.Files; Crm.Firms; Crm.GroupProducts; Crm.Groups; Crm.Guarantors; Crm.IntegrationApiLogs; Crm.IntegrationApiLogs250919; Crm.InternetSubeLogs; Crm.Inventories; Crm.InventoryDebits; Crm.InventoryTypes; Crm.InvoiceLogoLogs; Crm.IssueHistories; Crm.Issues; Crm.LeadForms; Crm.LoginFaileds; Crm.Logins; Crm.LogoLogs; Crm.LogoPayments; Crm.LogoServiceLogs; Crm.ManuelLeadForCallCenterQueues; Crm.MobileApplicationConfigurations; Crm.MobileConfigurationSettings; Crm.MobilePhoneNumbers; Crm.ModuleAuths; Crm.Modules; Crm.MortgageCosts; Crm.MortgageInsurances; Crm.MortgageLogs; Crm.MortgagePledgeVehicleBrandModels; Crm.MortgageTypes; Crm.Mortgages; Crm.Nationalities; Crm.NotaryLists; Crm.NotaryResults; Crm.NotificationGroupSubscriber; Crm.NotificationGroups; Crm.NotificationLogs; Crm.NotificationVariables; Crm.Occupations; Crm.OffsetLogs; Crm.OnlineUsers; Crm.Opportunities; Crm.OrganizationAreas; Crm.OrganizationHistories; Crm.OrganizationMonthlyTargets; Crm.Organizations; Crm.Performances; Crm.PlannedPeriodicDeliveryAmounts; Crm.Portfolios; Crm.PosPayments; Crm.PostVirmanQueues; Crm.PremiumBranchRates; Crm.PremiumContracts; Crm.PremiumItems; Crm.PremiumTimingGroups; Crm.PremiumTimings; Crm.PremiumUserTypeRates; Crm.Premiums; Crm.Products; Crm.QualityAnswers; Crm.QualityForms; Crm.QualityNotes; Crm.QualityQuestions; Crm.RepContracts; Crm.RepGifts; Crm.RepIbans; Crm.RepPaymentDetails; Crm.RepPaymentGroups; Crm.RepPayments; Crm.RepPointLogs; Crm.RepPoints; Crm.Reps; Crm.RestDays; Crm.RiskTrackingCosts; Crm.RiskTrackingLawyers; Crm.RiskTrackings; Crm.RoleTargets; Crm.Roles; Crm.ServiceConfigurations; Crm.ServiceRateRanges; Crm.Services; Crm.SetOffLogs; Crm.Simulations; Crm.SmsGroups; Crm.SmsLogs; Crm.SmsTemplates; Crm.SmsVerificationCodes; Crm.SustainabilityFeatureValues; Crm.SustainabilityReports; Crm.TicketHistories; Crm.Tickets; Crm.UnauthorizedProcessLogs; Crm.UserHistories; Crm.UserPortfolios; Crm.UserResponsibleBranches; Crm.UserRoles; Crm.UserTargets; Crm.Users; Crm.VariableIndexGroups; Crm.VariableIndexs; Crm.VirtualPosCommisions; Crm.VirtualPosLogs,
katilim.crm,Crm,Users,CreatedAt,datetime2(7),Hayir,,Hayir,,Crm.Activities; Crm.ActivityRecords; Crm.ActivityTypes; Crm.AdForms; Crm.Advices; Crm.Announcement; Crm.AppointmentAssignments; Crm.Areas; Crm.AssignedBidApprovers; Crm.Authorities; Crm.BankDetails; Crm.BankLogs; Crm.Banks; Crm.BidInstallments; Crm.BranchCategories; Crm.CampaignBranches; Crm.CampaignItems; Crm.CampaignSources; Crm.Campaigns; Crm.CashPriceIntervalRates; Crm.ComplaintNotes; Crm.Complaints; Crm.ContractLeavingLogs; Crm.ContractLeavings; Crm.ContractProductDeliveryRange; Crm.ContractProducts; Crm.ContractRevisions; Crm.ContractTemplate; Crm.ContractTemplateVariables; Crm.CostForms; Crm.CostItems; Crm.CostTypes; Crm.Costs; Crm.CustomerLoginFaileds; Crm.CustomerLoginSmsFaileds; Crm.CustomerLogins; Crm.CustomerSources; Crm.Customers; Crm.DailyServicePricePaidLogs; Crm.DataAnalysisLogs; Crm.Debits; Crm.Deliveries; Crm.DeliveryCallHistories; Crm.DeliveryCallNotes; Crm.DeliveryCalls; Crm.DeliveryEmployees; Crm.DeliveryFiles; Crm.DeliveryPayments; Crm.DeliveryRanges; Crm.DeliveryWorkAdvances; Crm.Distraints; Crm.Documents; Crm.DrawCodes; Crm.Draws; Crm.ETesisTerkinContractIbans; Crm.ETesisTerkinIntegrations; Crm.FileTypeCategories; Crm.FileTypes; Crm.Files; Crm.Firms; Crm.GroupProducts; Crm.Groups; Crm.Guarantors; Crm.IntegrationApiLogs; Crm.IntegrationApiLogs250919; Crm.InternetSubeLogs; Crm.Inventories; Crm.InventoryDebits; Crm.InventoryTypes; Crm.InvoiceLogoLogs; Crm.IssueHistories; Crm.Issues; Crm.LeadForms; Crm.LoginFaileds; Crm.Logins; Crm.LogoLogs; Crm.LogoPayments; Crm.LogoServiceLogs; Crm.ManuelLeadForCallCenterQueues; Crm.MobileApplicationConfigurations; Crm.MobileConfigurationSettings; Crm.MobilePhoneNumbers; Crm.ModuleAuths; Crm.Modules; Crm.MortgageCosts; Crm.MortgageInsurances; Crm.MortgageLogs; Crm.MortgagePledgeVehicleBrandModels; Crm.MortgageTypes; Crm.Mortgages; Crm.Nationalities; Crm.NotaryLists; Crm.NotaryResults; Crm.NotificationGroupSubscriber; Crm.NotificationGroups; Crm.NotificationLogs; Crm.NotificationVariables; Crm.Occupations; Crm.OffsetLogs; Crm.OnlineUsers; Crm.Opportunities; Crm.OrganizationAreas; Crm.OrganizationHistories; Crm.OrganizationMonthlyTargets; Crm.Organizations; Crm.Performances; Crm.PlannedPeriodicDeliveryAmounts; Crm.Portfolios; Crm.PosPayments; Crm.PostVirmanQueues; Crm.PremiumBranchRates; Crm.PremiumContracts; Crm.PremiumItems; Crm.PremiumTimingGroups; Crm.PremiumTimings; Crm.PremiumUserTypeRates; Crm.Premiums; Crm.Products; Crm.QualityAnswers; Crm.QualityForms; Crm.QualityNotes; Crm.QualityQuestions; Crm.RepContracts; Crm.RepGifts; Crm.RepIbans; Crm.RepPaymentDetails; Crm.RepPaymentGroups; Crm.RepPayments; Crm.RepPointLogs; Crm.RepPoints; Crm.Reps; Crm.RestDays; Crm.RiskTrackingCosts; Crm.RiskTrackingLawyers; Crm.RiskTrackings; Crm.RoleTargets; Crm.Roles; Crm.ServiceConfigurations; Crm.ServiceRateRanges; Crm.Services; Crm.SetOffLogs; Crm.Simulations; Crm.SmsGroups; Crm.SmsLogs; Crm.SmsTemplates; Crm.SmsVerificationCodes; Crm.SustainabilityFeatureValues; Crm.SustainabilityReports; Crm.TicketHistories; Crm.Tickets; Crm.UnauthorizedProcessLogs; Crm.UserHistories; Crm.UserPortfolios; Crm.UserResponsibleBranches; Crm.UserRoles; Crm.UserTargets; Crm.Users; Crm.VariableIndexGroups; Crm.VariableIndexs; Crm.VirtualPosCommisions; Crm.VirtualPosLogs,
katilim.crm,Crm,Users,CreatedBy,uniqueidentifier,Evet,,Hayir,Crm.Users.Uid,Crm.Activities; Crm.ActivityRecords; Crm.ActivityTypes; Crm.AdForms; Crm.Advices; Crm.Announcement; Crm.AppointmentAssignments; Crm.Areas; Crm.AssignedBidApprovers; Crm.Authorities; Crm.BankDetails; Crm.BankLogs; Crm.Banks; Crm.BidInstallments; Crm.BranchCategories; Crm.CampaignBranches; Crm.CampaignItems; Crm.CampaignSources; Crm.Campaigns; Crm.CashPriceIntervalRates; Crm.ComplaintNotes; Crm.Complaints; Crm.ContractLeavingLogs; Crm.ContractLeavings; Crm.ContractProductDeliveryRange; Crm.ContractProducts; Crm.ContractRevisions; Crm.ContractTemplate; Crm.ContractTemplateVariables; Crm.CostForms; Crm.CostItems; Crm.CostTypes; Crm.Costs; Crm.CustomerLoginFaileds; Crm.CustomerLoginSmsFaileds; Crm.CustomerLogins; Crm.CustomerSources; Crm.Customers; Crm.DailyServicePricePaidLogs; Crm.DataAnalysisLogs; Crm.Debits; Crm.Deliveries; Crm.DeliveryCallHistories; Crm.DeliveryCallNotes; Crm.DeliveryCalls; Crm.DeliveryEmployees; Crm.DeliveryFiles; Crm.DeliveryPayments; Crm.DeliveryRanges; Crm.DeliveryWorkAdvances; Crm.Distraints; Crm.Documents; Crm.DrawCodes; Crm.Draws; Crm.ETesisTerkinContractIbans; Crm.ETesisTerkinIntegrations; Crm.FileTypeCategories; Crm.FileTypes; Crm.Files; Crm.Firms; Crm.GroupProducts; Crm.Groups; Crm.Guarantors; Crm.IntegrationApiLogs; Crm.IntegrationApiLogs250919; Crm.InternetSubeLogs; Crm.Inventories; Crm.InventoryDebits; Crm.InventoryTypes; Crm.InvoiceLogoLogs; Crm.IssueHistories; Crm.Issues; Crm.LeadForms; Crm.LoginFaileds; Crm.Logins; Crm.LogoLogs; Crm.LogoPayments; Crm.LogoServiceLogs; Crm.ManuelLeadForCallCenterQueues; Crm.MobileApplicationConfigurations; Crm.MobileConfigurationSettings; Crm.MobilePhoneNumbers; Crm.ModuleAuths; Crm.Modules; Crm.MortgageCosts; Crm.MortgageInsurances; Crm.MortgageLogs; Crm.MortgagePledgeVehicleBrandModels; Crm.MortgageTypes; Crm.Mortgages; Crm.Nationalities; Crm.NotaryLists; Crm.NotaryResults; Crm.NotificationGroupSubscriber; Crm.NotificationGroups; Crm.NotificationLogs; Crm.NotificationVariables; Crm.Occupations; Crm.OffsetLogs; Crm.OnlineUsers; Crm.Opportunities; Crm.OrganizationAreas; Crm.OrganizationHistories; Crm.OrganizationMonthlyTargets; Crm.Organizations; Crm.Performances; Crm.PlannedPeriodicDeliveryAmounts; Crm.Portfolios; Crm.PosPayments; Crm.PostVirmanQueues; Crm.PremiumBranchRates; Crm.PremiumContracts; Crm.PremiumItems; Crm.PremiumTimingGroups; Crm.PremiumTimings; Crm.PremiumUserTypeRates; Crm.Premiums; Crm.Products; Crm.QualityAnswers; Crm.QualityForms; Crm.QualityNotes; Crm.QualityQuestions; Crm.RepContracts; Crm.RepGifts; Crm.RepIbans; Crm.RepPaymentDetails; Crm.RepPaymentGroups; Crm.RepPayments; Crm.RepPointLogs; Crm.RepPoints; Crm.Reps; Crm.RestDays; Crm.RiskTrackingCosts; Crm.RiskTrackingLawyers; Crm.RiskTrackings; Crm.RoleTargets; Crm.Roles; Crm.ServiceConfigurations; Crm.ServiceRateRanges; Crm.Services; Crm.SetOffLogs; Crm.Simulations; Crm.SmsGroups; Crm.SmsLogs; Crm.SmsTemplates; Crm.SmsVerificationCodes; Crm.SustainabilityFeatureValues; Crm.SustainabilityReports; Crm.TicketHistories; Crm.Tickets; Crm.UnauthorizedProcessLogs; Crm.UserHistories; Crm.UserPortfolios; Crm.UserResponsibleBranches; Crm.UserRoles; Crm.UserTargets; Crm.Users; Crm.VariableIndexGroups; Crm.VariableIndexs; Crm.VirtualPosCommisions; Crm.VirtualPosLogs,
katilim.crm,Crm,Users,UpdatedBy,uniqueidentifier,Evet,,Hayir,Crm.Users.Uid,Crm.Activities; Crm.ActivityRecords; Crm.ActivityTypes; Crm.AdForms; Crm.Advices; Crm.Announcement; Crm.AppointmentAssignments; Crm.Areas; Crm.AssignedBidApprovers; Crm.Authorities; Crm.BankDetails; Crm.BankLogs; Crm.Banks; Crm.BidInstallments; Crm.BranchCategories; Crm.CampaignBranches; Crm.CampaignItems; Crm.CampaignSources; Crm.Campaigns; Crm.CashPriceIntervalRates; Crm.ComplaintNotes; Crm.Complaints; Crm.ContractLeavingLogs; Crm.ContractLeavings; Crm.ContractProductDeliveryRange; Crm.ContractProducts; Crm.ContractRevisions; Crm.ContractTemplate; Crm.ContractTemplateVariables; Crm.CostForms; Crm.CostItems; Crm.CostTypes; Crm.Costs; Crm.CustomerLoginFaileds; Crm.CustomerLoginSmsFaileds; Crm.CustomerLogins; Crm.CustomerSources; Crm.Customers; Crm.DailyServicePricePaidLogs; Crm.DataAnalysisLogs; Crm.Debits; Crm.Deliveries; Crm.DeliveryCallHistories; Crm.DeliveryCallNotes; Crm.DeliveryCalls; Crm.DeliveryEmployees; Crm.DeliveryFiles; Crm.DeliveryPayments; Crm.DeliveryRanges; Crm.DeliveryWorkAdvances; Crm.Distraints; Crm.Documents; Crm.DrawCodes; Crm.Draws; Crm.ETesisTerkinContractIbans; Crm.ETesisTerkinIntegrations; Crm.FileTypeCategories; Crm.FileTypes; Crm.Files; Crm.Firms; Crm.GroupProducts; Crm.Groups; Crm.Guarantors; Crm.IntegrationApiLogs; Crm.IntegrationApiLogs250919; Crm.InternetSubeLogs; Crm.Inventories; Crm.InventoryDebits; Crm.InventoryTypes; Crm.InvoiceLogoLogs; Crm.IssueHistories; Crm.Issues; Crm.LeadForms; Crm.LoginFaileds; Crm.Logins; Crm.LogoLogs; Crm.LogoPayments; Crm.LogoServiceLogs; Crm.ManuelLeadForCallCenterQueues; Crm.MobileApplicationConfigurations; Crm.MobileConfigurationSettings; Crm.MobilePhoneNumbers; Crm.ModuleAuths; Crm.Modules; Crm.MortgageCosts; Crm.MortgageInsurances; Crm.MortgageLogs; Crm.MortgagePledgeVehicleBrandModels; Crm.MortgageTypes; Crm.Mortgages; Crm.Nationalities; Crm.NotaryLists; Crm.NotaryResults; Crm.NotificationGroupSubscriber; Crm.NotificationGroups; Crm.NotificationLogs; Crm.NotificationVariables; Crm.Occupations; Crm.OffsetLogs; Crm.OnlineUsers; Crm.Opportunities; Crm.OrganizationAreas; Crm.OrganizationHistories; Crm.OrganizationMonthlyTargets; Crm.Organizations; Crm.Performances; Crm.PlannedPeriodicDeliveryAmounts; Crm.Portfolios; Crm.PosPayments; Crm.PostVirmanQueues; Crm.PremiumBranchRates; Crm.PremiumContracts; Crm.PremiumItems; Crm.PremiumTimingGroups; Crm.PremiumTimings; Crm.PremiumUserTypeRates; Crm.Premiums; Crm.Products; Crm.QualityAnswers; Crm.QualityForms; Crm.QualityNotes; Crm.QualityQuestions; Crm.RepContracts; Crm.RepGifts; Crm.RepIbans; Crm.RepPaymentDetails; Crm.RepPaymentGroups; Crm.RepPayments; Crm.RepPointLogs; Crm.RepPoints; Crm.Reps; Crm.RestDays; Crm.RiskTrackingCosts; Crm.RiskTrackingLawyers; Crm.RiskTrackings; Crm.RoleTargets; Crm.Roles; Crm.ServiceConfigurations; Crm.ServiceRateRanges; Crm.Services; Crm.SetOffLogs; Crm.Simulations; Crm.SmsGroups; Crm.SmsLogs; Crm.SmsTemplates; Crm.SmsVerificationCodes; Crm.SustainabilityFeatureValues; Crm.SustainabilityReports; Crm.TicketHistories; Crm.Tickets; Crm.UnauthorizedProcessLogs; Crm.UserHistories; Crm.UserPortfolios; Crm.UserResponsibleBranches; Crm.UserRoles; Crm.UserTargets; Crm.Users; Crm.VariableIndexGroups; Crm.VariableIndexs; Crm.VirtualPosCommisions; Crm.VirtualPosLogs,
katilim.crm,Crm,Users,DeletedBy,uniqueidentifier,Evet,,Hayir,Crm.Users.Uid,Crm.Activities; Crm.ActivityRecords; Crm.ActivityTypes; Crm.AdForms; Crm.Advices; Crm.Announcement; Crm.AppointmentAssignments; Crm.Areas; Crm.AssignedBidApprovers; Crm.Authorities; Crm.BankDetails; Crm.BankLogs; Crm.Banks; Crm.BidInstallments; Crm.BranchCategories; Crm.CampaignBranches; Crm.CampaignItems; Crm.CampaignSources; Crm.Campaigns; Crm.CashPriceIntervalRates; Crm.ComplaintNotes; Crm.Complaints; Crm.ContractLeavingLogs; Crm.ContractLeavings; Crm.ContractProductDeliveryRange; Crm.ContractProducts; Crm.ContractRevisions; Crm.ContractTemplate; Crm.ContractTemplateVariables; Crm.CostForms; Crm.CostItems; Crm.CostTypes; Crm.Costs; Crm.CustomerLoginFaileds; Crm.CustomerLoginSmsFaileds; Crm.CustomerLogins; Crm.CustomerSources; Crm.Customers; Crm.DailyServicePricePaidLogs; Crm.DataAnalysisLogs; Crm.Debits; Crm.Deliveries; Crm.DeliveryCallHistories; Crm.DeliveryCallNotes; Crm.DeliveryCalls; Crm.DeliveryEmployees; Crm.DeliveryFiles; Crm.DeliveryPayments; Crm.DeliveryRanges; Crm.DeliveryWorkAdvances; Crm.Distraints; Crm.Documents; Crm.DrawCodes; Crm.Draws; Crm.ETesisTerkinContractIbans; Crm.ETesisTerkinIntegrations; Crm.FileTypeCategories; Crm.FileTypes; Crm.Files; Crm.Firms; Crm.GroupProducts; Crm.Groups; Crm.Guarantors; Crm.IntegrationApiLogs; Crm.IntegrationApiLogs250919; Crm.InternetSubeLogs; Crm.Inventories; Crm.InventoryDebits; Crm.InventoryTypes; Crm.InvoiceLogoLogs; Crm.IssueHistories; Crm.Issues; Crm.LeadForms; Crm.LoginFaileds; Crm.Logins; Crm.LogoLogs; Crm.LogoPayments; Crm.LogoServiceLogs; Crm.ManuelLeadForCallCenterQueues; Crm.MobileApplicationConfigurations; Crm.MobileConfigurationSettings; Crm.MobilePhoneNumbers; Crm.ModuleAuths; Crm.Modules; Crm.MortgageCosts; Crm.MortgageInsurances; Crm.MortgageLogs; Crm.MortgagePledgeVehicleBrandModels; Crm.MortgageTypes; Crm.Mortgages; Crm.Nationalities; Crm.NotaryLists; Crm.NotaryResults; Crm.NotificationGroupSubscriber; Crm.NotificationGroups; Crm.NotificationLogs; Crm.NotificationVariables; Crm.Occupations; Crm.OffsetLogs; Crm.OnlineUsers; Crm.Opportunities; Crm.OrganizationAreas; Crm.OrganizationHistories; Crm.OrganizationMonthlyTargets; Crm.Organizations; Crm.Performances; Crm.PlannedPeriodicDeliveryAmounts; Crm.Portfolios; Crm.PosPayments; Crm.PostVirmanQueues; Crm.PremiumBranchRates; Crm.PremiumContracts; Crm.PremiumItems; Crm.PremiumTimingGroups; Crm.PremiumTimings; Crm.PremiumUserTypeRates; Crm.Premiums; Crm.Products; Crm.QualityAnswers; Crm.QualityForms; Crm.QualityNotes; Crm.QualityQuestions; Crm.RepContracts; Crm.RepGifts; Crm.RepIbans; Crm.RepPaymentDetails; Crm.RepPaymentGroups; Crm.RepPayments; Crm.RepPointLogs; Crm.RepPoints; Crm.Reps; Crm.RestDays; Crm.RiskTrackingCosts; Crm.RiskTrackingLawyers; Crm.RiskTrackings; Crm.RoleTargets; Crm.Roles; Crm.ServiceConfigurations; Crm.ServiceRateRanges; Crm.Services; Crm.SetOffLogs; Crm.Simulations; Crm.SmsGroups; Crm.SmsLogs; Crm.SmsTemplates; Crm.SmsVerificationCodes; Crm.SustainabilityFeatureValues; Crm.SustainabilityReports; Crm.TicketHistories; Crm.Tickets; Crm.UnauthorizedProcessLogs; Crm.UserHistories; Crm.UserPortfolios; Crm.UserResponsibleBranches; Crm.UserRoles; Crm.UserTargets; Crm.Users; Crm.VariableIndexGroups; Crm.VariableIndexs; Crm.VirtualPosCommisions; Crm.VirtualPosLogs,
katilim.crm,Crm,Users,Deleted,bit,Hayir,,Hayir,,Crm.Activities; Crm.ActivityRecords; Crm.ActivityTypes; Crm.AdForms; Crm.Advices; Crm.Announcement; Crm.AppointmentAssignments; Crm.Areas; Crm.AssignedBidApprovers; Crm.Authorities; Crm.BankDetails; Crm.BankLogs; Crm.Banks; Crm.BidInstallments; Crm.BranchCategories; Crm.CampaignBranches; Crm.CampaignItems; Crm.CampaignSources; Crm.Campaigns; Crm.CashPriceIntervalRates; Crm.ComplaintNotes; Crm.Complaints; Crm.ContractLeavingLogs; Crm.ContractLeavings; Crm.ContractProductDeliveryRange; Crm.ContractProducts; Crm.ContractRevisions; Crm.ContractTemplate; Crm.ContractTemplateVariables; Crm.CostForms; Crm.CostItems; Crm.CostTypes; Crm.Costs; Crm.CustomerLoginFaileds; Crm.CustomerLoginSmsFaileds; Crm.CustomerLogins; Crm.CustomerSources; Crm.Customers; Crm.DailyServicePricePaidLogs; Crm.DataAnalysisLogs; Crm.Debits; Crm.Deliveries; Crm.DeliveryCallHistories; Crm.DeliveryCallNotes; Crm.DeliveryCalls; Crm.DeliveryEmployees; Crm.DeliveryFiles; Crm.DeliveryPayments; Crm.DeliveryRanges; Crm.DeliveryWorkAdvances; Crm.Distraints; Crm.Documents; Crm.DrawCodes; Crm.Draws; Crm.ETesisTerkinContractIbans; Crm.ETesisTerkinIntegrations; Crm.FileTypeCategories; Crm.FileTypes; Crm.Files; Crm.Firms; Crm.GroupProducts; Crm.Groups; Crm.Guarantors; Crm.IntegrationApiLogs; Crm.IntegrationApiLogs250919; Crm.InternetSubeLogs; Crm.Inventories; Crm.InventoryDebits; Crm.InventoryTypes; Crm.InvoiceLogoLogs; Crm.IssueHistories; Crm.Issues; Crm.LeadForms; Crm.LoginFaileds; Crm.Logins; Crm.LogoLogs; Crm.LogoPayments; Crm.LogoServiceLogs; Crm.ManuelLeadForCallCenterQueues; Crm.MobileApplicationConfigurations; Crm.MobileConfigurationSettings; Crm.MobilePhoneNumbers; Crm.ModuleAuths; Crm.Modules; Crm.MortgageCosts; Crm.MortgageInsurances; Crm.MortgageLogs; Crm.MortgagePledgeVehicleBrandModels; Crm.MortgageTypes; Crm.Mortgages; Crm.Nationalities; Crm.NotaryLists; Crm.NotaryResults; Crm.NotificationGroupSubscriber; Crm.NotificationGroups; Crm.NotificationLogs; Crm.NotificationVariables; Crm.Occupations; Crm.OffsetLogs; Crm.OnlineUsers; Crm.Opportunities; Crm.OrganizationAreas; Crm.OrganizationHistories; Crm.OrganizationMonthlyTargets; Crm.Organizations; Crm.Performances; Crm.PlannedPeriodicDeliveryAmounts; Crm.Portfolios; Crm.PosPayments; Crm.PostVirmanQueues; Crm.PremiumBranchRates; Crm.PremiumContracts; Crm.PremiumItems; Crm.PremiumTimingGroups; Crm.PremiumTimings; Crm.PremiumUserTypeRates; Crm.Premiums; Crm.Products; Crm.QualityAnswers; Crm.QualityForms; Crm.QualityNotes; Crm.QualityQuestions; Crm.RepContracts; Crm.RepGifts; Crm.RepIbans; Crm.RepPaymentDetails; Crm.RepPaymentGroups; Crm.RepPayments; Crm.RepPointLogs; Crm.RepPoints; Crm.Reps; Crm.RestDays; Crm.RiskTrackingCosts; Crm.RiskTrackingLawyers; Crm.RiskTrackings; Crm.RoleTargets; Crm.Roles; Crm.ServiceConfigurations; Crm.ServiceRateRanges; Crm.Services; Crm.SetOffLogs; Crm.Simulations; Crm.SmsGroups; Crm.SmsLogs; Crm.SmsTemplates; Crm.SmsVerificationCodes; Crm.SustainabilityFeatureValues; Crm.SustainabilityReports; Crm.TicketHistories; Crm.Tickets; Crm.UnauthorizedProcessLogs; Crm.UserHistories; Crm.UserPortfolios; Crm.UserResponsibleBranches; Crm.UserRoles; Crm.UserTargets; Crm.Users; Crm.VariableIndexGroups; Crm.VariableIndexs; Crm.VirtualPosCommisions; Crm.VirtualPosLogs,
katilim.crm,Crm,Users,Name,nvarchar(100),Evet,,Hayir,,Crm.Activities; Crm.ActivityRecords; Crm.ActivityTypes; Crm.AdForms; Crm.Advices; Crm.Announcement; Crm.AppointmentAssignments; Crm.Areas; Crm.AssignedBidApprovers; Crm.Authorities; Crm.BankDetails; Crm.BankLogs; Crm.Banks; Crm.BidInstallments; Crm.BranchCategories; Crm.CampaignBranches; Crm.CampaignItems; Crm.CampaignSources; Crm.Campaigns; Crm.CashPriceIntervalRates; Crm.ComplaintNotes; Crm.Complaints; Crm.ContractLeavingLogs; Crm.ContractLeavings; Crm.ContractProductDeliveryRange; Crm.ContractProducts; Crm.ContractRevisions; Crm.ContractTemplate; Crm.ContractTemplateVariables; Crm.CostForms; Crm.CostItems; Crm.CostTypes; Crm.Costs; Crm.CustomerLoginFaileds; Crm.CustomerLoginSmsFaileds; Crm.CustomerLogins; Crm.CustomerSources; Crm.Customers; Crm.DailyServicePricePaidLogs; Crm.DataAnalysisLogs; Crm.Debits; Crm.Deliveries; Crm.DeliveryCallHistories; Crm.DeliveryCallNotes; Crm.DeliveryCalls; Crm.DeliveryEmployees; Crm.DeliveryFiles; Crm.DeliveryPayments; Crm.DeliveryRanges; Crm.DeliveryWorkAdvances; Crm.Distraints; Crm.Documents; Crm.DrawCodes; Crm.Draws; Crm.ETesisTerkinContractIbans; Crm.ETesisTerkinIntegrations; Crm.FileTypeCategories; Crm.FileTypes; Crm.Files; Crm.Firms; Crm.GroupProducts; Crm.Groups; Crm.Guarantors; Crm.IntegrationApiLogs; Crm.IntegrationApiLogs250919; Crm.InternetSubeLogs; Crm.Inventories; Crm.InventoryDebits; Crm.InventoryTypes; Crm.InvoiceLogoLogs; Crm.IssueHistories; Crm.Issues; Crm.LeadForms; Crm.LoginFaileds; Crm.Logins; Crm.LogoLogs; Crm.LogoPayments; Crm.LogoServiceLogs; Crm.ManuelLeadForCallCenterQueues; Crm.MobileApplicationConfigurations; Crm.MobileConfigurationSettings; Crm.MobilePhoneNumbers; Crm.ModuleAuths; Crm.Modules; Crm.MortgageCosts; Crm.MortgageInsurances; Crm.MortgageLogs; Crm.MortgagePledgeVehicleBrandModels; Crm.MortgageTypes; Crm.Mortgages; Crm.Nationalities; Crm.NotaryLists; Crm.NotaryResults; Crm.NotificationGroupSubscriber; Crm.NotificationGroups; Crm.NotificationLogs; Crm.NotificationVariables; Crm.Occupations; Crm.OffsetLogs; Crm.OnlineUsers; Crm.Opportunities; Crm.OrganizationAreas; Crm.OrganizationHistories; Crm.OrganizationMonthlyTargets; Crm.Organizations; Crm.Performances; Crm.PlannedPeriodicDeliveryAmounts; Crm.Portfolios; Crm.PosPayments; Crm.PostVirmanQueues; Crm.PremiumBranchRates; Crm.PremiumContracts; Crm.PremiumItems; Crm.PremiumTimingGroups; Crm.PremiumTimings; Crm.PremiumUserTypeRates; Crm.Premiums; Crm.Products; Crm.QualityAnswers; Crm.QualityForms; Crm.QualityNotes; Crm.QualityQuestions; Crm.RepContracts; Crm.RepGifts; Crm.RepIbans; Crm.RepPaymentDetails; Crm.RepPaymentGroups; Crm.RepPayments; Crm.RepPointLogs; Crm.RepPoints; Crm.Reps; Crm.RestDays; Crm.RiskTrackingCosts; Crm.RiskTrackingLawyers; Crm.RiskTrackings; Crm.RoleTargets; Crm.Roles; Crm.ServiceConfigurations; Crm.ServiceRateRanges; Crm.Services; Crm.SetOffLogs; Crm.Simulations; Crm.SmsGroups; Crm.SmsLogs; Crm.SmsTemplates; Crm.SmsVerificationCodes; Crm.SustainabilityFeatureValues; Crm.SustainabilityReports; Crm.TicketHistories; Crm.Tickets; Crm.UnauthorizedProcessLogs; Crm.UserHistories; Crm.UserPortfolios; Crm.UserResponsibleBranches; Crm.UserRoles; Crm.UserTargets; Crm.Users; Crm.VariableIndexGroups; Crm.VariableIndexs; Crm.VirtualPosCommisions; Crm.VirtualPosLogs,
katilim.crm,Crm,Users,EMail,nvarchar(50),Evet,,Hayir,,Crm.Activities; Crm.ActivityRecords; Crm.ActivityTypes; Crm.AdForms; Crm.Advices; Crm.Announcement; Crm.AppointmentAssignments; Crm.Areas; Crm.AssignedBidApprovers; Crm.Authorities; Crm.BankDetails; Crm.BankLogs; Crm.Banks; Crm.BidInstallments; Crm.BranchCategories; Crm.CampaignBranches; Crm.CampaignItems; Crm.CampaignSources; Crm.Campaigns; Crm.CashPriceIntervalRates; Crm.ComplaintNotes; Crm.Complaints; Crm.ContractLeavingLogs; Crm.ContractLeavings; Crm.ContractProductDeliveryRange; Crm.ContractProducts; Crm.ContractRevisions; Crm.ContractTemplate; Crm.ContractTemplateVariables; Crm.CostForms; Crm.CostItems; Crm.CostTypes; Crm.Costs; Crm.CustomerLoginFaileds; Crm.CustomerLoginSmsFaileds; Crm.CustomerLogins; Crm.CustomerSources; Crm.Customers; Crm.DailyServicePricePaidLogs; Crm.DataAnalysisLogs; Crm.Debits; Crm.Deliveries; Crm.DeliveryCallHistories; Crm.DeliveryCallNotes; Crm.DeliveryCalls; Crm.DeliveryEmployees; Crm.DeliveryFiles; Crm.DeliveryPayments; Crm.DeliveryRanges; Crm.DeliveryWorkAdvances; Crm.Distraints; Crm.Documents; Crm.DrawCodes; Crm.Draws; Crm.ETesisTerkinContractIbans; Crm.ETesisTerkinIntegrations; Crm.FileTypeCategories; Crm.FileTypes; Crm.Files; Crm.Firms; Crm.GroupProducts; Crm.Groups; Crm.Guarantors; Crm.IntegrationApiLogs; Crm.IntegrationApiLogs250919; Crm.InternetSubeLogs; Crm.Inventories; Crm.InventoryDebits; Crm.InventoryTypes; Crm.InvoiceLogoLogs; Crm.IssueHistories; Crm.Issues; Crm.LeadForms; Crm.LoginFaileds; Crm.Logins; Crm.LogoLogs; Crm.LogoPayments; Crm.LogoServiceLogs; Crm.ManuelLeadForCallCenterQueues; Crm.MobileApplicationConfigurations; Crm.MobileConfigurationSettings; Crm.MobilePhoneNumbers; Crm.ModuleAuths; Crm.Modules; Crm.MortgageCosts; Crm.MortgageInsurances; Crm.MortgageLogs; Crm.MortgagePledgeVehicleBrandModels; Crm.MortgageTypes; Crm.Mortgages; Crm.Nationalities; Crm.NotaryLists; Crm.NotaryResults; Crm.NotificationGroupSubscriber; Crm.NotificationGroups; Crm.NotificationLogs; Crm.NotificationVariables; Crm.Occupations; Crm.OffsetLogs; Crm.OnlineUsers; Crm.Opportunities; Crm.OrganizationAreas; Crm.OrganizationHistories; Crm.OrganizationMonthlyTargets; Crm.Organizations; Crm.Performances; Crm.PlannedPeriodicDeliveryAmounts; Crm.Portfolios; Crm.PosPayments; Crm.PostVirmanQueues; Crm.PremiumBranchRates; Crm.PremiumContracts; Crm.PremiumItems; Crm.PremiumTimingGroups; Crm.PremiumTimings; Crm.PremiumUserTypeRates; Crm.Premiums; Crm.Products; Crm.QualityAnswers; Crm.QualityForms; Crm.QualityNotes; Crm.QualityQuestions; Crm.RepContracts; Crm.RepGifts; Crm.RepIbans; Crm.RepPaymentDetails; Crm.RepPaymentGroups; Crm.RepPayments; Crm.RepPointLogs; Crm.RepPoints; Crm.Reps; Crm.RestDays; Crm.RiskTrackingCosts; Crm.RiskTrackingLawyers; Crm.RiskTrackings; Crm.RoleTargets; Crm.Roles; Crm.ServiceConfigurations; Crm.ServiceRateRanges; Crm.Services; Crm.SetOffLogs; Crm.Simulations; Crm.SmsGroups; Crm.SmsLogs; Crm.SmsTemplates; Crm.SmsVerificationCodes; Crm.SustainabilityFeatureValues; Crm.SustainabilityReports; Crm.TicketHistories; Crm.Tickets; Crm.UnauthorizedProcessLogs; Crm.UserHistories; Crm.UserPortfolios; Crm.UserResponsibleBranches; Crm.UserRoles; Crm.UserTargets; Crm.Users; Crm.VariableIndexGroups; Crm.VariableIndexs; Crm.VirtualPosCommisions; Crm.VirtualPosLogs,
katilim.crm,Crm,Users,HomePhone,nvarchar(50),Evet,,Hayir,,Crm.Activities; Crm.ActivityRecords; Crm.ActivityTypes; Crm.AdForms; Crm.Advices; Crm.Announcement; Crm.AppointmentAssignments; Crm.Areas; Crm.AssignedBidApprovers; Crm.Authorities; Crm.BankDetails; Crm.BankLogs; Crm.Banks; Crm.BidInstallments; Crm.BranchCategories; Crm.CampaignBranches; Crm.CampaignItems; Crm.CampaignSources; Crm.Campaigns; Crm.CashPriceIntervalRates; Crm.ComplaintNotes; Crm.Complaints; Crm.ContractLeavingLogs; Crm.ContractLeavings; Crm.ContractProductDeliveryRange; Crm.ContractProducts; Crm.ContractRevisions; Crm.ContractTemplate; Crm.ContractTemplateVariables; Crm.CostForms; Crm.CostItems; Crm.CostTypes; Crm.Costs; Crm.CustomerLoginFaileds; Crm.CustomerLoginSmsFaileds; Crm.CustomerLogins; Crm.CustomerSources; Crm.Customers; Crm.DailyServicePricePaidLogs; Crm.DataAnalysisLogs; Crm.Debits; Crm.Deliveries; Crm.DeliveryCallHistories; Crm.DeliveryCallNotes; Crm.DeliveryCalls; Crm.DeliveryEmployees; Crm.DeliveryFiles; Crm.DeliveryPayments; Crm.DeliveryRanges; Crm.DeliveryWorkAdvances; Crm.Distraints; Crm.Documents; Crm.DrawCodes; Crm.Draws; Crm.ETesisTerkinContractIbans; Crm.ETesisTerkinIntegrations; Crm.FileTypeCategories; Crm.FileTypes; Crm.Files; Crm.Firms; Crm.GroupProducts; Crm.Groups; Crm.Guarantors; Crm.IntegrationApiLogs; Crm.IntegrationApiLogs250919; Crm.InternetSubeLogs; Crm.Inventories; Crm.InventoryDebits; Crm.InventoryTypes; Crm.InvoiceLogoLogs; Crm.IssueHistories; Crm.Issues; Crm.LeadForms; Crm.LoginFaileds; Crm.Logins; Crm.LogoLogs; Crm.LogoPayments; Crm.LogoServiceLogs; Crm.ManuelLeadForCallCenterQueues; Crm.MobileApplicationConfigurations; Crm.MobileConfigurationSettings; Crm.MobilePhoneNumbers; Crm.ModuleAuths; Crm.Modules; Crm.MortgageCosts; Crm.MortgageInsurances; Crm.MortgageLogs; Crm.MortgagePledgeVehicleBrandModels; Crm.MortgageTypes; Crm.Mortgages; Crm.Nationalities; Crm.NotaryLists; Crm.NotaryResults; Crm.NotificationGroupSubscriber; Crm.NotificationGroups; Crm.NotificationLogs; Crm.NotificationVariables; Crm.Occupations; Crm.OffsetLogs; Crm.OnlineUsers; Crm.Opportunities; Crm.OrganizationAreas; Crm.OrganizationHistories; Crm.OrganizationMonthlyTargets; Crm.Organizations; Crm.Performances; Crm.PlannedPeriodicDeliveryAmounts; Crm.Portfolios; Crm.PosPayments; Crm.PostVirmanQueues; Crm.PremiumBranchRates; Crm.PremiumContracts; Crm.PremiumItems; Crm.PremiumTimingGroups; Crm.PremiumTimings; Crm.PremiumUserTypeRates; Crm.Premiums; Crm.Products; Crm.QualityAnswers; Crm.QualityForms; Crm.QualityNotes; Crm.QualityQuestions; Crm.RepContracts; Crm.RepGifts; Crm.RepIbans; Crm.RepPaymentDetails; Crm.RepPaymentGroups; Crm.RepPayments; Crm.RepPointLogs; Crm.RepPoints; Crm.Reps; Crm.RestDays; Crm.RiskTrackingCosts; Crm.RiskTrackingLawyers; Crm.RiskTrackings; Crm.RoleTargets; Crm.Roles; Crm.ServiceConfigurations; Crm.ServiceRateRanges; Crm.Services; Crm.SetOffLogs; Crm.Simulations; Crm.SmsGroups; Crm.SmsLogs; Crm.SmsTemplates; Crm.SmsVerificationCodes; Crm.SustainabilityFeatureValues; Crm.SustainabilityReports; Crm.TicketHistories; Crm.Tickets; Crm.UnauthorizedProcessLogs; Crm.UserHistories; Crm.UserPortfolios; Crm.UserResponsibleBranches; Crm.UserRoles; Crm.UserTargets; Crm.Users; Crm.VariableIndexGroups; Crm.VariableIndexs; Crm.VirtualPosCommisions; Crm.VirtualPosLogs,
katilim.crm,Crm,Users,MobilePhone,nvarchar(50),Evet,,Hayir,,Crm.Activities; Crm.ActivityRecords; Crm.ActivityTypes; Crm.AdForms; Crm.Advices; Crm.Announcement; Crm.AppointmentAssignments; Crm.Areas; Crm.AssignedBidApprovers; Crm.Authorities; Crm.BankDetails; Crm.BankLogs; Crm.Banks; Crm.BidInstallments; Crm.BranchCategories; Crm.CampaignBranches; Crm.CampaignItems; Crm.CampaignSources; Crm.Campaigns; Crm.CashPriceIntervalRates; Crm.ComplaintNotes; Crm.Complaints; Crm.ContractLeavingLogs; Crm.ContractLeavings; Crm.ContractProductDeliveryRange; Crm.ContractProducts; Crm.ContractRevisions; Crm.ContractTemplate; Crm.ContractTemplateVariables; Crm.CostForms; Crm.CostItems; Crm.CostTypes; Crm.Costs; Crm.CustomerLoginFaileds; Crm.CustomerLoginSmsFaileds; Crm.CustomerLogins; Crm.CustomerSources; Crm.Customers; Crm.DailyServicePricePaidLogs; Crm.DataAnalysisLogs; Crm.Debits; Crm.Deliveries; Crm.DeliveryCallHistories; Crm.DeliveryCallNotes; Crm.DeliveryCalls; Crm.DeliveryEmployees; Crm.DeliveryFiles; Crm.DeliveryPayments; Crm.DeliveryRanges; Crm.DeliveryWorkAdvances; Crm.Distraints; Crm.Documents; Crm.DrawCodes; Crm.Draws; Crm.ETesisTerkinContractIbans; Crm.ETesisTerkinIntegrations; Crm.FileTypeCategories; Crm.FileTypes; Crm.Files; Crm.Firms; Crm.GroupProducts; Crm.Groups; Crm.Guarantors; Crm.IntegrationApiLogs; Crm.IntegrationApiLogs250919; Crm.InternetSubeLogs; Crm.Inventories; Crm.InventoryDebits; Crm.InventoryTypes; Crm.InvoiceLogoLogs; Crm.IssueHistories; Crm.Issues; Crm.LeadForms; Crm.LoginFaileds; Crm.Logins; Crm.LogoLogs; Crm.LogoPayments; Crm.LogoServiceLogs; Crm.ManuelLeadForCallCenterQueues; Crm.MobileApplicationConfigurations; Crm.MobileConfigurationSettings; Crm.MobilePhoneNumbers; Crm.ModuleAuths; Crm.Modules; Crm.MortgageCosts; Crm.MortgageInsurances; Crm.MortgageLogs; Crm.MortgagePledgeVehicleBrandModels; Crm.MortgageTypes; Crm.Mortgages; Crm.Nationalities; Crm.NotaryLists; Crm.NotaryResults; Crm.NotificationGroupSubscriber; Crm.NotificationGroups; Crm.NotificationLogs; Crm.NotificationVariables; Crm.Occupations; Crm.OffsetLogs; Crm.OnlineUsers; Crm.Opportunities; Crm.OrganizationAreas; Crm.OrganizationHistories; Crm.OrganizationMonthlyTargets; Crm.Organizations; Crm.Performances; Crm.PlannedPeriodicDeliveryAmounts; Crm.Portfolios; Crm.PosPayments; Crm.PostVirmanQueues; Crm.PremiumBranchRates; Crm.PremiumContracts; Crm.PremiumItems; Crm.PremiumTimingGroups; Crm.PremiumTimings; Crm.PremiumUserTypeRates; Crm.Premiums; Crm.Products; Crm.QualityAnswers; Crm.QualityForms; Crm.QualityNotes; Crm.QualityQuestions; Crm.RepContracts; Crm.RepGifts; Crm.RepIbans; Crm.RepPaymentDetails; Crm.RepPaymentGroups; Crm.RepPayments; Crm.RepPointLogs; Crm.RepPoints; Crm.Reps; Crm.RestDays; Crm.RiskTrackingCosts; Crm.RiskTrackingLawyers; Crm.RiskTrackings; Crm.RoleTargets; Crm.Roles; Crm.ServiceConfigurations; Crm.ServiceRateRanges; Crm.Services; Crm.SetOffLogs; Crm.Simulations; Crm.SmsGroups; Crm.SmsLogs; Crm.SmsTemplates; Crm.SmsVerificationCodes; Crm.SustainabilityFeatureValues; Crm.SustainabilityReports; Crm.TicketHistories; Crm.Tickets; Crm.UnauthorizedProcessLogs; Crm.UserHistories; Crm.UserPortfolios; Crm.UserResponsibleBranches; Crm.UserRoles; Crm.UserTargets; Crm.Users; Crm.VariableIndexGroups; Crm.VariableIndexs; Crm.VirtualPosCommisions; Crm.VirtualPosLogs,
katilim.crm,Crm,Users,Gender,nvarchar(10),Evet,,Hayir,,Crm.Activities; Crm.ActivityRecords; Crm.ActivityTypes; Crm.AdForms; Crm.Advices; Crm.Announcement; Crm.AppointmentAssignments; Crm.Areas; Crm.AssignedBidApprovers; Crm.Authorities; Crm.BankDetails; Crm.BankLogs; Crm.Banks; Crm.BidInstallments; Crm.BranchCategories; Crm.CampaignBranches; Crm.CampaignItems; Crm.CampaignSources; Crm.Campaigns; Crm.CashPriceIntervalRates; Crm.ComplaintNotes; Crm.Complaints; Crm.ContractLeavingLogs; Crm.ContractLeavings; Crm.ContractProductDeliveryRange; Crm.ContractProducts; Crm.ContractRevisions; Crm.ContractTemplate; Crm.ContractTemplateVariables; Crm.CostForms; Crm.CostItems; Crm.CostTypes; Crm.Costs; Crm.CustomerLoginFaileds; Crm.CustomerLoginSmsFaileds; Crm.CustomerLogins; Crm.CustomerSources; Crm.Customers; Crm.DailyServicePricePaidLogs; Crm.DataAnalysisLogs; Crm.Debits; Crm.Deliveries; Crm.DeliveryCallHistories; Crm.DeliveryCallNotes; Crm.DeliveryCalls; Crm.DeliveryEmployees; Crm.DeliveryFiles; Crm.DeliveryPayments; Crm.DeliveryRanges; Crm.DeliveryWorkAdvances; Crm.Distraints; Crm.Documents; Crm.DrawCodes; Crm.Draws; Crm.ETesisTerkinContractIbans; Crm.ETesisTerkinIntegrations; Crm.FileTypeCategories; Crm.FileTypes; Crm.Files; Crm.Firms; Crm.GroupProducts; Crm.Groups; Crm.Guarantors; Crm.IntegrationApiLogs; Crm.IntegrationApiLogs250919; Crm.InternetSubeLogs; Crm.Inventories; Crm.InventoryDebits; Crm.InventoryTypes; Crm.InvoiceLogoLogs; Crm.IssueHistories; Crm.Issues; Crm.LeadForms; Crm.LoginFaileds; Crm.Logins; Crm.LogoLogs; Crm.LogoPayments; Crm.LogoServiceLogs; Crm.ManuelLeadForCallCenterQueues; Crm.MobileApplicationConfigurations; Crm.MobileConfigurationSettings; Crm.MobilePhoneNumbers; Crm.ModuleAuths; Crm.Modules; Crm.MortgageCosts; Crm.MortgageInsurances; Crm.MortgageLogs; Crm.MortgagePledgeVehicleBrandModels; Crm.MortgageTypes; Crm.Mortgages; Crm.Nationalities; Crm.NotaryLists; Crm.NotaryResults; Crm.NotificationGroupSubscriber; Crm.NotificationGroups; Crm.NotificationLogs; Crm.NotificationVariables; Crm.Occupations; Crm.OffsetLogs; Crm.OnlineUsers; Crm.Opportunities; Crm.OrganizationAreas; Crm.OrganizationHistories; Crm.OrganizationMonthlyTargets; Crm.Organizations; Crm.Performances; Crm.PlannedPeriodicDeliveryAmounts; Crm.Portfolios; Crm.PosPayments; Crm.PostVirmanQueues; Crm.PremiumBranchRates; Crm.PremiumContracts; Crm.PremiumItems; Crm.PremiumTimingGroups; Crm.PremiumTimings; Crm.PremiumUserTypeRates; Crm.Premiums; Crm.Products; Crm.QualityAnswers; Crm.QualityForms; Crm.QualityNotes; Crm.QualityQuestions; Crm.RepContracts; Crm.RepGifts; Crm.RepIbans; Crm.RepPaymentDetails; Crm.RepPaymentGroups; Crm.RepPayments; Crm.RepPointLogs; Crm.RepPoints; Crm.Reps; Crm.RestDays; Crm.RiskTrackingCosts; Crm.RiskTrackingLawyers; Crm.RiskTrackings; Crm.RoleTargets; Crm.Roles; Crm.ServiceConfigurations; Crm.ServiceRateRanges; Crm.Services; Crm.SetOffLogs; Crm.Simulations; Crm.SmsGroups; Crm.SmsLogs; Crm.SmsTemplates; Crm.SmsVerificationCodes; Crm.SustainabilityFeatureValues; Crm.SustainabilityReports; Crm.TicketHistories; Crm.Tickets; Crm.UnauthorizedProcessLogs; Crm.UserHistories; Crm.UserPortfolios; Crm.UserResponsibleBranches; Crm.UserRoles; Crm.UserTargets; Crm.Users; Crm.VariableIndexGroups; Crm.VariableIndexs; Crm.VirtualPosCommisions; Crm.VirtualPosLogs,
katilim.crm,Crm,Users,UserName,nvarchar(100),Evet,,Hayir,,Crm.Activities; Crm.ActivityRecords; Crm.ActivityTypes; Crm.AdForms; Crm.Advices; Crm.Announcement; Crm.AppointmentAssignments; Crm.Areas; Crm.AssignedBidApprovers; Crm.Authorities; Crm.BankDetails; Crm.BankLogs; Crm.Banks; Crm.BidInstallments; Crm.BranchCategories; Crm.CampaignBranches; Crm.CampaignItems; Crm.CampaignSources; Crm.Campaigns; Crm.CashPriceIntervalRates; Crm.ComplaintNotes; Crm.Complaints; Crm.ContractLeavingLogs; Crm.ContractLeavings; Crm.ContractProductDeliveryRange; Crm.ContractProducts; Crm.ContractRevisions; Crm.ContractTemplate; Crm.ContractTemplateVariables; Crm.CostForms; Crm.CostItems; Crm.CostTypes; Crm.Costs; Crm.CustomerLoginFaileds; Crm.CustomerLoginSmsFaileds; Crm.CustomerLogins; Crm.CustomerSources; Crm.Customers; Crm.DailyServicePricePaidLogs; Crm.DataAnalysisLogs; Crm.Debits; Crm.Deliveries; Crm.DeliveryCallHistories; Crm.DeliveryCallNotes; Crm.DeliveryCalls; Crm.DeliveryEmployees; Crm.DeliveryFiles; Crm.DeliveryPayments; Crm.DeliveryRanges; Crm.DeliveryWorkAdvances; Crm.Distraints; Crm.Documents; Crm.DrawCodes; Crm.Draws; Crm.ETesisTerkinContractIbans; Crm.ETesisTerkinIntegrations; Crm.FileTypeCategories; Crm.FileTypes; Crm.Files; Crm.Firms; Crm.GroupProducts; Crm.Groups; Crm.Guarantors; Crm.IntegrationApiLogs; Crm.IntegrationApiLogs250919; Crm.InternetSubeLogs; Crm.Inventories; Crm.InventoryDebits; Crm.InventoryTypes; Crm.InvoiceLogoLogs; Crm.IssueHistories; Crm.Issues; Crm.LeadForms; Crm.LoginFaileds; Crm.Logins; Crm.LogoLogs; Crm.LogoPayments; Crm.LogoServiceLogs; Crm.ManuelLeadForCallCenterQueues; Crm.MobileApplicationConfigurations; Crm.MobileConfigurationSettings; Crm.MobilePhoneNumbers; Crm.ModuleAuths; Crm.Modules; Crm.MortgageCosts; Crm.MortgageInsurances; Crm.MortgageLogs; Crm.MortgagePledgeVehicleBrandModels; Crm.MortgageTypes; Crm.Mortgages; Crm.Nationalities; Crm.NotaryLists; Crm.NotaryResults; Crm.NotificationGroupSubscriber; Crm.NotificationGroups; Crm.NotificationLogs; Crm.NotificationVariables; Crm.Occupations; Crm.OffsetLogs; Crm.OnlineUsers; Crm.Opportunities; Crm.OrganizationAreas; Crm.OrganizationHistories; Crm.OrganizationMonthlyTargets; Crm.Organizations; Crm.Performances; Crm.PlannedPeriodicDeliveryAmounts; Crm.Portfolios; Crm.PosPayments; Crm.PostVirmanQueues; Crm.PremiumBranchRates; Crm.PremiumContracts; Crm.PremiumItems; Crm.PremiumTimingGroups; Crm.PremiumTimings; Crm.PremiumUserTypeRates; Crm.Premiums; Crm.Products; Crm.QualityAnswers; Crm.QualityForms; Crm.QualityNotes; Crm.QualityQuestions; Crm.RepContracts; Crm.RepGifts; Crm.RepIbans; Crm.RepPaymentDetails; Crm.RepPaymentGroups; Crm.RepPayments; Crm.RepPointLogs; Crm.RepPoints; Crm.Reps; Crm.RestDays; Crm.RiskTrackingCosts; Crm.RiskTrackingLawyers; Crm.RiskTrackings; Crm.RoleTargets; Crm.Roles; Crm.ServiceConfigurations; Crm.ServiceRateRanges; Crm.Services; Crm.SetOffLogs; Crm.Simulations; Crm.SmsGroups; Crm.SmsLogs; Crm.SmsTemplates; Crm.SmsVerificationCodes; Crm.SustainabilityFeatureValues; Crm.SustainabilityReports; Crm.TicketHistories; Crm.Tickets; Crm.UnauthorizedProcessLogs; Crm.UserHistories; Crm.UserPortfolios; Crm.UserResponsibleBranches; Crm.UserRoles; Crm.UserTargets; Crm.Users; Crm.VariableIndexGroups; Crm.VariableIndexs; Crm.VirtualPosCommisions; Crm.VirtualPosLogs,
katilim.crm,Crm,Users,Password,nvarchar(100),Evet,,Hayir,,Crm.Activities; Crm.ActivityRecords; Crm.ActivityTypes; Crm.AdForms; Crm.Advices; Crm.Announcement; Crm.AppointmentAssignments; Crm.Areas; Crm.AssignedBidApprovers; Crm.Authorities; Crm.BankDetails; Crm.BankLogs; Crm.Banks; Crm.BidInstallments; Crm.BranchCategories; Crm.CampaignBranches; Crm.CampaignItems; Crm.CampaignSources; Crm.Campaigns; Crm.CashPriceIntervalRates; Crm.ComplaintNotes; Crm.Complaints; Crm.ContractLeavingLogs; Crm.ContractLeavings; Crm.ContractProductDeliveryRange; Crm.ContractProducts; Crm.ContractRevisions; Crm.ContractTemplate; Crm.ContractTemplateVariables; Crm.CostForms; Crm.CostItems; Crm.CostTypes; Crm.Costs; Crm.CustomerLoginFaileds; Crm.CustomerLoginSmsFaileds; Crm.CustomerLogins; Crm.CustomerSources; Crm.Customers; Crm.DailyServicePricePaidLogs; Crm.DataAnalysisLogs; Crm.Debits; Crm.Deliveries; Crm.DeliveryCallHistories; Crm.DeliveryCallNotes; Crm.DeliveryCalls; Crm.DeliveryEmployees; Crm.DeliveryFiles; Crm.DeliveryPayments; Crm.DeliveryRanges; Crm.DeliveryWorkAdvances; Crm.Distraints; Crm.Documents; Crm.DrawCodes; Crm.Draws; Crm.ETesisTerkinContractIbans; Crm.ETesisTerkinIntegrations; Crm.FileTypeCategories; Crm.FileTypes; Crm.Files; Crm.Firms; Crm.GroupProducts; Crm.Groups; Crm.Guarantors; Crm.IntegrationApiLogs; Crm.IntegrationApiLogs250919; Crm.InternetSubeLogs; Crm.Inventories; Crm.InventoryDebits; Crm.InventoryTypes; Crm.InvoiceLogoLogs; Crm.IssueHistories; Crm.Issues; Crm.LeadForms; Crm.LoginFaileds; Crm.Logins; Crm.LogoLogs; Crm.LogoPayments; Crm.LogoServiceLogs; Crm.ManuelLeadForCallCenterQueues; Crm.MobileApplicationConfigurations; Crm.MobileConfigurationSettings; Crm.MobilePhoneNumbers; Crm.ModuleAuths; Crm.Modules; Crm.MortgageCosts; Crm.MortgageInsurances; Crm.MortgageLogs; Crm.MortgagePledgeVehicleBrandModels; Crm.MortgageTypes; Crm.Mortgages; Crm.Nationalities; Crm.NotaryLists; Crm.NotaryResults; Crm.NotificationGroupSubscriber; Crm.NotificationGroups; Crm.NotificationLogs; Crm.NotificationVariables; Crm.Occupations; Crm.OffsetLogs; Crm.OnlineUsers; Crm.Opportunities; Crm.OrganizationAreas; Crm.OrganizationHistories; Crm.OrganizationMonthlyTargets; Crm.Organizations; Crm.Performances; Crm.PlannedPeriodicDeliveryAmounts; Crm.Portfolios; Crm.PosPayments; Crm.PostVirmanQueues; Crm.PremiumBranchRates; Crm.PremiumContracts; Crm.PremiumItems; Crm.PremiumTimingGroups; Crm.PremiumTimings; Crm.PremiumUserTypeRates; Crm.Premiums; Crm.Products; Crm.QualityAnswers; Crm.QualityForms; Crm.QualityNotes; Crm.QualityQuestions; Crm.RepContracts; Crm.RepGifts; Crm.RepIbans; Crm.RepPaymentDetails; Crm.RepPaymentGroups; Crm.RepPayments; Crm.RepPointLogs; Crm.RepPoints; Crm.Reps; Crm.RestDays; Crm.RiskTrackingCosts; Crm.RiskTrackingLawyers; Crm.RiskTrackings; Crm.RoleTargets; Crm.Roles; Crm.ServiceConfigurations; Crm.ServiceRateRanges; Crm.Services; Crm.SetOffLogs; Crm.Simulations; Crm.SmsGroups; Crm.SmsLogs; Crm.SmsTemplates; Crm.SmsVerificationCodes; Crm.SustainabilityFeatureValues; Crm.SustainabilityReports; Crm.TicketHistories; Crm.Tickets; Crm.UnauthorizedProcessLogs; Crm.UserHistories; Crm.UserPortfolios; Crm.UserResponsibleBranches; Crm.UserRoles; Crm.UserTargets; Crm.Users; Crm.VariableIndexGroups; Crm.VariableIndexs; Crm.VirtualPosCommisions; Crm.VirtualPosLogs,
katilim.crm,Crm,Users,NewPassword,nvarchar(100),Evet,,Hayir,,Crm.Activities; Crm.ActivityRecords; Crm.ActivityTypes; Crm.AdForms; Crm.Advices; Crm.Announcement; Crm.AppointmentAssignments; Crm.Areas; Crm.AssignedBidApprovers; Crm.Authorities; Crm.BankDetails; Crm.BankLogs; Crm.Banks; Crm.BidInstallments; Crm.BranchCategories; Crm.CampaignBranches; Crm.CampaignItems; Crm.CampaignSources; Crm.Campaigns; Crm.CashPriceIntervalRates; Crm.ComplaintNotes; Crm.Complaints; Crm.ContractLeavingLogs; Crm.ContractLeavings; Crm.ContractProductDeliveryRange; Crm.ContractProducts; Crm.ContractRevisions; Crm.ContractTemplate; Crm.ContractTemplateVariables; Crm.CostForms; Crm.CostItems; Crm.CostTypes; Crm.Costs; Crm.CustomerLoginFaileds; Crm.CustomerLoginSmsFaileds; Crm.CustomerLogins; Crm.CustomerSources; Crm.Customers; Crm.DailyServicePricePaidLogs; Crm.DataAnalysisLogs; Crm.Debits; Crm.Deliveries; Crm.DeliveryCallHistories; Crm.DeliveryCallNotes; Crm.DeliveryCalls; Crm.DeliveryEmployees; Crm.DeliveryFiles; Crm.DeliveryPayments; Crm.DeliveryRanges; Crm.DeliveryWorkAdvances; Crm.Distraints; Crm.Documents; Crm.DrawCodes; Crm.Draws; Crm.ETesisTerkinContractIbans; Crm.ETesisTerkinIntegrations; Crm.FileTypeCategories; Crm.FileTypes; Crm.Files; Crm.Firms; Crm.GroupProducts; Crm.Groups; Crm.Guarantors; Crm.IntegrationApiLogs; Crm.IntegrationApiLogs250919; Crm.InternetSubeLogs; Crm.Inventories; Crm.InventoryDebits; Crm.InventoryTypes; Crm.InvoiceLogoLogs; Crm.IssueHistories; Crm.Issues; Crm.LeadForms; Crm.LoginFaileds; Crm.Logins; Crm.LogoLogs; Crm.LogoPayments; Crm.LogoServiceLogs; Crm.ManuelLeadForCallCenterQueues; Crm.MobileApplicationConfigurations; Crm.MobileConfigurationSettings; Crm.MobilePhoneNumbers; Crm.ModuleAuths; Crm.Modules; Crm.MortgageCosts; Crm.MortgageInsurances; Crm.MortgageLogs; Crm.MortgagePledgeVehicleBrandModels; Crm.MortgageTypes; Crm.Mortgages; Crm.Nationalities; Crm.NotaryLists; Crm.NotaryResults; Crm.NotificationGroupSubscriber; Crm.NotificationGroups; Crm.NotificationLogs; Crm.NotificationVariables; Crm.Occupations; Crm.OffsetLogs; Crm.OnlineUsers; Crm.Opportunities; Crm.OrganizationAreas; Crm.OrganizationHistories; Crm.OrganizationMonthlyTargets; Crm.Organizations; Crm.Performances; Crm.PlannedPeriodicDeliveryAmounts; Crm.Portfolios; Crm.PosPayments; Crm.PostVirmanQueues; Crm.PremiumBranchRates; Crm.PremiumContracts; Crm.PremiumItems; Crm.PremiumTimingGroups; Crm.PremiumTimings; Crm.PremiumUserTypeRates; Crm.Premiums; Crm.Products; Crm.QualityAnswers; Crm.QualityForms; Crm.QualityNotes; Crm.QualityQuestions; Crm.RepContracts; Crm.RepGifts; Crm.RepIbans; Crm.RepPaymentDetails; Crm.RepPaymentGroups; Crm.RepPayments; Crm.RepPointLogs; Crm.RepPoints; Crm.Reps; Crm.RestDays; Crm.RiskTrackingCosts; Crm.RiskTrackingLawyers; Crm.RiskTrackings; Crm.RoleTargets; Crm.Roles; Crm.ServiceConfigurations; Crm.ServiceRateRanges; Crm.Services; Crm.SetOffLogs; Crm.Simulations; Crm.SmsGroups; Crm.SmsLogs; Crm.SmsTemplates; Crm.SmsVerificationCodes; Crm.SustainabilityFeatureValues; Crm.SustainabilityReports; Crm.TicketHistories; Crm.Tickets; Crm.UnauthorizedProcessLogs; Crm.UserHistories; Crm.UserPortfolios; Crm.UserResponsibleBranches; Crm.UserRoles; Crm.UserTargets; Crm.Users; Crm.VariableIndexGroups; Crm.VariableIndexs; Crm.VirtualPosCommisions; Crm.VirtualPosLogs,
katilim.crm,Crm,Users,IsUser,bit,Hayir,,Hayir,,Crm.Activities; Crm.ActivityRecords; Crm.ActivityTypes; Crm.AdForms; Crm.Advices; Crm.Announcement; Crm.AppointmentAssignments; Crm.Areas; Crm.AssignedBidApprovers; Crm.Authorities; Crm.BankDetails; Crm.BankLogs; Crm.Banks; Crm.BidInstallments; Crm.BranchCategories; Crm.CampaignBranches; Crm.CampaignItems; Crm.CampaignSources; Crm.Campaigns; Crm.CashPriceIntervalRates; Crm.ComplaintNotes; Crm.Complaints; Crm.ContractLeavingLogs; Crm.ContractLeavings; Crm.ContractProductDeliveryRange; Crm.ContractProducts; Crm.ContractRevisions; Crm.ContractTemplate; Crm.ContractTemplateVariables; Crm.CostForms; Crm.CostItems; Crm.CostTypes; Crm.Costs; Crm.CustomerLoginFaileds; Crm.CustomerLoginSmsFaileds; Crm.CustomerLogins; Crm.CustomerSources; Crm.Customers; Crm.DailyServicePricePaidLogs; Crm.DataAnalysisLogs; Crm.Debits; Crm.Deliveries; Crm.DeliveryCallHistories; Crm.DeliveryCallNotes; Crm.DeliveryCalls; Crm.DeliveryEmployees; Crm.DeliveryFiles; Crm.DeliveryPayments; Crm.DeliveryRanges; Crm.DeliveryWorkAdvances; Crm.Distraints; Crm.Documents; Crm.DrawCodes; Crm.Draws; Crm.ETesisTerkinContractIbans; Crm.ETesisTerkinIntegrations; Crm.FileTypeCategories; Crm.FileTypes; Crm.Files; Crm.Firms; Crm.GroupProducts; Crm.Groups; Crm.Guarantors; Crm.IntegrationApiLogs; Crm.IntegrationApiLogs250919; Crm.InternetSubeLogs; Crm.Inventories; Crm.InventoryDebits; Crm.InventoryTypes; Crm.InvoiceLogoLogs; Crm.IssueHistories; Crm.Issues; Crm.LeadForms; Crm.LoginFaileds; Crm.Logins; Crm.LogoLogs; Crm.LogoPayments; Crm.LogoServiceLogs; Crm.ManuelLeadForCallCenterQueues; Crm.MobileApplicationConfigurations; Crm.MobileConfigurationSettings; Crm.MobilePhoneNumbers; Crm.ModuleAuths; Crm.Modules; Crm.MortgageCosts; Crm.MortgageInsurances; Crm.MortgageLogs; Crm.MortgagePledgeVehicleBrandModels; Crm.MortgageTypes; Crm.Mortgages; Crm.Nationalities; Crm.NotaryLists; Crm.NotaryResults; Crm.NotificationGroupSubscriber; Crm.NotificationGroups; Crm.NotificationLogs; Crm.NotificationVariables; Crm.Occupations; Crm.OffsetLogs; Crm.OnlineUsers; Crm.Opportunities; Crm.OrganizationAreas; Crm.OrganizationHistories; Crm.OrganizationMonthlyTargets; Crm.Organizations; Crm.Performances; Crm.PlannedPeriodicDeliveryAmounts; Crm.Portfolios; Crm.PosPayments; Crm.PostVirmanQueues; Crm.PremiumBranchRates; Crm.PremiumContracts; Crm.PremiumItems; Crm.PremiumTimingGroups; Crm.PremiumTimings; Crm.PremiumUserTypeRates; Crm.Premiums; Crm.Products; Crm.QualityAnswers; Crm.QualityForms; Crm.QualityNotes; Crm.QualityQuestions; Crm.RepContracts; Crm.RepGifts; Crm.RepIbans; Crm.RepPaymentDetails; Crm.RepPaymentGroups; Crm.RepPayments; Crm.RepPointLogs; Crm.RepPoints; Crm.Reps; Crm.RestDays; Crm.RiskTrackingCosts; Crm.RiskTrackingLawyers; Crm.RiskTrackings; Crm.RoleTargets; Crm.Roles; Crm.ServiceConfigurations; Crm.ServiceRateRanges; Crm.Services; Crm.SetOffLogs; Crm.Simulations; Crm.SmsGroups; Crm.SmsLogs; Crm.SmsTemplates; Crm.SmsVerificationCodes; Crm.SustainabilityFeatureValues; Crm.SustainabilityReports; Crm.TicketHistories; Crm.Tickets; Crm.UnauthorizedProcessLogs; Crm.UserHistories; Crm.UserPortfolios; Crm.UserResponsibleBranches; Crm.UserRoles; Crm.UserTargets; Crm.Users; Crm.VariableIndexGroups; Crm.VariableIndexs; Crm.VirtualPosCommisions; Crm.VirtualPosLogs,
katilim.crm,Crm,Users,StartDate,datetime2(7),Evet,,Hayir,,Crm.Activities; Crm.ActivityRecords; Crm.ActivityTypes; Crm.AdForms; Crm.Advices; Crm.Announcement; Crm.AppointmentAssignments; Crm.Areas; Crm.AssignedBidApprovers; Crm.Authorities; Crm.BankDetails; Crm.BankLogs; Crm.Banks; Crm.BidInstallments; Crm.BranchCategories; Crm.CampaignBranches; Crm.CampaignItems; Crm.CampaignSources; Crm.Campaigns; Crm.CashPriceIntervalRates; Crm.ComplaintNotes; Crm.Complaints; Crm.ContractLeavingLogs; Crm.ContractLeavings; Crm.ContractProductDeliveryRange; Crm.ContractProducts; Crm.ContractRevisions; Crm.ContractTemplate; Crm.ContractTemplateVariables; Crm.CostForms; Crm.CostItems; Crm.CostTypes; Crm.Costs; Crm.CustomerLoginFaileds; Crm.CustomerLoginSmsFaileds; Crm.CustomerLogins; Crm.CustomerSources; Crm.Customers; Crm.DailyServicePricePaidLogs; Crm.DataAnalysisLogs; Crm.Debits; Crm.Deliveries; Crm.DeliveryCallHistories; Crm.DeliveryCallNotes; Crm.DeliveryCalls; Crm.DeliveryEmployees; Crm.DeliveryFiles; Crm.DeliveryPayments; Crm.DeliveryRanges; Crm.DeliveryWorkAdvances; Crm.Distraints; Crm.Documents; Crm.DrawCodes; Crm.Draws; Crm.ETesisTerkinContractIbans; Crm.ETesisTerkinIntegrations; Crm.FileTypeCategories; Crm.FileTypes; Crm.Files; Crm.Firms; Crm.GroupProducts; Crm.Groups; Crm.Guarantors; Crm.IntegrationApiLogs; Crm.IntegrationApiLogs250919; Crm.InternetSubeLogs; Crm.Inventories; Crm.InventoryDebits; Crm.InventoryTypes; Crm.InvoiceLogoLogs; Crm.IssueHistories; Crm.Issues; Crm.LeadForms; Crm.LoginFaileds; Crm.Logins; Crm.LogoLogs; Crm.LogoPayments; Crm.LogoServiceLogs; Crm.ManuelLeadForCallCenterQueues; Crm.MobileApplicationConfigurations; Crm.MobileConfigurationSettings; Crm.MobilePhoneNumbers; Crm.ModuleAuths; Crm.Modules; Crm.MortgageCosts; Crm.MortgageInsurances; Crm.MortgageLogs; Crm.MortgagePledgeVehicleBrandModels; Crm.MortgageTypes; Crm.Mortgages; Crm.Nationalities; Crm.NotaryLists; Crm.NotaryResults; Crm.NotificationGroupSubscriber; Crm.NotificationGroups; Crm.NotificationLogs; Crm.NotificationVariables; Crm.Occupations; Crm.OffsetLogs; Crm.OnlineUsers; Crm.Opportunities; Crm.OrganizationAreas; Crm.OrganizationHistories; Crm.OrganizationMonthlyTargets; Crm.Organizations; Crm.Performances; Crm.PlannedPeriodicDeliveryAmounts; Crm.Portfolios; Crm.PosPayments; Crm.PostVirmanQueues; Crm.PremiumBranchRates; Crm.PremiumContracts; Crm.PremiumItems; Crm.PremiumTimingGroups; Crm.PremiumTimings; Crm.PremiumUserTypeRates; Crm.Premiums; Crm.Products; Crm.QualityAnswers; Crm.QualityForms; Crm.QualityNotes; Crm.QualityQuestions; Crm.RepContracts; Crm.RepGifts; Crm.RepIbans; Crm.RepPaymentDetails; Crm.RepPaymentGroups; Crm.RepPayments; Crm.RepPointLogs; Crm.RepPoints; Crm.Reps; Crm.RestDays; Crm.RiskTrackingCosts; Crm.RiskTrackingLawyers; Crm.RiskTrackings; Crm.RoleTargets; Crm.Roles; Crm.ServiceConfigurations; Crm.ServiceRateRanges; Crm.Services; Crm.SetOffLogs; Crm.Simulations; Crm.SmsGroups; Crm.SmsLogs; Crm.SmsTemplates; Crm.SmsVerificationCodes; Crm.SustainabilityFeatureValues; Crm.SustainabilityReports; Crm.TicketHistories; Crm.Tickets; Crm.UnauthorizedProcessLogs; Crm.UserHistories; Crm.UserPortfolios; Crm.UserResponsibleBranches; Crm.UserRoles; Crm.UserTargets; Crm.Users; Crm.VariableIndexGroups; Crm.VariableIndexs; Crm.VirtualPosCommisions; Crm.VirtualPosLogs,
katilim.crm,Crm,Users,LeaveDate,datetime2(7),Evet,,Hayir,,Crm.Activities; Crm.ActivityRecords; Crm.ActivityTypes; Crm.AdForms; Crm.Advices; Crm.Announcement; Crm.AppointmentAssignments; Crm.Areas; Crm.AssignedBidApprovers; Crm.Authorities; Crm.BankDetails; Crm.BankLogs; Crm.Banks; Crm.BidInstallments; Crm.BranchCategories; Crm.CampaignBranches; Crm.CampaignItems; Crm.CampaignSources; Crm.Campaigns; Crm.CashPriceIntervalRates; Crm.ComplaintNotes; Crm.Complaints; Crm.ContractLeavingLogs; Crm.ContractLeavings; Crm.ContractProductDeliveryRange; Crm.ContractProducts; Crm.ContractRevisions; Crm.ContractTemplate; Crm.ContractTemplateVariables; Crm.CostForms; Crm.CostItems; Crm.CostTypes; Crm.Costs; Crm.CustomerLoginFaileds; Crm.CustomerLoginSmsFaileds; Crm.CustomerLogins; Crm.CustomerSources; Crm.Customers; Crm.DailyServicePricePaidLogs; Crm.DataAnalysisLogs; Crm.Debits; Crm.Deliveries; Crm.DeliveryCallHistories; Crm.DeliveryCallNotes; Crm.DeliveryCalls; Crm.DeliveryEmployees; Crm.DeliveryFiles; Crm.DeliveryPayments; Crm.DeliveryRanges; Crm.DeliveryWorkAdvances; Crm.Distraints; Crm.Documents; Crm.DrawCodes; Crm.Draws; Crm.ETesisTerkinContractIbans; Crm.ETesisTerkinIntegrations; Crm.FileTypeCategories; Crm.FileTypes; Crm.Files; Crm.Firms; Crm.GroupProducts; Crm.Groups; Crm.Guarantors; Crm.IntegrationApiLogs; Crm.IntegrationApiLogs250919; Crm.InternetSubeLogs; Crm.Inventories; Crm.InventoryDebits; Crm.InventoryTypes; Crm.InvoiceLogoLogs; Crm.IssueHistories; Crm.Issues; Crm.LeadForms; Crm.LoginFaileds; Crm.Logins; Crm.LogoLogs; Crm.LogoPayments; Crm.LogoServiceLogs; Crm.ManuelLeadForCallCenterQueues; Crm.MobileApplicationConfigurations; Crm.MobileConfigurationSettings; Crm.MobilePhoneNumbers; Crm.ModuleAuths; Crm.Modules; Crm.MortgageCosts; Crm.MortgageInsurances; Crm.MortgageLogs; Crm.MortgagePledgeVehicleBrandModels; Crm.MortgageTypes; Crm.Mortgages; Crm.Nationalities; Crm.NotaryLists; Crm.NotaryResults; Crm.NotificationGroupSubscriber; Crm.NotificationGroups; Crm.NotificationLogs; Crm.NotificationVariables; Crm.Occupations; Crm.OffsetLogs; Crm.OnlineUsers; Crm.Opportunities; Crm.OrganizationAreas; Crm.OrganizationHistories; Crm.OrganizationMonthlyTargets; Crm.Organizations; Crm.Performances; Crm.PlannedPeriodicDeliveryAmounts; Crm.Portfolios; Crm.PosPayments; Crm.PostVirmanQueues; Crm.PremiumBranchRates; Crm.PremiumContracts; Crm.PremiumItems; Crm.PremiumTimingGroups; Crm.PremiumTimings; Crm.PremiumUserTypeRates; Crm.Premiums; Crm.Products; Crm.QualityAnswers; Crm.QualityForms; Crm.QualityNotes; Crm.QualityQuestions; Crm.RepContracts; Crm.RepGifts; Crm.RepIbans; Crm.RepPaymentDetails; Crm.RepPaymentGroups; Crm.RepPayments; Crm.RepPointLogs; Crm.RepPoints; Crm.Reps; Crm.RestDays; Crm.RiskTrackingCosts; Crm.RiskTrackingLawyers; Crm.RiskTrackings; Crm.RoleTargets; Crm.Roles; Crm.ServiceConfigurations; Crm.ServiceRateRanges; Crm.Services; Crm.SetOffLogs; Crm.Simulations; Crm.SmsGroups; Crm.SmsLogs; Crm.SmsTemplates; Crm.SmsVerificationCodes; Crm.SustainabilityFeatureValues; Crm.SustainabilityReports; Crm.TicketHistories; Crm.Tickets; Crm.UnauthorizedProcessLogs; Crm.UserHistories; Crm.UserPortfolios; Crm.UserResponsibleBranches; Crm.UserRoles; Crm.UserTargets; Crm.Users; Crm.VariableIndexGroups; Crm.VariableIndexs; Crm.VirtualPosCommisions; Crm.VirtualPosLogs,
katilim.crm,Crm,Users,OrganizationUid,uniqueidentifier,Hayir,,Hayir,Crm.Organizations.Uid,Crm.Activities; Crm.ActivityRecords; Crm.ActivityTypes; Crm.AdForms; Crm.Advices; Crm.Announcement; Crm.AppointmentAssignments; Crm.Areas; Crm.AssignedBidApprovers; Crm.Authorities; Crm.BankDetails; Crm.BankLogs; Crm.Banks; Crm.BidInstallments; Crm.BranchCategories; Crm.CampaignBranches; Crm.CampaignItems; Crm.CampaignSources; Crm.Campaigns; Crm.CashPriceIntervalRates; Crm.ComplaintNotes; Crm.Complaints; Crm.ContractLeavingLogs; Crm.ContractLeavings; Crm.ContractProductDeliveryRange; Crm.ContractProducts; Crm.ContractRevisions; Crm.ContractTemplate; Crm.ContractTemplateVariables; Crm.CostForms; Crm.CostItems; Crm.CostTypes; Crm.Costs; Crm.CustomerLoginFaileds; Crm.CustomerLoginSmsFaileds; Crm.CustomerLogins; Crm.CustomerSources; Crm.Customers; Crm.DailyServicePricePaidLogs; Crm.DataAnalysisLogs; Crm.Debits; Crm.Deliveries; Crm.DeliveryCallHistories; Crm.DeliveryCallNotes; Crm.DeliveryCalls; Crm.DeliveryEmployees; Crm.DeliveryFiles; Crm.DeliveryPayments; Crm.DeliveryRanges; Crm.DeliveryWorkAdvances; Crm.Distraints; Crm.Documents; Crm.DrawCodes; Crm.Draws; Crm.ETesisTerkinContractIbans; Crm.ETesisTerkinIntegrations; Crm.FileTypeCategories; Crm.FileTypes; Crm.Files; Crm.Firms; Crm.GroupProducts; Crm.Groups; Crm.Guarantors; Crm.IntegrationApiLogs; Crm.IntegrationApiLogs250919; Crm.InternetSubeLogs; Crm.Inventories; Crm.InventoryDebits; Crm.InventoryTypes; Crm.InvoiceLogoLogs; Crm.IssueHistories; Crm.Issues; Crm.LeadForms; Crm.LoginFaileds; Crm.Logins; Crm.LogoLogs; Crm.LogoPayments; Crm.LogoServiceLogs; Crm.ManuelLeadForCallCenterQueues; Crm.MobileApplicationConfigurations; Crm.MobileConfigurationSettings; Crm.MobilePhoneNumbers; Crm.ModuleAuths; Crm.Modules; Crm.MortgageCosts; Crm.MortgageInsurances; Crm.MortgageLogs; Crm.MortgagePledgeVehicleBrandModels; Crm.MortgageTypes; Crm.Mortgages; Crm.Nationalities; Crm.NotaryLists; Crm.NotaryResults; Crm.NotificationGroupSubscriber; Crm.NotificationGroups; Crm.NotificationLogs; Crm.NotificationVariables; Crm.Occupations; Crm.OffsetLogs; Crm.OnlineUsers; Crm.Opportunities; Crm.OrganizationAreas; Crm.OrganizationHistories; Crm.OrganizationMonthlyTargets; Crm.Organizations; Crm.Performances; Crm.PlannedPeriodicDeliveryAmounts; Crm.Portfolios; Crm.PosPayments; Crm.PostVirmanQueues; Crm.PremiumBranchRates; Crm.PremiumContracts; Crm.PremiumItems; Crm.PremiumTimingGroups; Crm.PremiumTimings; Crm.PremiumUserTypeRates; Crm.Premiums; Crm.Products; Crm.QualityAnswers; Crm.QualityForms; Crm.QualityNotes; Crm.QualityQuestions; Crm.RepContracts; Crm.RepGifts; Crm.RepIbans; Crm.RepPaymentDetails; Crm.RepPaymentGroups; Crm.RepPayments; Crm.RepPointLogs; Crm.RepPoints; Crm.Reps; Crm.RestDays; Crm.RiskTrackingCosts; Crm.RiskTrackingLawyers; Crm.RiskTrackings; Crm.RoleTargets; Crm.Roles; Crm.ServiceConfigurations; Crm.ServiceRateRanges; Crm.Services; Crm.SetOffLogs; Crm.Simulations; Crm.SmsGroups; Crm.SmsLogs; Crm.SmsTemplates; Crm.SmsVerificationCodes; Crm.SustainabilityFeatureValues; Crm.SustainabilityReports; Crm.TicketHistories; Crm.Tickets; Crm.UnauthorizedProcessLogs; Crm.UserHistories; Crm.UserPortfolios; Crm.UserResponsibleBranches; Crm.UserRoles; Crm.UserTargets; Crm.Users; Crm.VariableIndexGroups; Crm.VariableIndexs; Crm.VirtualPosCommisions; Crm.VirtualPosLogs,
katilim.crm,Crm,Users,LastCustomerAssignDate,datetime2(7),Evet,,Hayir,,Crm.Activities; Crm.ActivityRecords; Crm.ActivityTypes; Crm.AdForms; Crm.Advices; Crm.Announcement; Crm.AppointmentAssignments; Crm.Areas; Crm.AssignedBidApprovers; Crm.Authorities; Crm.BankDetails; Crm.BankLogs; Crm.Banks; Crm.BidInstallments; Crm.BranchCategories; Crm.CampaignBranches; Crm.CampaignItems; Crm.CampaignSources; Crm.Campaigns; Crm.CashPriceIntervalRates; Crm.ComplaintNotes; Crm.Complaints; Crm.ContractLeavingLogs; Crm.ContractLeavings; Crm.ContractProductDeliveryRange; Crm.ContractProducts; Crm.ContractRevisions; Crm.ContractTemplate; Crm.ContractTemplateVariables; Crm.CostForms; Crm.CostItems; Crm.CostTypes; Crm.Costs; Crm.CustomerLoginFaileds; Crm.CustomerLoginSmsFaileds; Crm.CustomerLogins; Crm.CustomerSources; Crm.Customers; Crm.DailyServicePricePaidLogs; Crm.DataAnalysisLogs; Crm.Debits; Crm.Deliveries; Crm.DeliveryCallHistories; Crm.DeliveryCallNotes; Crm.DeliveryCalls; Crm.DeliveryEmployees; Crm.DeliveryFiles; Crm.DeliveryPayments; Crm.DeliveryRanges; Crm.DeliveryWorkAdvances; Crm.Distraints; Crm.Documents; Crm.DrawCodes; Crm.Draws; Crm.ETesisTerkinContractIbans; Crm.ETesisTerkinIntegrations; Crm.FileTypeCategories; Crm.FileTypes; Crm.Files; Crm.Firms; Crm.GroupProducts; Crm.Groups; Crm.Guarantors; Crm.IntegrationApiLogs; Crm.IntegrationApiLogs250919; Crm.InternetSubeLogs; Crm.Inventories; Crm.InventoryDebits; Crm.InventoryTypes; Crm.InvoiceLogoLogs; Crm.IssueHistories; Crm.Issues; Crm.LeadForms; Crm.LoginFaileds; Crm.Logins; Crm.LogoLogs; Crm.LogoPayments; Crm.LogoServiceLogs; Crm.ManuelLeadForCallCenterQueues; Crm.MobileApplicationConfigurations; Crm.MobileConfigurationSettings; Crm.MobilePhoneNumbers; Crm.ModuleAuths; Crm.Modules; Crm.MortgageCosts; Crm.MortgageInsurances; Crm.MortgageLogs; Crm.MortgagePledgeVehicleBrandModels; Crm.MortgageTypes; Crm.Mortgages; Crm.Nationalities; Crm.NotaryLists; Crm.NotaryResults; Crm.NotificationGroupSubscriber; Crm.NotificationGroups; Crm.NotificationLogs; Crm.NotificationVariables; Crm.Occupations; Crm.OffsetLogs; Crm.OnlineUsers; Crm.Opportunities; Crm.OrganizationAreas; Crm.OrganizationHistories; Crm.OrganizationMonthlyTargets; Crm.Organizations; Crm.Performances; Crm.PlannedPeriodicDeliveryAmounts; Crm.Portfolios; Crm.PosPayments; Crm.PostVirmanQueues; Crm.PremiumBranchRates; Crm.PremiumContracts; Crm.PremiumItems; Crm.PremiumTimingGroups; Crm.PremiumTimings; Crm.PremiumUserTypeRates; Crm.Premiums; Crm.Products; Crm.QualityAnswers; Crm.QualityForms; Crm.QualityNotes; Crm.QualityQuestions; Crm.RepContracts; Crm.RepGifts; Crm.RepIbans; Crm.RepPaymentDetails; Crm.RepPaymentGroups; Crm.RepPayments; Crm.RepPointLogs; Crm.RepPoints; Crm.Reps; Crm.RestDays; Crm.RiskTrackingCosts; Crm.RiskTrackingLawyers; Crm.RiskTrackings; Crm.RoleTargets; Crm.Roles; Crm.ServiceConfigurations; Crm.ServiceRateRanges; Crm.Services; Crm.SetOffLogs; Crm.Simulations; Crm.SmsGroups; Crm.SmsLogs; Crm.SmsTemplates; Crm.SmsVerificationCodes; Crm.SustainabilityFeatureValues; Crm.SustainabilityReports; Crm.TicketHistories; Crm.Tickets; Crm.UnauthorizedProcessLogs; Crm.UserHistories; Crm.UserPortfolios; Crm.UserResponsibleBranches; Crm.UserRoles; Crm.UserTargets; Crm.Users; Crm.VariableIndexGroups; Crm.VariableIndexs; Crm.VirtualPosCommisions; Crm.VirtualPosLogs,
katilim.crm,Crm,Users,LastBranchCustomerAssignDate,datetime2(7),Evet,,Hayir,,Crm.Activities; Crm.ActivityRecords; Crm.ActivityTypes; Crm.AdForms; Crm.Advices; Crm.Announcement; Crm.AppointmentAssignments; Crm.Areas; Crm.AssignedBidApprovers; Crm.Authorities; Crm.BankDetails; Crm.BankLogs; Crm.Banks; Crm.BidInstallments; Crm.BranchCategories; Crm.CampaignBranches; Crm.CampaignItems; Crm.CampaignSources; Crm.Campaigns; Crm.CashPriceIntervalRates; Crm.ComplaintNotes; Crm.Complaints; Crm.ContractLeavingLogs; Crm.ContractLeavings; Crm.ContractProductDeliveryRange; Crm.ContractProducts; Crm.ContractRevisions; Crm.ContractTemplate; Crm.ContractTemplateVariables; Crm.CostForms; Crm.CostItems; Crm.CostTypes; Crm.Costs; Crm.CustomerLoginFaileds; Crm.CustomerLoginSmsFaileds; Crm.CustomerLogins; Crm.CustomerSources; Crm.Customers; Crm.DailyServicePricePaidLogs; Crm.DataAnalysisLogs; Crm.Debits; Crm.Deliveries; Crm.DeliveryCallHistories; Crm.DeliveryCallNotes; Crm.DeliveryCalls; Crm.DeliveryEmployees; Crm.DeliveryFiles; Crm.DeliveryPayments; Crm.DeliveryRanges; Crm.DeliveryWorkAdvances; Crm.Distraints; Crm.Documents; Crm.DrawCodes; Crm.Draws; Crm.ETesisTerkinContractIbans; Crm.ETesisTerkinIntegrations; Crm.FileTypeCategories; Crm.FileTypes; Crm.Files; Crm.Firms; Crm.GroupProducts; Crm.Groups; Crm.Guarantors; Crm.IntegrationApiLogs; Crm.IntegrationApiLogs250919; Crm.InternetSubeLogs; Crm.Inventories; Crm.InventoryDebits; Crm.InventoryTypes; Crm.InvoiceLogoLogs; Crm.IssueHistories; Crm.Issues; Crm.LeadForms; Crm.LoginFaileds; Crm.Logins; Crm.LogoLogs; Crm.LogoPayments; Crm.LogoServiceLogs; Crm.ManuelLeadForCallCenterQueues; Crm.MobileApplicationConfigurations; Crm.MobileConfigurationSettings; Crm.MobilePhoneNumbers; Crm.ModuleAuths; Crm.Modules; Crm.MortgageCosts; Crm.MortgageInsurances; Crm.MortgageLogs; Crm.MortgagePledgeVehicleBrandModels; Crm.MortgageTypes; Crm.Mortgages; Crm.Nationalities; Crm.NotaryLists; Crm.NotaryResults; Crm.NotificationGroupSubscriber; Crm.NotificationGroups; Crm.NotificationLogs; Crm.NotificationVariables; Crm.Occupations; Crm.OffsetLogs; Crm.OnlineUsers; Crm.Opportunities; Crm.OrganizationAreas; Crm.OrganizationHistories; Crm.OrganizationMonthlyTargets; Crm.Organizations; Crm.Performances; Crm.PlannedPeriodicDeliveryAmounts; Crm.Portfolios; Crm.PosPayments; Crm.PostVirmanQueues; Crm.PremiumBranchRates; Crm.PremiumContracts; Crm.PremiumItems; Crm.PremiumTimingGroups; Crm.PremiumTimings; Crm.PremiumUserTypeRates; Crm.Premiums; Crm.Products; Crm.QualityAnswers; Crm.QualityForms; Crm.QualityNotes; Crm.QualityQuestions; Crm.RepContracts; Crm.RepGifts; Crm.RepIbans; Crm.RepPaymentDetails; Crm.RepPaymentGroups; Crm.RepPayments; Crm.RepPointLogs; Crm.RepPoints; Crm.Reps; Crm.RestDays; Crm.RiskTrackingCosts; Crm.RiskTrackingLawyers; Crm.RiskTrackings; Crm.RoleTargets; Crm.Roles; Crm.ServiceConfigurations; Crm.ServiceRateRanges; Crm.Services; Crm.SetOffLogs; Crm.Simulations; Crm.SmsGroups; Crm.SmsLogs; Crm.SmsTemplates; Crm.SmsVerificationCodes; Crm.SustainabilityFeatureValues; Crm.SustainabilityReports; Crm.TicketHistories; Crm.Tickets; Crm.UnauthorizedProcessLogs; Crm.UserHistories; Crm.UserPortfolios; Crm.UserResponsibleBranches; Crm.UserRoles; Crm.UserTargets; Crm.Users; Crm.VariableIndexGroups; Crm.VariableIndexs; Crm.VirtualPosCommisions; Crm.VirtualPosLogs,
katilim.crm,Crm,Users,IsBusy,bit,Hayir,((0)),Hayir,,Crm.Activities; Crm.ActivityRecords; Crm.ActivityTypes; Crm.AdForms; Crm.Advices; Crm.Announcement; Crm.AppointmentAssignments; Crm.Areas; Crm.AssignedBidApprovers; Crm.Authorities; Crm.BankDetails; Crm.BankLogs; Crm.Banks; Crm.BidInstallments; Crm.BranchCategories; Crm.CampaignBranches; Crm.CampaignItems; Crm.CampaignSources; Crm.Campaigns; Crm.CashPriceIntervalRates; Crm.ComplaintNotes; Crm.Complaints; Crm.ContractLeavingLogs; Crm.ContractLeavings; Crm.ContractProductDeliveryRange; Crm.ContractProducts; Crm.ContractRevisions; Crm.ContractTemplate; Crm.ContractTemplateVariables; Crm.CostForms; Crm.CostItems; Crm.CostTypes; Crm.Costs; Crm.CustomerLoginFaileds; Crm.CustomerLoginSmsFaileds; Crm.CustomerLogins; Crm.CustomerSources; Crm.Customers; Crm.DailyServicePricePaidLogs; Crm.DataAnalysisLogs; Crm.Debits; Crm.Deliveries; Crm.DeliveryCallHistories; Crm.DeliveryCallNotes; Crm.DeliveryCalls; Crm.DeliveryEmployees; Crm.DeliveryFiles; Crm.DeliveryPayments; Crm.DeliveryRanges; Crm.DeliveryWorkAdvances; Crm.Distraints; Crm.Documents; Crm.DrawCodes; Crm.Draws; Crm.ETesisTerkinContractIbans; Crm.ETesisTerkinIntegrations; Crm.FileTypeCategories; Crm.FileTypes; Crm.Files; Crm.Firms; Crm.GroupProducts; Crm.Groups; Crm.Guarantors; Crm.IntegrationApiLogs; Crm.IntegrationApiLogs250919; Crm.InternetSubeLogs; Crm.Inventories; Crm.InventoryDebits; Crm.InventoryTypes; Crm.InvoiceLogoLogs; Crm.IssueHistories; Crm.Issues; Crm.LeadForms; Crm.LoginFaileds; Crm.Logins; Crm.LogoLogs; Crm.LogoPayments; Crm.LogoServiceLogs; Crm.ManuelLeadForCallCenterQueues; Crm.MobileApplicationConfigurations; Crm.MobileConfigurationSettings; Crm.MobilePhoneNumbers; Crm.ModuleAuths; Crm.Modules; Crm.MortgageCosts; Crm.MortgageInsurances; Crm.MortgageLogs; Crm.MortgagePledgeVehicleBrandModels; Crm.MortgageTypes; Crm.Mortgages; Crm.Nationalities; Crm.NotaryLists; Crm.NotaryResults; Crm.NotificationGroupSubscriber; Crm.NotificationGroups; Crm.NotificationLogs; Crm.NotificationVariables; Crm.Occupations; Crm.OffsetLogs; Crm.OnlineUsers; Crm.Opportunities; Crm.OrganizationAreas; Crm.OrganizationHistories; Crm.OrganizationMonthlyTargets; Crm.Organizations; Crm.Performances; Crm.PlannedPeriodicDeliveryAmounts; Crm.Portfolios; Crm.PosPayments; Crm.PostVirmanQueues; Crm.PremiumBranchRates; Crm.PremiumContracts; Crm.PremiumItems; Crm.PremiumTimingGroups; Crm.PremiumTimings; Crm.PremiumUserTypeRates; Crm.Premiums; Crm.Products; Crm.QualityAnswers; Crm.QualityForms; Crm.QualityNotes; Crm.QualityQuestions; Crm.RepContracts; Crm.RepGifts; Crm.RepIbans; Crm.RepPaymentDetails; Crm.RepPaymentGroups; Crm.RepPayments; Crm.RepPointLogs; Crm.RepPoints; Crm.Reps; Crm.RestDays; Crm.RiskTrackingCosts; Crm.RiskTrackingLawyers; Crm.RiskTrackings; Crm.RoleTargets; Crm.Roles; Crm.ServiceConfigurations; Crm.ServiceRateRanges; Crm.Services; Crm.SetOffLogs; Crm.Simulations; Crm.SmsGroups; Crm.SmsLogs; Crm.SmsTemplates; Crm.SmsVerificationCodes; Crm.SustainabilityFeatureValues; Crm.SustainabilityReports; Crm.TicketHistories; Crm.Tickets; Crm.UnauthorizedProcessLogs; Crm.UserHistories; Crm.UserPortfolios; Crm.UserResponsibleBranches; Crm.UserRoles; Crm.UserTargets; Crm.Users; Crm.VariableIndexGroups; Crm.VariableIndexs; Crm.VirtualPosCommisions; Crm.VirtualPosLogs,
katilim.crm,Crm,Users,EMail2,nvarchar(50),Evet,,Hayir,,Crm.Activities; Crm.ActivityRecords; Crm.ActivityTypes; Crm.AdForms; Crm.Advices; Crm.Announcement; Crm.AppointmentAssignments; Crm.Areas; Crm.AssignedBidApprovers; Crm.Authorities; Crm.BankDetails; Crm.BankLogs; Crm.Banks; Crm.BidInstallments; Crm.BranchCategories; Crm.CampaignBranches; Crm.CampaignItems; Crm.CampaignSources; Crm.Campaigns; Crm.CashPriceIntervalRates; Crm.ComplaintNotes; Crm.Complaints; Crm.ContractLeavingLogs; Crm.ContractLeavings; Crm.ContractProductDeliveryRange; Crm.ContractProducts; Crm.ContractRevisions; Crm.ContractTemplate; Crm.ContractTemplateVariables; Crm.CostForms; Crm.CostItems; Crm.CostTypes; Crm.Costs; Crm.CustomerLoginFaileds; Crm.CustomerLoginSmsFaileds; Crm.CustomerLogins; Crm.CustomerSources; Crm.Customers; Crm.DailyServicePricePaidLogs; Crm.DataAnalysisLogs; Crm.Debits; Crm.Deliveries; Crm.DeliveryCallHistories; Crm.DeliveryCallNotes; Crm.DeliveryCalls; Crm.DeliveryEmployees; Crm.DeliveryFiles; Crm.DeliveryPayments; Crm.DeliveryRanges; Crm.DeliveryWorkAdvances; Crm.Distraints; Crm.Documents; Crm.DrawCodes; Crm.Draws; Crm.ETesisTerkinContractIbans; Crm.ETesisTerkinIntegrations; Crm.FileTypeCategories; Crm.FileTypes; Crm.Files; Crm.Firms; Crm.GroupProducts; Crm.Groups; Crm.Guarantors; Crm.IntegrationApiLogs; Crm.IntegrationApiLogs250919; Crm.InternetSubeLogs; Crm.Inventories; Crm.InventoryDebits; Crm.InventoryTypes; Crm.InvoiceLogoLogs; Crm.IssueHistories; Crm.Issues; Crm.LeadForms; Crm.LoginFaileds; Crm.Logins; Crm.LogoLogs; Crm.LogoPayments; Crm.LogoServiceLogs; Crm.ManuelLeadForCallCenterQueues; Crm.MobileApplicationConfigurations; Crm.MobileConfigurationSettings; Crm.MobilePhoneNumbers; Crm.ModuleAuths; Crm.Modules; Crm.MortgageCosts; Crm.MortgageInsurances; Crm.MortgageLogs; Crm.MortgagePledgeVehicleBrandModels; Crm.MortgageTypes; Crm.Mortgages; Crm.Nationalities; Crm.NotaryLists; Crm.NotaryResults; Crm.NotificationGroupSubscriber; Crm.NotificationGroups; Crm.NotificationLogs; Crm.NotificationVariables; Crm.Occupations; Crm.OffsetLogs; Crm.OnlineUsers; Crm.Opportunities; Crm.OrganizationAreas; Crm.OrganizationHistories; Crm.OrganizationMonthlyTargets; Crm.Organizations; Crm.Performances; Crm.PlannedPeriodicDeliveryAmounts; Crm.Portfolios; Crm.PosPayments; Crm.PostVirmanQueues; Crm.PremiumBranchRates; Crm.PremiumContracts; Crm.PremiumItems; Crm.PremiumTimingGroups; Crm.PremiumTimings; Crm.PremiumUserTypeRates; Crm.Premiums; Crm.Products; Crm.QualityAnswers; Crm.QualityForms; Crm.QualityNotes; Crm.QualityQuestions; Crm.RepContracts; Crm.RepGifts; Crm.RepIbans; Crm.RepPaymentDetails; Crm.RepPaymentGroups; Crm.RepPayments; Crm.RepPointLogs; Crm.RepPoints; Crm.Reps; Crm.RestDays; Crm.RiskTrackingCosts; Crm.RiskTrackingLawyers; Crm.RiskTrackings; Crm.RoleTargets; Crm.Roles; Crm.ServiceConfigurations; Crm.ServiceRateRanges; Crm.Services; Crm.SetOffLogs; Crm.Simulations; Crm.SmsGroups; Crm.SmsLogs; Crm.SmsTemplates; Crm.SmsVerificationCodes; Crm.SustainabilityFeatureValues; Crm.SustainabilityReports; Crm.TicketHistories; Crm.Tickets; Crm.UnauthorizedProcessLogs; Crm.UserHistories; Crm.UserPortfolios; Crm.UserResponsibleBranches; Crm.UserRoles; Crm.UserTargets; Crm.Users; Crm.VariableIndexGroups; Crm.VariableIndexs; Crm.VirtualPosCommisions; Crm.VirtualPosLogs,
katilim.crm,Crm,Users,Code,nvarchar(100),Evet,,Hayir,,Crm.Activities; Crm.ActivityRecords; Crm.ActivityTypes; Crm.AdForms; Crm.Advices; Crm.Announcement; Crm.AppointmentAssignments; Crm.Areas; Crm.AssignedBidApprovers; Crm.Authorities; Crm.BankDetails; Crm.BankLogs; Crm.Banks; Crm.BidInstallments; Crm.BranchCategories; Crm.CampaignBranches; Crm.CampaignItems; Crm.CampaignSources; Crm.Campaigns; Crm.CashPriceIntervalRates; Crm.ComplaintNotes; Crm.Complaints; Crm.ContractLeavingLogs; Crm.ContractLeavings; Crm.ContractProductDeliveryRange; Crm.ContractProducts; Crm.ContractRevisions; Crm.ContractTemplate; Crm.ContractTemplateVariables; Crm.CostForms; Crm.CostItems; Crm.CostTypes; Crm.Costs; Crm.CustomerLoginFaileds; Crm.CustomerLoginSmsFaileds; Crm.CustomerLogins; Crm.CustomerSources; Crm.Customers; Crm.DailyServicePricePaidLogs; Crm.DataAnalysisLogs; Crm.Debits; Crm.Deliveries; Crm.DeliveryCallHistories; Crm.DeliveryCallNotes; Crm.DeliveryCalls; Crm.DeliveryEmployees; Crm.DeliveryFiles; Crm.DeliveryPayments; Crm.DeliveryRanges; Crm.DeliveryWorkAdvances; Crm.Distraints; Crm.Documents; Crm.DrawCodes; Crm.Draws; Crm.ETesisTerkinContractIbans; Crm.ETesisTerkinIntegrations; Crm.FileTypeCategories; Crm.FileTypes; Crm.Files; Crm.Firms; Crm.GroupProducts; Crm.Groups; Crm.Guarantors; Crm.IntegrationApiLogs; Crm.IntegrationApiLogs250919; Crm.InternetSubeLogs; Crm.Inventories; Crm.InventoryDebits; Crm.InventoryTypes; Crm.InvoiceLogoLogs; Crm.IssueHistories; Crm.Issues; Crm.LeadForms; Crm.LoginFaileds; Crm.Logins; Crm.LogoLogs; Crm.LogoPayments; Crm.LogoServiceLogs; Crm.ManuelLeadForCallCenterQueues; Crm.MobileApplicationConfigurations; Crm.MobileConfigurationSettings; Crm.MobilePhoneNumbers; Crm.ModuleAuths; Crm.Modules; Crm.MortgageCosts; Crm.MortgageInsurances; Crm.MortgageLogs; Crm.MortgagePledgeVehicleBrandModels; Crm.MortgageTypes; Crm.Mortgages; Crm.Nationalities; Crm.NotaryLists; Crm.NotaryResults; Crm.NotificationGroupSubscriber; Crm.NotificationGroups; Crm.NotificationLogs; Crm.NotificationVariables; Crm.Occupations; Crm.OffsetLogs; Crm.OnlineUsers; Crm.Opportunities; Crm.OrganizationAreas; Crm.OrganizationHistories; Crm.OrganizationMonthlyTargets; Crm.Organizations; Crm.Performances; Crm.PlannedPeriodicDeliveryAmounts; Crm.Portfolios; Crm.PosPayments; Crm.PostVirmanQueues; Crm.PremiumBranchRates; Crm.PremiumContracts; Crm.PremiumItems; Crm.PremiumTimingGroups; Crm.PremiumTimings; Crm.PremiumUserTypeRates; Crm.Premiums; Crm.Products; Crm.QualityAnswers; Crm.QualityForms; Crm.QualityNotes; Crm.QualityQuestions; Crm.RepContracts; Crm.RepGifts; Crm.RepIbans; Crm.RepPaymentDetails; Crm.RepPaymentGroups; Crm.RepPayments; Crm.RepPointLogs; Crm.RepPoints; Crm.Reps; Crm.RestDays; Crm.RiskTrackingCosts; Crm.RiskTrackingLawyers; Crm.RiskTrackings; Crm.RoleTargets; Crm.Roles; Crm.ServiceConfigurations; Crm.ServiceRateRanges; Crm.Services; Crm.SetOffLogs; Crm.Simulations; Crm.SmsGroups; Crm.SmsLogs; Crm.SmsTemplates; Crm.SmsVerificationCodes; Crm.SustainabilityFeatureValues; Crm.SustainabilityReports; Crm.TicketHistories; Crm.Tickets; Crm.UnauthorizedProcessLogs; Crm.UserHistories; Crm.UserPortfolios; Crm.UserResponsibleBranches; Crm.UserRoles; Crm.UserTargets; Crm.Users; Crm.VariableIndexGroups; Crm.VariableIndexs; Crm.VirtualPosCommisions; Crm.VirtualPosLogs,
katilim.crm,Crm,Users,IsManager,bit,Hayir,((0)),Hayir,,Crm.Activities; Crm.ActivityRecords; Crm.ActivityTypes; Crm.AdForms; Crm.Advices; Crm.Announcement; Crm.AppointmentAssignments; Crm.Areas; Crm.AssignedBidApprovers; Crm.Authorities; Crm.BankDetails; Crm.BankLogs; Crm.Banks; Crm.BidInstallments; Crm.BranchCategories; Crm.CampaignBranches; Crm.CampaignItems; Crm.CampaignSources; Crm.Campaigns; Crm.CashPriceIntervalRates; Crm.ComplaintNotes; Crm.Complaints; Crm.ContractLeavingLogs; Crm.ContractLeavings; Crm.ContractProductDeliveryRange; Crm.ContractProducts; Crm.ContractRevisions; Crm.ContractTemplate; Crm.ContractTemplateVariables; Crm.CostForms; Crm.CostItems; Crm.CostTypes; Crm.Costs; Crm.CustomerLoginFaileds; Crm.CustomerLoginSmsFaileds; Crm.CustomerLogins; Crm.CustomerSources; Crm.Customers; Crm.DailyServicePricePaidLogs; Crm.DataAnalysisLogs; Crm.Debits; Crm.Deliveries; Crm.DeliveryCallHistories; Crm.DeliveryCallNotes; Crm.DeliveryCalls; Crm.DeliveryEmployees; Crm.DeliveryFiles; Crm.DeliveryPayments; Crm.DeliveryRanges; Crm.DeliveryWorkAdvances; Crm.Distraints; Crm.Documents; Crm.DrawCodes; Crm.Draws; Crm.ETesisTerkinContractIbans; Crm.ETesisTerkinIntegrations; Crm.FileTypeCategories; Crm.FileTypes; Crm.Files; Crm.Firms; Crm.GroupProducts; Crm.Groups; Crm.Guarantors; Crm.IntegrationApiLogs; Crm.IntegrationApiLogs250919; Crm.InternetSubeLogs; Crm.Inventories; Crm.InventoryDebits; Crm.InventoryTypes; Crm.InvoiceLogoLogs; Crm.IssueHistories; Crm.Issues; Crm.LeadForms; Crm.LoginFaileds; Crm.Logins; Crm.LogoLogs; Crm.LogoPayments; Crm.LogoServiceLogs; Crm.ManuelLeadForCallCenterQueues; Crm.MobileApplicationConfigurations; Crm.MobileConfigurationSettings; Crm.MobilePhoneNumbers; Crm.ModuleAuths; Crm.Modules; Crm.MortgageCosts; Crm.MortgageInsurances; Crm.MortgageLogs; Crm.MortgagePledgeVehicleBrandModels; Crm.MortgageTypes; Crm.Mortgages; Crm.Nationalities; Crm.NotaryLists; Crm.NotaryResults; Crm.NotificationGroupSubscriber; Crm.NotificationGroups; Crm.NotificationLogs; Crm.NotificationVariables; Crm.Occupations; Crm.OffsetLogs; Crm.OnlineUsers; Crm.Opportunities; Crm.OrganizationAreas; Crm.OrganizationHistories; Crm.OrganizationMonthlyTargets; Crm.Organizations; Crm.Performances; Crm.PlannedPeriodicDeliveryAmounts; Crm.Portfolios; Crm.PosPayments; Crm.PostVirmanQueues; Crm.PremiumBranchRates; Crm.PremiumContracts; Crm.PremiumItems; Crm.PremiumTimingGroups; Crm.PremiumTimings; Crm.PremiumUserTypeRates; Crm.Premiums; Crm.Products; Crm.QualityAnswers; Crm.QualityForms; Crm.QualityNotes; Crm.QualityQuestions; Crm.RepContracts; Crm.RepGifts; Crm.RepIbans; Crm.RepPaymentDetails; Crm.RepPaymentGroups; Crm.RepPayments; Crm.RepPointLogs; Crm.RepPoints; Crm.Reps; Crm.RestDays; Crm.RiskTrackingCosts; Crm.RiskTrackingLawyers; Crm.RiskTrackings; Crm.RoleTargets; Crm.Roles; Crm.ServiceConfigurations; Crm.ServiceRateRanges; Crm.Services; Crm.SetOffLogs; Crm.Simulations; Crm.SmsGroups; Crm.SmsLogs; Crm.SmsTemplates; Crm.SmsVerificationCodes; Crm.SustainabilityFeatureValues; Crm.SustainabilityReports; Crm.TicketHistories; Crm.Tickets; Crm.UnauthorizedProcessLogs; Crm.UserHistories; Crm.UserPortfolios; Crm.UserResponsibleBranches; Crm.UserRoles; Crm.UserTargets; Crm.Users; Crm.VariableIndexGroups; Crm.VariableIndexs; Crm.VirtualPosCommisions; Crm.VirtualPosLogs,
katilim.crm,Crm,Users,LastAppointmentAssignDate,datetime2(7),Evet,,Hayir,,Crm.Activities; Crm.ActivityRecords; Crm.ActivityTypes; Crm.AdForms; Crm.Advices; Crm.Announcement; Crm.AppointmentAssignments; Crm.Areas; Crm.AssignedBidApprovers; Crm.Authorities; Crm.BankDetails; Crm.BankLogs; Crm.Banks; Crm.BidInstallments; Crm.BranchCategories; Crm.CampaignBranches; Crm.CampaignItems; Crm.CampaignSources; Crm.Campaigns; Crm.CashPriceIntervalRates; Crm.ComplaintNotes; Crm.Complaints; Crm.ContractLeavingLogs; Crm.ContractLeavings; Crm.ContractProductDeliveryRange; Crm.ContractProducts; Crm.ContractRevisions; Crm.ContractTemplate; Crm.ContractTemplateVariables; Crm.CostForms; Crm.CostItems; Crm.CostTypes; Crm.Costs; Crm.CustomerLoginFaileds; Crm.CustomerLoginSmsFaileds; Crm.CustomerLogins; Crm.CustomerSources; Crm.Customers; Crm.DailyServicePricePaidLogs; Crm.DataAnalysisLogs; Crm.Debits; Crm.Deliveries; Crm.DeliveryCallHistories; Crm.DeliveryCallNotes; Crm.DeliveryCalls; Crm.DeliveryEmployees; Crm.DeliveryFiles; Crm.DeliveryPayments; Crm.DeliveryRanges; Crm.DeliveryWorkAdvances; Crm.Distraints; Crm.Documents; Crm.DrawCodes; Crm.Draws; Crm.ETesisTerkinContractIbans; Crm.ETesisTerkinIntegrations; Crm.FileTypeCategories; Crm.FileTypes; Crm.Files; Crm.Firms; Crm.GroupProducts; Crm.Groups; Crm.Guarantors; Crm.IntegrationApiLogs; Crm.IntegrationApiLogs250919; Crm.InternetSubeLogs; Crm.Inventories; Crm.InventoryDebits; Crm.InventoryTypes; Crm.InvoiceLogoLogs; Crm.IssueHistories; Crm.Issues; Crm.LeadForms; Crm.LoginFaileds; Crm.Logins; Crm.LogoLogs; Crm.LogoPayments; Crm.LogoServiceLogs; Crm.ManuelLeadForCallCenterQueues; Crm.MobileApplicationConfigurations; Crm.MobileConfigurationSettings; Crm.MobilePhoneNumbers; Crm.ModuleAuths; Crm.Modules; Crm.MortgageCosts; Crm.MortgageInsurances; Crm.MortgageLogs; Crm.MortgagePledgeVehicleBrandModels; Crm.MortgageTypes; Crm.Mortgages; Crm.Nationalities; Crm.NotaryLists; Crm.NotaryResults; Crm.NotificationGroupSubscriber; Crm.NotificationGroups; Crm.NotificationLogs; Crm.NotificationVariables; Crm.Occupations; Crm.OffsetLogs; Crm.OnlineUsers; Crm.Opportunities; Crm.OrganizationAreas; Crm.OrganizationHistories; Crm.OrganizationMonthlyTargets; Crm.Organizations; Crm.Performances; Crm.PlannedPeriodicDeliveryAmounts; Crm.Portfolios; Crm.PosPayments; Crm.PostVirmanQueues; Crm.PremiumBranchRates; Crm.PremiumContracts; Crm.PremiumItems; Crm.PremiumTimingGroups; Crm.PremiumTimings; Crm.PremiumUserTypeRates; Crm.Premiums; Crm.Products; Crm.QualityAnswers; Crm.QualityForms; Crm.QualityNotes; Crm.QualityQuestions; Crm.RepContracts; Crm.RepGifts; Crm.RepIbans; Crm.RepPaymentDetails; Crm.RepPaymentGroups; Crm.RepPayments; Crm.RepPointLogs; Crm.RepPoints; Crm.Reps; Crm.RestDays; Crm.RiskTrackingCosts; Crm.RiskTrackingLawyers; Crm.RiskTrackings; Crm.RoleTargets; Crm.Roles; Crm.ServiceConfigurations; Crm.ServiceRateRanges; Crm.Services; Crm.SetOffLogs; Crm.Simulations; Crm.SmsGroups; Crm.SmsLogs; Crm.SmsTemplates; Crm.SmsVerificationCodes; Crm.SustainabilityFeatureValues; Crm.SustainabilityReports; Crm.TicketHistories; Crm.Tickets; Crm.UnauthorizedProcessLogs; Crm.UserHistories; Crm.UserPortfolios; Crm.UserResponsibleBranches; Crm.UserRoles; Crm.UserTargets; Crm.Users; Crm.VariableIndexGroups; Crm.VariableIndexs; Crm.VirtualPosCommisions; Crm.VirtualPosLogs,
katilim.crm,Crm,Users,InternalPhone,nvarchar(50),Evet,,Hayir,,Crm.Activities; Crm.ActivityRecords; Crm.ActivityTypes; Crm.AdForms; Crm.Advices; Crm.Announcement; Crm.AppointmentAssignments; Crm.Areas; Crm.AssignedBidApprovers; Crm.Authorities; Crm.BankDetails; Crm.BankLogs; Crm.Banks; Crm.BidInstallments; Crm.BranchCategories; Crm.CampaignBranches; Crm.CampaignItems; Crm.CampaignSources; Crm.Campaigns; Crm.CashPriceIntervalRates; Crm.ComplaintNotes; Crm.Complaints; Crm.ContractLeavingLogs; Crm.ContractLeavings; Crm.ContractProductDeliveryRange; Crm.ContractProducts; Crm.ContractRevisions; Crm.ContractTemplate; Crm.ContractTemplateVariables; Crm.CostForms; Crm.CostItems; Crm.CostTypes; Crm.Costs; Crm.CustomerLoginFaileds; Crm.CustomerLoginSmsFaileds; Crm.CustomerLogins; Crm.CustomerSources; Crm.Customers; Crm.DailyServicePricePaidLogs; Crm.DataAnalysisLogs; Crm.Debits; Crm.Deliveries; Crm.DeliveryCallHistories; Crm.DeliveryCallNotes; Crm.DeliveryCalls; Crm.DeliveryEmployees; Crm.DeliveryFiles; Crm.DeliveryPayments; Crm.DeliveryRanges; Crm.DeliveryWorkAdvances; Crm.Distraints; Crm.Documents; Crm.DrawCodes; Crm.Draws; Crm.ETesisTerkinContractIbans; Crm.ETesisTerkinIntegrations; Crm.FileTypeCategories; Crm.FileTypes; Crm.Files; Crm.Firms; Crm.GroupProducts; Crm.Groups; Crm.Guarantors; Crm.IntegrationApiLogs; Crm.IntegrationApiLogs250919; Crm.InternetSubeLogs; Crm.Inventories; Crm.InventoryDebits; Crm.InventoryTypes; Crm.InvoiceLogoLogs; Crm.IssueHistories; Crm.Issues; Crm.LeadForms; Crm.LoginFaileds; Crm.Logins; Crm.LogoLogs; Crm.LogoPayments; Crm.LogoServiceLogs; Crm.ManuelLeadForCallCenterQueues; Crm.MobileApplicationConfigurations; Crm.MobileConfigurationSettings; Crm.MobilePhoneNumbers; Crm.ModuleAuths; Crm.Modules; Crm.MortgageCosts; Crm.MortgageInsurances; Crm.MortgageLogs; Crm.MortgagePledgeVehicleBrandModels; Crm.MortgageTypes; Crm.Mortgages; Crm.Nationalities; Crm.NotaryLists; Crm.NotaryResults; Crm.NotificationGroupSubscriber; Crm.NotificationGroups; Crm.NotificationLogs; Crm.NotificationVariables; Crm.Occupations; Crm.OffsetLogs; Crm.OnlineUsers; Crm.Opportunities; Crm.OrganizationAreas; Crm.OrganizationHistories; Crm.OrganizationMonthlyTargets; Crm.Organizations; Crm.Performances; Crm.PlannedPeriodicDeliveryAmounts; Crm.Portfolios; Crm.PosPayments; Crm.PostVirmanQueues; Crm.PremiumBranchRates; Crm.PremiumContracts; Crm.PremiumItems; Crm.PremiumTimingGroups; Crm.PremiumTimings; Crm.PremiumUserTypeRates; Crm.Premiums; Crm.Products; Crm.QualityAnswers; Crm.QualityForms; Crm.QualityNotes; Crm.QualityQuestions; Crm.RepContracts; Crm.RepGifts; Crm.RepIbans; Crm.RepPaymentDetails; Crm.RepPaymentGroups; Crm.RepPayments; Crm.RepPointLogs; Crm.RepPoints; Crm.Reps; Crm.RestDays; Crm.RiskTrackingCosts; Crm.RiskTrackingLawyers; Crm.RiskTrackings; Crm.RoleTargets; Crm.Roles; Crm.ServiceConfigurations; Crm.ServiceRateRanges; Crm.Services; Crm.SetOffLogs; Crm.Simulations; Crm.SmsGroups; Crm.SmsLogs; Crm.SmsTemplates; Crm.SmsVerificationCodes; Crm.SustainabilityFeatureValues; Crm.SustainabilityReports; Crm.TicketHistories; Crm.Tickets; Crm.UnauthorizedProcessLogs; Crm.UserHistories; Crm.UserPortfolios; Crm.UserResponsibleBranches; Crm.UserRoles; Crm.UserTargets; Crm.Users; Crm.VariableIndexGroups; Crm.VariableIndexs; Crm.VirtualPosCommisions; Crm.VirtualPosLogs,
katilim.crm,Crm,Users,Image,nvarchar(200),Evet,,Hayir,,Crm.Activities; Crm.ActivityRecords; Crm.ActivityTypes; Crm.AdForms; Crm.Advices; Crm.Announcement; Crm.AppointmentAssignments; Crm.Areas; Crm.AssignedBidApprovers; Crm.Authorities; Crm.BankDetails; Crm.BankLogs; Crm.Banks; Crm.BidInstallments; Crm.BranchCategories; Crm.CampaignBranches; Crm.CampaignItems; Crm.CampaignSources; Crm.Campaigns; Crm.CashPriceIntervalRates; Crm.ComplaintNotes; Crm.Complaints; Crm.ContractLeavingLogs; Crm.ContractLeavings; Crm.ContractProductDeliveryRange; Crm.ContractProducts; Crm.ContractRevisions; Crm.ContractTemplate; Crm.ContractTemplateVariables; Crm.CostForms; Crm.CostItems; Crm.CostTypes; Crm.Costs; Crm.CustomerLoginFaileds; Crm.CustomerLoginSmsFaileds; Crm.CustomerLogins; Crm.CustomerSources; Crm.Customers; Crm.DailyServicePricePaidLogs; Crm.DataAnalysisLogs; Crm.Debits; Crm.Deliveries; Crm.DeliveryCallHistories; Crm.DeliveryCallNotes; Crm.DeliveryCalls; Crm.DeliveryEmployees; Crm.DeliveryFiles; Crm.DeliveryPayments; Crm.DeliveryRanges; Crm.DeliveryWorkAdvances; Crm.Distraints; Crm.Documents; Crm.DrawCodes; Crm.Draws; Crm.ETesisTerkinContractIbans; Crm.ETesisTerkinIntegrations; Crm.FileTypeCategories; Crm.FileTypes; Crm.Files; Crm.Firms; Crm.GroupProducts; Crm.Groups; Crm.Guarantors; Crm.IntegrationApiLogs; Crm.IntegrationApiLogs250919; Crm.InternetSubeLogs; Crm.Inventories; Crm.InventoryDebits; Crm.InventoryTypes; Crm.InvoiceLogoLogs; Crm.IssueHistories; Crm.Issues; Crm.LeadForms; Crm.LoginFaileds; Crm.Logins; Crm.LogoLogs; Crm.LogoPayments; Crm.LogoServiceLogs; Crm.ManuelLeadForCallCenterQueues; Crm.MobileApplicationConfigurations; Crm.MobileConfigurationSettings; Crm.MobilePhoneNumbers; Crm.ModuleAuths; Crm.Modules; Crm.MortgageCosts; Crm.MortgageInsurances; Crm.MortgageLogs; Crm.MortgagePledgeVehicleBrandModels; Crm.MortgageTypes; Crm.Mortgages; Crm.Nationalities; Crm.NotaryLists; Crm.NotaryResults; Crm.NotificationGroupSubscriber; Crm.NotificationGroups; Crm.NotificationLogs; Crm.NotificationVariables; Crm.Occupations; Crm.OffsetLogs; Crm.OnlineUsers; Crm.Opportunities; Crm.OrganizationAreas; Crm.OrganizationHistories; Crm.OrganizationMonthlyTargets; Crm.Organizations; Crm.Performances; Crm.PlannedPeriodicDeliveryAmounts; Crm.Portfolios; Crm.PosPayments; Crm.PostVirmanQueues; Crm.PremiumBranchRates; Crm.PremiumContracts; Crm.PremiumItems; Crm.PremiumTimingGroups; Crm.PremiumTimings; Crm.PremiumUserTypeRates; Crm.Premiums; Crm.Products; Crm.QualityAnswers; Crm.QualityForms; Crm.QualityNotes; Crm.QualityQuestions; Crm.RepContracts; Crm.RepGifts; Crm.RepIbans; Crm.RepPaymentDetails; Crm.RepPaymentGroups; Crm.RepPayments; Crm.RepPointLogs; Crm.RepPoints; Crm.Reps; Crm.RestDays; Crm.RiskTrackingCosts; Crm.RiskTrackingLawyers; Crm.RiskTrackings; Crm.RoleTargets; Crm.Roles; Crm.ServiceConfigurations; Crm.ServiceRateRanges; Crm.Services; Crm.SetOffLogs; Crm.Simulations; Crm.SmsGroups; Crm.SmsLogs; Crm.SmsTemplates; Crm.SmsVerificationCodes; Crm.SustainabilityFeatureValues; Crm.SustainabilityReports; Crm.TicketHistories; Crm.Tickets; Crm.UnauthorizedProcessLogs; Crm.UserHistories; Crm.UserPortfolios; Crm.UserResponsibleBranches; Crm.UserRoles; Crm.UserTargets; Crm.Users; Crm.VariableIndexGroups; Crm.VariableIndexs; Crm.VirtualPosCommisions; Crm.VirtualPosLogs,
katilim.crm,Crm,Users,Tckno,nvarchar(50),Evet,,Hayir,,Crm.Activities; Crm.ActivityRecords; Crm.ActivityTypes; Crm.AdForms; Crm.Advices; Crm.Announcement; Crm.AppointmentAssignments; Crm.Areas; Crm.AssignedBidApprovers; Crm.Authorities; Crm.BankDetails; Crm.BankLogs; Crm.Banks; Crm.BidInstallments; Crm.BranchCategories; Crm.CampaignBranches; Crm.CampaignItems; Crm.CampaignSources; Crm.Campaigns; Crm.CashPriceIntervalRates; Crm.ComplaintNotes; Crm.Complaints; Crm.ContractLeavingLogs; Crm.ContractLeavings; Crm.ContractProductDeliveryRange; Crm.ContractProducts; Crm.ContractRevisions; Crm.ContractTemplate; Crm.ContractTemplateVariables; Crm.CostForms; Crm.CostItems; Crm.CostTypes; Crm.Costs; Crm.CustomerLoginFaileds; Crm.CustomerLoginSmsFaileds; Crm.CustomerLogins; Crm.CustomerSources; Crm.Customers; Crm.DailyServicePricePaidLogs; Crm.DataAnalysisLogs; Crm.Debits; Crm.Deliveries; Crm.DeliveryCallHistories; Crm.DeliveryCallNotes; Crm.DeliveryCalls; Crm.DeliveryEmployees; Crm.DeliveryFiles; Crm.DeliveryPayments; Crm.DeliveryRanges; Crm.DeliveryWorkAdvances; Crm.Distraints; Crm.Documents; Crm.DrawCodes; Crm.Draws; Crm.ETesisTerkinContractIbans; Crm.ETesisTerkinIntegrations; Crm.FileTypeCategories; Crm.FileTypes; Crm.Files; Crm.Firms; Crm.GroupProducts; Crm.Groups; Crm.Guarantors; Crm.IntegrationApiLogs; Crm.IntegrationApiLogs250919; Crm.InternetSubeLogs; Crm.Inventories; Crm.InventoryDebits; Crm.InventoryTypes; Crm.InvoiceLogoLogs; Crm.IssueHistories; Crm.Issues; Crm.LeadForms; Crm.LoginFaileds; Crm.Logins; Crm.LogoLogs; Crm.LogoPayments; Crm.LogoServiceLogs; Crm.ManuelLeadForCallCenterQueues; Crm.MobileApplicationConfigurations; Crm.MobileConfigurationSettings; Crm.MobilePhoneNumbers; Crm.ModuleAuths; Crm.Modules; Crm.MortgageCosts; Crm.MortgageInsurances; Crm.MortgageLogs; Crm.MortgagePledgeVehicleBrandModels; Crm.MortgageTypes; Crm.Mortgages; Crm.Nationalities; Crm.NotaryLists; Crm.NotaryResults; Crm.NotificationGroupSubscriber; Crm.NotificationGroups; Crm.NotificationLogs; Crm.NotificationVariables; Crm.Occupations; Crm.OffsetLogs; Crm.OnlineUsers; Crm.Opportunities; Crm.OrganizationAreas; Crm.OrganizationHistories; Crm.OrganizationMonthlyTargets; Crm.Organizations; Crm.Performances; Crm.PlannedPeriodicDeliveryAmounts; Crm.Portfolios; Crm.PosPayments; Crm.PostVirmanQueues; Crm.PremiumBranchRates; Crm.PremiumContracts; Crm.PremiumItems; Crm.PremiumTimingGroups; Crm.PremiumTimings; Crm.PremiumUserTypeRates; Crm.Premiums; Crm.Products; Crm.QualityAnswers; Crm.QualityForms; Crm.QualityNotes; Crm.QualityQuestions; Crm.RepContracts; Crm.RepGifts; Crm.RepIbans; Crm.RepPaymentDetails; Crm.RepPaymentGroups; Crm.RepPayments; Crm.RepPointLogs; Crm.RepPoints; Crm.Reps; Crm.RestDays; Crm.RiskTrackingCosts; Crm.RiskTrackingLawyers; Crm.RiskTrackings; Crm.RoleTargets; Crm.Roles; Crm.ServiceConfigurations; Crm.ServiceRateRanges; Crm.Services; Crm.SetOffLogs; Crm.Simulations; Crm.SmsGroups; Crm.SmsLogs; Crm.SmsTemplates; Crm.SmsVerificationCodes; Crm.SustainabilityFeatureValues; Crm.SustainabilityReports; Crm.TicketHistories; Crm.Tickets; Crm.UnauthorizedProcessLogs; Crm.UserHistories; Crm.UserPortfolios; Crm.UserResponsibleBranches; Crm.UserRoles; Crm.UserTargets; Crm.Users; Crm.VariableIndexGroups; Crm.VariableIndexs; Crm.VirtualPosCommisions; Crm.VirtualPosLogs,
katilim.crm,Crm,Users,IBAN,nvarchar(50),Evet,,Hayir,,Crm.Activities; Crm.ActivityRecords; Crm.ActivityTypes; Crm.AdForms; Crm.Advices; Crm.Announcement; Crm.AppointmentAssignments; Crm.Areas; Crm.AssignedBidApprovers; Crm.Authorities; Crm.BankDetails; Crm.BankLogs; Crm.Banks; Crm.BidInstallments; Crm.BranchCategories; Crm.CampaignBranches; Crm.CampaignItems; Crm.CampaignSources; Crm.Campaigns; Crm.CashPriceIntervalRates; Crm.ComplaintNotes; Crm.Complaints; Crm.ContractLeavingLogs; Crm.ContractLeavings; Crm.ContractProductDeliveryRange; Crm.ContractProducts; Crm.ContractRevisions; Crm.ContractTemplate; Crm.ContractTemplateVariables; Crm.CostForms; Crm.CostItems; Crm.CostTypes; Crm.Costs; Crm.CustomerLoginFaileds; Crm.CustomerLoginSmsFaileds; Crm.CustomerLogins; Crm.CustomerSources; Crm.Customers; Crm.DailyServicePricePaidLogs; Crm.DataAnalysisLogs; Crm.Debits; Crm.Deliveries; Crm.DeliveryCallHistories; Crm.DeliveryCallNotes; Crm.DeliveryCalls; Crm.DeliveryEmployees; Crm.DeliveryFiles; Crm.DeliveryPayments; Crm.DeliveryRanges; Crm.DeliveryWorkAdvances; Crm.Distraints; Crm.Documents; Crm.DrawCodes; Crm.Draws; Crm.ETesisTerkinContractIbans; Crm.ETesisTerkinIntegrations; Crm.FileTypeCategories; Crm.FileTypes; Crm.Files; Crm.Firms; Crm.GroupProducts; Crm.Groups; Crm.Guarantors; Crm.IntegrationApiLogs; Crm.IntegrationApiLogs250919; Crm.InternetSubeLogs; Crm.Inventories; Crm.InventoryDebits; Crm.InventoryTypes; Crm.InvoiceLogoLogs; Crm.IssueHistories; Crm.Issues; Crm.LeadForms; Crm.LoginFaileds; Crm.Logins; Crm.LogoLogs; Crm.LogoPayments; Crm.LogoServiceLogs; Crm.ManuelLeadForCallCenterQueues; Crm.MobileApplicationConfigurations; Crm.MobileConfigurationSettings; Crm.MobilePhoneNumbers; Crm.ModuleAuths; Crm.Modules; Crm.MortgageCosts; Crm.MortgageInsurances; Crm.MortgageLogs; Crm.MortgagePledgeVehicleBrandModels; Crm.MortgageTypes; Crm.Mortgages; Crm.Nationalities; Crm.NotaryLists; Crm.NotaryResults; Crm.NotificationGroupSubscriber; Crm.NotificationGroups; Crm.NotificationLogs; Crm.NotificationVariables; Crm.Occupations; Crm.OffsetLogs; Crm.OnlineUsers; Crm.Opportunities; Crm.OrganizationAreas; Crm.OrganizationHistories; Crm.OrganizationMonthlyTargets; Crm.Organizations; Crm.Performances; Crm.PlannedPeriodicDeliveryAmounts; Crm.Portfolios; Crm.PosPayments; Crm.PostVirmanQueues; Crm.PremiumBranchRates; Crm.PremiumContracts; Crm.PremiumItems; Crm.PremiumTimingGroups; Crm.PremiumTimings; Crm.PremiumUserTypeRates; Crm.Premiums; Crm.Products; Crm.QualityAnswers; Crm.QualityForms; Crm.QualityNotes; Crm.QualityQuestions; Crm.RepContracts; Crm.RepGifts; Crm.RepIbans; Crm.RepPaymentDetails; Crm.RepPaymentGroups; Crm.RepPayments; Crm.RepPointLogs; Crm.RepPoints; Crm.Reps; Crm.RestDays; Crm.RiskTrackingCosts; Crm.RiskTrackingLawyers; Crm.RiskTrackings; Crm.RoleTargets; Crm.Roles; Crm.ServiceConfigurations; Crm.ServiceRateRanges; Crm.Services; Crm.SetOffLogs; Crm.Simulations; Crm.SmsGroups; Crm.SmsLogs; Crm.SmsTemplates; Crm.SmsVerificationCodes; Crm.SustainabilityFeatureValues; Crm.SustainabilityReports; Crm.TicketHistories; Crm.Tickets; Crm.UnauthorizedProcessLogs; Crm.UserHistories; Crm.UserPortfolios; Crm.UserResponsibleBranches; Crm.UserRoles; Crm.UserTargets; Crm.Users; Crm.VariableIndexGroups; Crm.VariableIndexs; Crm.VirtualPosCommisions; Crm.VirtualPosLogs,
katilim.crm,Crm,Users,CostCode,nvarchar(100),Evet,,Hayir,,Crm.Activities; Crm.ActivityRecords; Crm.ActivityTypes; Crm.AdForms; Crm.Advices; Crm.Announcement; Crm.AppointmentAssignments; Crm.Areas; Crm.AssignedBidApprovers; Crm.Authorities; Crm.BankDetails; Crm.BankLogs; Crm.Banks; Crm.BidInstallments; Crm.BranchCategories; Crm.CampaignBranches; Crm.CampaignItems; Crm.CampaignSources; Crm.Campaigns; Crm.CashPriceIntervalRates; Crm.ComplaintNotes; Crm.Complaints; Crm.ContractLeavingLogs; Crm.ContractLeavings; Crm.ContractProductDeliveryRange; Crm.ContractProducts; Crm.ContractRevisions; Crm.ContractTemplate; Crm.ContractTemplateVariables; Crm.CostForms; Crm.CostItems; Crm.CostTypes; Crm.Costs; Crm.CustomerLoginFaileds; Crm.CustomerLoginSmsFaileds; Crm.CustomerLogins; Crm.CustomerSources; Crm.Customers; Crm.DailyServicePricePaidLogs; Crm.DataAnalysisLogs; Crm.Debits; Crm.Deliveries; Crm.DeliveryCallHistories; Crm.DeliveryCallNotes; Crm.DeliveryCalls; Crm.DeliveryEmployees; Crm.DeliveryFiles; Crm.DeliveryPayments; Crm.DeliveryRanges; Crm.DeliveryWorkAdvances; Crm.Distraints; Crm.Documents; Crm.DrawCodes; Crm.Draws; Crm.ETesisTerkinContractIbans; Crm.ETesisTerkinIntegrations; Crm.FileTypeCategories; Crm.FileTypes; Crm.Files; Crm.Firms; Crm.GroupProducts; Crm.Groups; Crm.Guarantors; Crm.IntegrationApiLogs; Crm.IntegrationApiLogs250919; Crm.InternetSubeLogs; Crm.Inventories; Crm.InventoryDebits; Crm.InventoryTypes; Crm.InvoiceLogoLogs; Crm.IssueHistories; Crm.Issues; Crm.LeadForms; Crm.LoginFaileds; Crm.Logins; Crm.LogoLogs; Crm.LogoPayments; Crm.LogoServiceLogs; Crm.ManuelLeadForCallCenterQueues; Crm.MobileApplicationConfigurations; Crm.MobileConfigurationSettings; Crm.MobilePhoneNumbers; Crm.ModuleAuths; Crm.Modules; Crm.MortgageCosts; Crm.MortgageInsurances; Crm.MortgageLogs; Crm.MortgagePledgeVehicleBrandModels; Crm.MortgageTypes; Crm.Mortgages; Crm.Nationalities; Crm.NotaryLists; Crm.NotaryResults; Crm.NotificationGroupSubscriber; Crm.NotificationGroups; Crm.NotificationLogs; Crm.NotificationVariables; Crm.Occupations; Crm.OffsetLogs; Crm.OnlineUsers; Crm.Opportunities; Crm.OrganizationAreas; Crm.OrganizationHistories; Crm.OrganizationMonthlyTargets; Crm.Organizations; Crm.Performances; Crm.PlannedPeriodicDeliveryAmounts; Crm.Portfolios; Crm.PosPayments; Crm.PostVirmanQueues; Crm.PremiumBranchRates; Crm.PremiumContracts; Crm.PremiumItems; Crm.PremiumTimingGroups; Crm.PremiumTimings; Crm.PremiumUserTypeRates; Crm.Premiums; Crm.Products; Crm.QualityAnswers; Crm.QualityForms; Crm.QualityNotes; Crm.QualityQuestions; Crm.RepContracts; Crm.RepGifts; Crm.RepIbans; Crm.RepPaymentDetails; Crm.RepPaymentGroups; Crm.RepPayments; Crm.RepPointLogs; Crm.RepPoints; Crm.Reps; Crm.RestDays; Crm.RiskTrackingCosts; Crm.RiskTrackingLawyers; Crm.RiskTrackings; Crm.RoleTargets; Crm.Roles; Crm.ServiceConfigurations; Crm.ServiceRateRanges; Crm.Services; Crm.SetOffLogs; Crm.Simulations; Crm.SmsGroups; Crm.SmsLogs; Crm.SmsTemplates; Crm.SmsVerificationCodes; Crm.SustainabilityFeatureValues; Crm.SustainabilityReports; Crm.TicketHistories; Crm.Tickets; Crm.UnauthorizedProcessLogs; Crm.UserHistories; Crm.UserPortfolios; Crm.UserResponsibleBranches; Crm.UserRoles; Crm.UserTargets; Crm.Users; Crm.VariableIndexGroups; Crm.VariableIndexs; Crm.VirtualPosCommisions; Crm.VirtualPosLogs,
katilim.crm,Crm,Users,CurrentCode,nvarchar(100),Evet,,Hayir,,Crm.Activities; Crm.ActivityRecords; Crm.ActivityTypes; Crm.AdForms; Crm.Advices; Crm.Announcement; Crm.AppointmentAssignments; Crm.Areas; Crm.AssignedBidApprovers; Crm.Authorities; Crm.BankDetails; Crm.BankLogs; Crm.Banks; Crm.BidInstallments; Crm.BranchCategories; Crm.CampaignBranches; Crm.CampaignItems; Crm.CampaignSources; Crm.Campaigns; Crm.CashPriceIntervalRates; Crm.ComplaintNotes; Crm.Complaints; Crm.ContractLeavingLogs; Crm.ContractLeavings; Crm.ContractProductDeliveryRange; Crm.ContractProducts; Crm.ContractRevisions; Crm.ContractTemplate; Crm.ContractTemplateVariables; Crm.CostForms; Crm.CostItems; Crm.CostTypes; Crm.Costs; Crm.CustomerLoginFaileds; Crm.CustomerLoginSmsFaileds; Crm.CustomerLogins; Crm.CustomerSources; Crm.Customers; Crm.DailyServicePricePaidLogs; Crm.DataAnalysisLogs; Crm.Debits; Crm.Deliveries; Crm.DeliveryCallHistories; Crm.DeliveryCallNotes; Crm.DeliveryCalls; Crm.DeliveryEmployees; Crm.DeliveryFiles; Crm.DeliveryPayments; Crm.DeliveryRanges; Crm.DeliveryWorkAdvances; Crm.Distraints; Crm.Documents; Crm.DrawCodes; Crm.Draws; Crm.ETesisTerkinContractIbans; Crm.ETesisTerkinIntegrations; Crm.FileTypeCategories; Crm.FileTypes; Crm.Files; Crm.Firms; Crm.GroupProducts; Crm.Groups; Crm.Guarantors; Crm.IntegrationApiLogs; Crm.IntegrationApiLogs250919; Crm.InternetSubeLogs; Crm.Inventories; Crm.InventoryDebits; Crm.InventoryTypes; Crm.InvoiceLogoLogs; Crm.IssueHistories; Crm.Issues; Crm.LeadForms; Crm.LoginFaileds; Crm.Logins; Crm.LogoLogs; Crm.LogoPayments; Crm.LogoServiceLogs; Crm.ManuelLeadForCallCenterQueues; Crm.MobileApplicationConfigurations; Crm.MobileConfigurationSettings; Crm.MobilePhoneNumbers; Crm.ModuleAuths; Crm.Modules; Crm.MortgageCosts; Crm.MortgageInsurances; Crm.MortgageLogs; Crm.MortgagePledgeVehicleBrandModels; Crm.MortgageTypes; Crm.Mortgages; Crm.Nationalities; Crm.NotaryLists; Crm.NotaryResults; Crm.NotificationGroupSubscriber; Crm.NotificationGroups; Crm.NotificationLogs; Crm.NotificationVariables; Crm.Occupations; Crm.OffsetLogs; Crm.OnlineUsers; Crm.Opportunities; Crm.OrganizationAreas; Crm.OrganizationHistories; Crm.OrganizationMonthlyTargets; Crm.Organizations; Crm.Performances; Crm.PlannedPeriodicDeliveryAmounts; Crm.Portfolios; Crm.PosPayments; Crm.PostVirmanQueues; Crm.PremiumBranchRates; Crm.PremiumContracts; Crm.PremiumItems; Crm.PremiumTimingGroups; Crm.PremiumTimings; Crm.PremiumUserTypeRates; Crm.Premiums; Crm.Products; Crm.QualityAnswers; Crm.QualityForms; Crm.QualityNotes; Crm.QualityQuestions; Crm.RepContracts; Crm.RepGifts; Crm.RepIbans; Crm.RepPaymentDetails; Crm.RepPaymentGroups; Crm.RepPayments; Crm.RepPointLogs; Crm.RepPoints; Crm.Reps; Crm.RestDays; Crm.RiskTrackingCosts; Crm.RiskTrackingLawyers; Crm.RiskTrackings; Crm.RoleTargets; Crm.Roles; Crm.ServiceConfigurations; Crm.ServiceRateRanges; Crm.Services; Crm.SetOffLogs; Crm.Simulations; Crm.SmsGroups; Crm.SmsLogs; Crm.SmsTemplates; Crm.SmsVerificationCodes; Crm.SustainabilityFeatureValues; Crm.SustainabilityReports; Crm.TicketHistories; Crm.Tickets; Crm.UnauthorizedProcessLogs; Crm.UserHistories; Crm.UserPortfolios; Crm.UserResponsibleBranches; Crm.UserRoles; Crm.UserTargets; Crm.Users; Crm.VariableIndexGroups; Crm.VariableIndexs; Crm.VirtualPosCommisions; Crm.VirtualPosLogs,
katilim.crm,Crm,Users,DateOfBirth,datetime2(7),Evet,,Hayir,,Crm.Activities; Crm.ActivityRecords; Crm.ActivityTypes; Crm.AdForms; Crm.Advices; Crm.Announcement; Crm.AppointmentAssignments; Crm.Areas; Crm.AssignedBidApprovers; Crm.Authorities; Crm.BankDetails; Crm.BankLogs; Crm.Banks; Crm.BidInstallments; Crm.BranchCategories; Crm.CampaignBranches; Crm.CampaignItems; Crm.CampaignSources; Crm.Campaigns; Crm.CashPriceIntervalRates; Crm.ComplaintNotes; Crm.Complaints; Crm.ContractLeavingLogs; Crm.ContractLeavings; Crm.ContractProductDeliveryRange; Crm.ContractProducts; Crm.ContractRevisions; Crm.ContractTemplate; Crm.ContractTemplateVariables; Crm.CostForms; Crm.CostItems; Crm.CostTypes; Crm.Costs; Crm.CustomerLoginFaileds; Crm.CustomerLoginSmsFaileds; Crm.CustomerLogins; Crm.CustomerSources; Crm.Customers; Crm.DailyServicePricePaidLogs; Crm.DataAnalysisLogs; Crm.Debits; Crm.Deliveries; Crm.DeliveryCallHistories; Crm.DeliveryCallNotes; Crm.DeliveryCalls; Crm.DeliveryEmployees; Crm.DeliveryFiles; Crm.DeliveryPayments; Crm.DeliveryRanges; Crm.DeliveryWorkAdvances; Crm.Distraints; Crm.Documents; Crm.DrawCodes; Crm.Draws; Crm.ETesisTerkinContractIbans; Crm.ETesisTerkinIntegrations; Crm.FileTypeCategories; Crm.FileTypes; Crm.Files; Crm.Firms; Crm.GroupProducts; Crm.Groups; Crm.Guarantors; Crm.IntegrationApiLogs; Crm.IntegrationApiLogs250919; Crm.InternetSubeLogs; Crm.Inventories; Crm.InventoryDebits; Crm.InventoryTypes; Crm.InvoiceLogoLogs; Crm.IssueHistories; Crm.Issues; Crm.LeadForms; Crm.LoginFaileds; Crm.Logins; Crm.LogoLogs; Crm.LogoPayments; Crm.LogoServiceLogs; Crm.ManuelLeadForCallCenterQueues; Crm.MobileApplicationConfigurations; Crm.MobileConfigurationSettings; Crm.MobilePhoneNumbers; Crm.ModuleAuths; Crm.Modules; Crm.MortgageCosts; Crm.MortgageInsurances; Crm.MortgageLogs; Crm.MortgagePledgeVehicleBrandModels; Crm.MortgageTypes; Crm.Mortgages; Crm.Nationalities; Crm.NotaryLists; Crm.NotaryResults; Crm.NotificationGroupSubscriber; Crm.NotificationGroups; Crm.NotificationLogs; Crm.NotificationVariables; Crm.Occupations; Crm.OffsetLogs; Crm.OnlineUsers; Crm.Opportunities; Crm.OrganizationAreas; Crm.OrganizationHistories; Crm.OrganizationMonthlyTargets; Crm.Organizations; Crm.Performances; Crm.PlannedPeriodicDeliveryAmounts; Crm.Portfolios; Crm.PosPayments; Crm.PostVirmanQueues; Crm.PremiumBranchRates; Crm.PremiumContracts; Crm.PremiumItems; Crm.PremiumTimingGroups; Crm.PremiumTimings; Crm.PremiumUserTypeRates; Crm.Premiums; Crm.Products; Crm.QualityAnswers; Crm.QualityForms; Crm.QualityNotes; Crm.QualityQuestions; Crm.RepContracts; Crm.RepGifts; Crm.RepIbans; Crm.RepPaymentDetails; Crm.RepPaymentGroups; Crm.RepPayments; Crm.RepPointLogs; Crm.RepPoints; Crm.Reps; Crm.RestDays; Crm.RiskTrackingCosts; Crm.RiskTrackingLawyers; Crm.RiskTrackings; Crm.RoleTargets; Crm.Roles; Crm.ServiceConfigurations; Crm.ServiceRateRanges; Crm.Services; Crm.SetOffLogs; Crm.Simulations; Crm.SmsGroups; Crm.SmsLogs; Crm.SmsTemplates; Crm.SmsVerificationCodes; Crm.SustainabilityFeatureValues; Crm.SustainabilityReports; Crm.TicketHistories; Crm.Tickets; Crm.UnauthorizedProcessLogs; Crm.UserHistories; Crm.UserPortfolios; Crm.UserResponsibleBranches; Crm.UserRoles; Crm.UserTargets; Crm.Users; Crm.VariableIndexGroups; Crm.VariableIndexs; Crm.VirtualPosCommisions; Crm.VirtualPosLogs,
katilim.crm,Crm,Users,LastDeskAppointmentAssignDate,datetime2(7),Evet,,Hayir,,Crm.Activities; Crm.ActivityRecords; Crm.ActivityTypes; Crm.AdForms; Crm.Advices; Crm.Announcement; Crm.AppointmentAssignments; Crm.Areas; Crm.AssignedBidApprovers; Crm.Authorities; Crm.BankDetails; Crm.BankLogs; Crm.Banks; Crm.BidInstallments; Crm.BranchCategories; Crm.CampaignBranches; Crm.CampaignItems; Crm.CampaignSources; Crm.Campaigns; Crm.CashPriceIntervalRates; Crm.ComplaintNotes; Crm.Complaints; Crm.ContractLeavingLogs; Crm.ContractLeavings; Crm.ContractProductDeliveryRange; Crm.ContractProducts; Crm.ContractRevisions; Crm.ContractTemplate; Crm.ContractTemplateVariables; Crm.CostForms; Crm.CostItems; Crm.CostTypes; Crm.Costs; Crm.CustomerLoginFaileds; Crm.CustomerLoginSmsFaileds; Crm.CustomerLogins; Crm.CustomerSources; Crm.Customers; Crm.DailyServicePricePaidLogs; Crm.DataAnalysisLogs; Crm.Debits; Crm.Deliveries; Crm.DeliveryCallHistories; Crm.DeliveryCallNotes; Crm.DeliveryCalls; Crm.DeliveryEmployees; Crm.DeliveryFiles; Crm.DeliveryPayments; Crm.DeliveryRanges; Crm.DeliveryWorkAdvances; Crm.Distraints; Crm.Documents; Crm.DrawCodes; Crm.Draws; Crm.ETesisTerkinContractIbans; Crm.ETesisTerkinIntegrations; Crm.FileTypeCategories; Crm.FileTypes; Crm.Files; Crm.Firms; Crm.GroupProducts; Crm.Groups; Crm.Guarantors; Crm.IntegrationApiLogs; Crm.IntegrationApiLogs250919; Crm.InternetSubeLogs; Crm.Inventories; Crm.InventoryDebits; Crm.InventoryTypes; Crm.InvoiceLogoLogs; Crm.IssueHistories; Crm.Issues; Crm.LeadForms; Crm.LoginFaileds; Crm.Logins; Crm.LogoLogs; Crm.LogoPayments; Crm.LogoServiceLogs; Crm.ManuelLeadForCallCenterQueues; Crm.MobileApplicationConfigurations; Crm.MobileConfigurationSettings; Crm.MobilePhoneNumbers; Crm.ModuleAuths; Crm.Modules; Crm.MortgageCosts; Crm.MortgageInsurances; Crm.MortgageLogs; Crm.MortgagePledgeVehicleBrandModels; Crm.MortgageTypes; Crm.Mortgages; Crm.Nationalities; Crm.NotaryLists; Crm.NotaryResults; Crm.NotificationGroupSubscriber; Crm.NotificationGroups; Crm.NotificationLogs; Crm.NotificationVariables; Crm.Occupations; Crm.OffsetLogs; Crm.OnlineUsers; Crm.Opportunities; Crm.OrganizationAreas; Crm.OrganizationHistories; Crm.OrganizationMonthlyTargets; Crm.Organizations; Crm.Performances; Crm.PlannedPeriodicDeliveryAmounts; Crm.Portfolios; Crm.PosPayments; Crm.PostVirmanQueues; Crm.PremiumBranchRates; Crm.PremiumContracts; Crm.PremiumItems; Crm.PremiumTimingGroups; Crm.PremiumTimings; Crm.PremiumUserTypeRates; Crm.Premiums; Crm.Products; Crm.QualityAnswers; Crm.QualityForms; Crm.QualityNotes; Crm.QualityQuestions; Crm.RepContracts; Crm.RepGifts; Crm.RepIbans; Crm.RepPaymentDetails; Crm.RepPaymentGroups; Crm.RepPayments; Crm.RepPointLogs; Crm.RepPoints; Crm.Reps; Crm.RestDays; Crm.RiskTrackingCosts; Crm.RiskTrackingLawyers; Crm.RiskTrackings; Crm.RoleTargets; Crm.Roles; Crm.ServiceConfigurations; Crm.ServiceRateRanges; Crm.Services; Crm.SetOffLogs; Crm.Simulations; Crm.SmsGroups; Crm.SmsLogs; Crm.SmsTemplates; Crm.SmsVerificationCodes; Crm.SustainabilityFeatureValues; Crm.SustainabilityReports; Crm.TicketHistories; Crm.Tickets; Crm.UnauthorizedProcessLogs; Crm.UserHistories; Crm.UserPortfolios; Crm.UserResponsibleBranches; Crm.UserRoles; Crm.UserTargets; Crm.Users; Crm.VariableIndexGroups; Crm.VariableIndexs; Crm.VirtualPosCommisions; Crm.VirtualPosLogs,
katilim.crm,Crm,Users,RepCode,nvarchar(100),Evet,,Hayir,,Crm.Activities; Crm.ActivityRecords; Crm.ActivityTypes; Crm.AdForms; Crm.Advices; Crm.Announcement; Crm.AppointmentAssignments; Crm.Areas; Crm.AssignedBidApprovers; Crm.Authorities; Crm.BankDetails; Crm.BankLogs; Crm.Banks; Crm.BidInstallments; Crm.BranchCategories; Crm.CampaignBranches; Crm.CampaignItems; Crm.CampaignSources; Crm.Campaigns; Crm.CashPriceIntervalRates; Crm.ComplaintNotes; Crm.Complaints; Crm.ContractLeavingLogs; Crm.ContractLeavings; Crm.ContractProductDeliveryRange; Crm.ContractProducts; Crm.ContractRevisions; Crm.ContractTemplate; Crm.ContractTemplateVariables; Crm.CostForms; Crm.CostItems; Crm.CostTypes; Crm.Costs; Crm.CustomerLoginFaileds; Crm.CustomerLoginSmsFaileds; Crm.CustomerLogins; Crm.CustomerSources; Crm.Customers; Crm.DailyServicePricePaidLogs; Crm.DataAnalysisLogs; Crm.Debits; Crm.Deliveries; Crm.DeliveryCallHistories; Crm.DeliveryCallNotes; Crm.DeliveryCalls; Crm.DeliveryEmployees; Crm.DeliveryFiles; Crm.DeliveryPayments; Crm.DeliveryRanges; Crm.DeliveryWorkAdvances; Crm.Distraints; Crm.Documents; Crm.DrawCodes; Crm.Draws; Crm.ETesisTerkinContractIbans; Crm.ETesisTerkinIntegrations; Crm.FileTypeCategories; Crm.FileTypes; Crm.Files; Crm.Firms; Crm.GroupProducts; Crm.Groups; Crm.Guarantors; Crm.IntegrationApiLogs; Crm.IntegrationApiLogs250919; Crm.InternetSubeLogs; Crm.Inventories; Crm.InventoryDebits; Crm.InventoryTypes; Crm.InvoiceLogoLogs; Crm.IssueHistories; Crm.Issues; Crm.LeadForms; Crm.LoginFaileds; Crm.Logins; Crm.LogoLogs; Crm.LogoPayments; Crm.LogoServiceLogs; Crm.ManuelLeadForCallCenterQueues; Crm.MobileApplicationConfigurations; Crm.MobileConfigurationSettings; Crm.MobilePhoneNumbers; Crm.ModuleAuths; Crm.Modules; Crm.MortgageCosts; Crm.MortgageInsurances; Crm.MortgageLogs; Crm.MortgagePledgeVehicleBrandModels; Crm.MortgageTypes; Crm.Mortgages; Crm.Nationalities; Crm.NotaryLists; Crm.NotaryResults; Crm.NotificationGroupSubscriber; Crm.NotificationGroups; Crm.NotificationLogs; Crm.NotificationVariables; Crm.Occupations; Crm.OffsetLogs; Crm.OnlineUsers; Crm.Opportunities; Crm.OrganizationAreas; Crm.OrganizationHistories; Crm.OrganizationMonthlyTargets; Crm.Organizations; Crm.Performances; Crm.PlannedPeriodicDeliveryAmounts; Crm.Portfolios; Crm.PosPayments; Crm.PostVirmanQueues; Crm.PremiumBranchRates; Crm.PremiumContracts; Crm.PremiumItems; Crm.PremiumTimingGroups; Crm.PremiumTimings; Crm.PremiumUserTypeRates; Crm.Premiums; Crm.Products; Crm.QualityAnswers; Crm.QualityForms; Crm.QualityNotes; Crm.QualityQuestions; Crm.RepContracts; Crm.RepGifts; Crm.RepIbans; Crm.RepPaymentDetails; Crm.RepPaymentGroups; Crm.RepPayments; Crm.RepPointLogs; Crm.RepPoints; Crm.Reps; Crm.RestDays; Crm.RiskTrackingCosts; Crm.RiskTrackingLawyers; Crm.RiskTrackings; Crm.RoleTargets; Crm.Roles; Crm.ServiceConfigurations; Crm.ServiceRateRanges; Crm.Services; Crm.SetOffLogs; Crm.Simulations; Crm.SmsGroups; Crm.SmsLogs; Crm.SmsTemplates; Crm.SmsVerificationCodes; Crm.SustainabilityFeatureValues; Crm.SustainabilityReports; Crm.TicketHistories; Crm.Tickets; Crm.UnauthorizedProcessLogs; Crm.UserHistories; Crm.UserPortfolios; Crm.UserResponsibleBranches; Crm.UserRoles; Crm.UserTargets; Crm.Users; Crm.VariableIndexGroups; Crm.VariableIndexs; Crm.VirtualPosCommisions; Crm.VirtualPosLogs,
katilim.crm,Crm,Users,PartnerName,nvarchar(100),Evet,,Hayir,,Crm.Activities; Crm.ActivityRecords; Crm.ActivityTypes; Crm.AdForms; Crm.Advices; Crm.Announcement; Crm.AppointmentAssignments; Crm.Areas; Crm.AssignedBidApprovers; Crm.Authorities; Crm.BankDetails; Crm.BankLogs; Crm.Banks; Crm.BidInstallments; Crm.BranchCategories; Crm.CampaignBranches; Crm.CampaignItems; Crm.CampaignSources; Crm.Campaigns; Crm.CashPriceIntervalRates; Crm.ComplaintNotes; Crm.Complaints; Crm.ContractLeavingLogs; Crm.ContractLeavings; Crm.ContractProductDeliveryRange; Crm.ContractProducts; Crm.ContractRevisions; Crm.ContractTemplate; Crm.ContractTemplateVariables; Crm.CostForms; Crm.CostItems; Crm.CostTypes; Crm.Costs; Crm.CustomerLoginFaileds; Crm.CustomerLoginSmsFaileds; Crm.CustomerLogins; Crm.CustomerSources; Crm.Customers; Crm.DailyServicePricePaidLogs; Crm.DataAnalysisLogs; Crm.Debits; Crm.Deliveries; Crm.DeliveryCallHistories; Crm.DeliveryCallNotes; Crm.DeliveryCalls; Crm.DeliveryEmployees; Crm.DeliveryFiles; Crm.DeliveryPayments; Crm.DeliveryRanges; Crm.DeliveryWorkAdvances; Crm.Distraints; Crm.Documents; Crm.DrawCodes; Crm.Draws; Crm.ETesisTerkinContractIbans; Crm.ETesisTerkinIntegrations; Crm.FileTypeCategories; Crm.FileTypes; Crm.Files; Crm.Firms; Crm.GroupProducts; Crm.Groups; Crm.Guarantors; Crm.IntegrationApiLogs; Crm.IntegrationApiLogs250919; Crm.InternetSubeLogs; Crm.Inventories; Crm.InventoryDebits; Crm.InventoryTypes; Crm.InvoiceLogoLogs; Crm.IssueHistories; Crm.Issues; Crm.LeadForms; Crm.LoginFaileds; Crm.Logins; Crm.LogoLogs; Crm.LogoPayments; Crm.LogoServiceLogs; Crm.ManuelLeadForCallCenterQueues; Crm.MobileApplicationConfigurations; Crm.MobileConfigurationSettings; Crm.MobilePhoneNumbers; Crm.ModuleAuths; Crm.Modules; Crm.MortgageCosts; Crm.MortgageInsurances; Crm.MortgageLogs; Crm.MortgagePledgeVehicleBrandModels; Crm.MortgageTypes; Crm.Mortgages; Crm.Nationalities; Crm.NotaryLists; Crm.NotaryResults; Crm.NotificationGroupSubscriber; Crm.NotificationGroups; Crm.NotificationLogs; Crm.NotificationVariables; Crm.Occupations; Crm.OffsetLogs; Crm.OnlineUsers; Crm.Opportunities; Crm.OrganizationAreas; Crm.OrganizationHistories; Crm.OrganizationMonthlyTargets; Crm.Organizations; Crm.Performances; Crm.PlannedPeriodicDeliveryAmounts; Crm.Portfolios; Crm.PosPayments; Crm.PostVirmanQueues; Crm.PremiumBranchRates; Crm.PremiumContracts; Crm.PremiumItems; Crm.PremiumTimingGroups; Crm.PremiumTimings; Crm.PremiumUserTypeRates; Crm.Premiums; Crm.Products; Crm.QualityAnswers; Crm.QualityForms; Crm.QualityNotes; Crm.QualityQuestions; Crm.RepContracts; Crm.RepGifts; Crm.RepIbans; Crm.RepPaymentDetails; Crm.RepPaymentGroups; Crm.RepPayments; Crm.RepPointLogs; Crm.RepPoints; Crm.Reps; Crm.RestDays; Crm.RiskTrackingCosts; Crm.RiskTrackingLawyers; Crm.RiskTrackings; Crm.RoleTargets; Crm.Roles; Crm.ServiceConfigurations; Crm.ServiceRateRanges; Crm.Services; Crm.SetOffLogs; Crm.Simulations; Crm.SmsGroups; Crm.SmsLogs; Crm.SmsTemplates; Crm.SmsVerificationCodes; Crm.SustainabilityFeatureValues; Crm.SustainabilityReports; Crm.TicketHistories; Crm.Tickets; Crm.UnauthorizedProcessLogs; Crm.UserHistories; Crm.UserPortfolios; Crm.UserResponsibleBranches; Crm.UserRoles; Crm.UserTargets; Crm.Users; Crm.VariableIndexGroups; Crm.VariableIndexs; Crm.VirtualPosCommisions; Crm.VirtualPosLogs,
katilim.crm,Crm,Users,PartnerTc,nvarchar(50),Evet,,Hayir,,Crm.Activities; Crm.ActivityRecords; Crm.ActivityTypes; Crm.AdForms; Crm.Advices; Crm.Announcement; Crm.AppointmentAssignments; Crm.Areas; Crm.AssignedBidApprovers; Crm.Authorities; Crm.BankDetails; Crm.BankLogs; Crm.Banks; Crm.BidInstallments; Crm.BranchCategories; Crm.CampaignBranches; Crm.CampaignItems; Crm.CampaignSources; Crm.Campaigns; Crm.CashPriceIntervalRates; Crm.ComplaintNotes; Crm.Complaints; Crm.ContractLeavingLogs; Crm.ContractLeavings; Crm.ContractProductDeliveryRange; Crm.ContractProducts; Crm.ContractRevisions; Crm.ContractTemplate; Crm.ContractTemplateVariables; Crm.CostForms; Crm.CostItems; Crm.CostTypes; Crm.Costs; Crm.CustomerLoginFaileds; Crm.CustomerLoginSmsFaileds; Crm.CustomerLogins; Crm.CustomerSources; Crm.Customers; Crm.DailyServicePricePaidLogs; Crm.DataAnalysisLogs; Crm.Debits; Crm.Deliveries; Crm.DeliveryCallHistories; Crm.DeliveryCallNotes; Crm.DeliveryCalls; Crm.DeliveryEmployees; Crm.DeliveryFiles; Crm.DeliveryPayments; Crm.DeliveryRanges; Crm.DeliveryWorkAdvances; Crm.Distraints; Crm.Documents; Crm.DrawCodes; Crm.Draws; Crm.ETesisTerkinContractIbans; Crm.ETesisTerkinIntegrations; Crm.FileTypeCategories; Crm.FileTypes; Crm.Files; Crm.Firms; Crm.GroupProducts; Crm.Groups; Crm.Guarantors; Crm.IntegrationApiLogs; Crm.IntegrationApiLogs250919; Crm.InternetSubeLogs; Crm.Inventories; Crm.InventoryDebits; Crm.InventoryTypes; Crm.InvoiceLogoLogs; Crm.IssueHistories; Crm.Issues; Crm.LeadForms; Crm.LoginFaileds; Crm.Logins; Crm.LogoLogs; Crm.LogoPayments; Crm.LogoServiceLogs; Crm.ManuelLeadForCallCenterQueues; Crm.MobileApplicationConfigurations; Crm.MobileConfigurationSettings; Crm.MobilePhoneNumbers; Crm.ModuleAuths; Crm.Modules; Crm.MortgageCosts; Crm.MortgageInsurances; Crm.MortgageLogs; Crm.MortgagePledgeVehicleBrandModels; Crm.MortgageTypes; Crm.Mortgages; Crm.Nationalities; Crm.NotaryLists; Crm.NotaryResults; Crm.NotificationGroupSubscriber; Crm.NotificationGroups; Crm.NotificationLogs; Crm.NotificationVariables; Crm.Occupations; Crm.OffsetLogs; Crm.OnlineUsers; Crm.Opportunities; Crm.OrganizationAreas; Crm.OrganizationHistories; Crm.OrganizationMonthlyTargets; Crm.Organizations; Crm.Performances; Crm.PlannedPeriodicDeliveryAmounts; Crm.Portfolios; Crm.PosPayments; Crm.PostVirmanQueues; Crm.PremiumBranchRates; Crm.PremiumContracts; Crm.PremiumItems; Crm.PremiumTimingGroups; Crm.PremiumTimings; Crm.PremiumUserTypeRates; Crm.Premiums; Crm.Products; Crm.QualityAnswers; Crm.QualityForms; Crm.QualityNotes; Crm.QualityQuestions; Crm.RepContracts; Crm.RepGifts; Crm.RepIbans; Crm.RepPaymentDetails; Crm.RepPaymentGroups; Crm.RepPayments; Crm.RepPointLogs; Crm.RepPoints; Crm.Reps; Crm.RestDays; Crm.RiskTrackingCosts; Crm.RiskTrackingLawyers; Crm.RiskTrackings; Crm.RoleTargets; Crm.Roles; Crm.ServiceConfigurations; Crm.ServiceRateRanges; Crm.Services; Crm.SetOffLogs; Crm.Simulations; Crm.SmsGroups; Crm.SmsLogs; Crm.SmsTemplates; Crm.SmsVerificationCodes; Crm.SustainabilityFeatureValues; Crm.SustainabilityReports; Crm.TicketHistories; Crm.Tickets; Crm.UnauthorizedProcessLogs; Crm.UserHistories; Crm.UserPortfolios; Crm.UserResponsibleBranches; Crm.UserRoles; Crm.UserTargets; Crm.Users; Crm.VariableIndexGroups; Crm.VariableIndexs; Crm.VirtualPosCommisions; Crm.VirtualPosLogs,
katilim.crm,Crm,Users,PartnerPhone,nvarchar(50),Evet,,Hayir,,Crm.Activities; Crm.ActivityRecords; Crm.ActivityTypes; Crm.AdForms; Crm.Advices; Crm.Announcement; Crm.AppointmentAssignments; Crm.Areas; Crm.AssignedBidApprovers; Crm.Authorities; Crm.BankDetails; Crm.BankLogs; Crm.Banks; Crm.BidInstallments; Crm.BranchCategories; Crm.CampaignBranches; Crm.CampaignItems; Crm.CampaignSources; Crm.Campaigns; Crm.CashPriceIntervalRates; Crm.ComplaintNotes; Crm.Complaints; Crm.ContractLeavingLogs; Crm.ContractLeavings; Crm.ContractProductDeliveryRange; Crm.ContractProducts; Crm.ContractRevisions; Crm.ContractTemplate; Crm.ContractTemplateVariables; Crm.CostForms; Crm.CostItems; Crm.CostTypes; Crm.Costs; Crm.CustomerLoginFaileds; Crm.CustomerLoginSmsFaileds; Crm.CustomerLogins; Crm.CustomerSources; Crm.Customers; Crm.DailyServicePricePaidLogs; Crm.DataAnalysisLogs; Crm.Debits; Crm.Deliveries; Crm.DeliveryCallHistories; Crm.DeliveryCallNotes; Crm.DeliveryCalls; Crm.DeliveryEmployees; Crm.DeliveryFiles; Crm.DeliveryPayments; Crm.DeliveryRanges; Crm.DeliveryWorkAdvances; Crm.Distraints; Crm.Documents; Crm.DrawCodes; Crm.Draws; Crm.ETesisTerkinContractIbans; Crm.ETesisTerkinIntegrations; Crm.FileTypeCategories; Crm.FileTypes; Crm.Files; Crm.Firms; Crm.GroupProducts; Crm.Groups; Crm.Guarantors; Crm.IntegrationApiLogs; Crm.IntegrationApiLogs250919; Crm.InternetSubeLogs; Crm.Inventories; Crm.InventoryDebits; Crm.InventoryTypes; Crm.InvoiceLogoLogs; Crm.IssueHistories; Crm.Issues; Crm.LeadForms; Crm.LoginFaileds; Crm.Logins; Crm.LogoLogs; Crm.LogoPayments; Crm.LogoServiceLogs; Crm.ManuelLeadForCallCenterQueues; Crm.MobileApplicationConfigurations; Crm.MobileConfigurationSettings; Crm.MobilePhoneNumbers; Crm.ModuleAuths; Crm.Modules; Crm.MortgageCosts; Crm.MortgageInsurances; Crm.MortgageLogs; Crm.MortgagePledgeVehicleBrandModels; Crm.MortgageTypes; Crm.Mortgages; Crm.Nationalities; Crm.NotaryLists; Crm.NotaryResults; Crm.NotificationGroupSubscriber; Crm.NotificationGroups; Crm.NotificationLogs; Crm.NotificationVariables; Crm.Occupations; Crm.OffsetLogs; Crm.OnlineUsers; Crm.Opportunities; Crm.OrganizationAreas; Crm.OrganizationHistories; Crm.OrganizationMonthlyTargets; Crm.Organizations; Crm.Performances; Crm.PlannedPeriodicDeliveryAmounts; Crm.Portfolios; Crm.PosPayments; Crm.PostVirmanQueues; Crm.PremiumBranchRates; Crm.PremiumContracts; Crm.PremiumItems; Crm.PremiumTimingGroups; Crm.PremiumTimings; Crm.PremiumUserTypeRates; Crm.Premiums; Crm.Products; Crm.QualityAnswers; Crm.QualityForms; Crm.QualityNotes; Crm.QualityQuestions; Crm.RepContracts; Crm.RepGifts; Crm.RepIbans; Crm.RepPaymentDetails; Crm.RepPaymentGroups; Crm.RepPayments; Crm.RepPointLogs; Crm.RepPoints; Crm.Reps; Crm.RestDays; Crm.RiskTrackingCosts; Crm.RiskTrackingLawyers; Crm.RiskTrackings; Crm.RoleTargets; Crm.Roles; Crm.ServiceConfigurations; Crm.ServiceRateRanges; Crm.Services; Crm.SetOffLogs; Crm.Simulations; Crm.SmsGroups; Crm.SmsLogs; Crm.SmsTemplates; Crm.SmsVerificationCodes; Crm.SustainabilityFeatureValues; Crm.SustainabilityReports; Crm.TicketHistories; Crm.Tickets; Crm.UnauthorizedProcessLogs; Crm.UserHistories; Crm.UserPortfolios; Crm.UserResponsibleBranches; Crm.UserRoles; Crm.UserTargets; Crm.Users; Crm.VariableIndexGroups; Crm.VariableIndexs; Crm.VirtualPosCommisions; Crm.VirtualPosLogs,
katilim.crm,Crm,Users,MeskenUid,uniqueidentifier,Evet,,Hayir,,Crm.Activities; Crm.ActivityRecords; Crm.ActivityTypes; Crm.AdForms; Crm.Advices; Crm.Announcement; Crm.AppointmentAssignments; Crm.Areas; Crm.AssignedBidApprovers; Crm.Authorities; Crm.BankDetails; Crm.BankLogs; Crm.Banks; Crm.BidInstallments; Crm.BranchCategories; Crm.CampaignBranches; Crm.CampaignItems; Crm.CampaignSources; Crm.Campaigns; Crm.CashPriceIntervalRates; Crm.ComplaintNotes; Crm.Complaints; Crm.ContractLeavingLogs; Crm.ContractLeavings; Crm.ContractProductDeliveryRange; Crm.ContractProducts; Crm.ContractRevisions; Crm.ContractTemplate; Crm.ContractTemplateVariables; Crm.CostForms; Crm.CostItems; Crm.CostTypes; Crm.Costs; Crm.CustomerLoginFaileds; Crm.CustomerLoginSmsFaileds; Crm.CustomerLogins; Crm.CustomerSources; Crm.Customers; Crm.DailyServicePricePaidLogs; Crm.DataAnalysisLogs; Crm.Debits; Crm.Deliveries; Crm.DeliveryCallHistories; Crm.DeliveryCallNotes; Crm.DeliveryCalls; Crm.DeliveryEmployees; Crm.DeliveryFiles; Crm.DeliveryPayments; Crm.DeliveryRanges; Crm.DeliveryWorkAdvances; Crm.Distraints; Crm.Documents; Crm.DrawCodes; Crm.Draws; Crm.ETesisTerkinContractIbans; Crm.ETesisTerkinIntegrations; Crm.FileTypeCategories; Crm.FileTypes; Crm.Files; Crm.Firms; Crm.GroupProducts; Crm.Groups; Crm.Guarantors; Crm.IntegrationApiLogs; Crm.IntegrationApiLogs250919; Crm.InternetSubeLogs; Crm.Inventories; Crm.InventoryDebits; Crm.InventoryTypes; Crm.InvoiceLogoLogs; Crm.IssueHistories; Crm.Issues; Crm.LeadForms; Crm.LoginFaileds; Crm.Logins; Crm.LogoLogs; Crm.LogoPayments; Crm.LogoServiceLogs; Crm.ManuelLeadForCallCenterQueues; Crm.MobileApplicationConfigurations; Crm.MobileConfigurationSettings; Crm.MobilePhoneNumbers; Crm.ModuleAuths; Crm.Modules; Crm.MortgageCosts; Crm.MortgageInsurances; Crm.MortgageLogs; Crm.MortgagePledgeVehicleBrandModels; Crm.MortgageTypes; Crm.Mortgages; Crm.Nationalities; Crm.NotaryLists; Crm.NotaryResults; Crm.NotificationGroupSubscriber; Crm.NotificationGroups; Crm.NotificationLogs; Crm.NotificationVariables; Crm.Occupations; Crm.OffsetLogs; Crm.OnlineUsers; Crm.Opportunities; Crm.OrganizationAreas; Crm.OrganizationHistories; Crm.OrganizationMonthlyTargets; Crm.Organizations; Crm.Performances; Crm.PlannedPeriodicDeliveryAmounts; Crm.Portfolios; Crm.PosPayments; Crm.PostVirmanQueues; Crm.PremiumBranchRates; Crm.PremiumContracts; Crm.PremiumItems; Crm.PremiumTimingGroups; Crm.PremiumTimings; Crm.PremiumUserTypeRates; Crm.Premiums; Crm.Products; Crm.QualityAnswers; Crm.QualityForms; Crm.QualityNotes; Crm.QualityQuestions; Crm.RepContracts; Crm.RepGifts; Crm.RepIbans; Crm.RepPaymentDetails; Crm.RepPaymentGroups; Crm.RepPayments; Crm.RepPointLogs; Crm.RepPoints; Crm.Reps; Crm.RestDays; Crm.RiskTrackingCosts; Crm.RiskTrackingLawyers; Crm.RiskTrackings; Crm.RoleTargets; Crm.Roles; Crm.ServiceConfigurations; Crm.ServiceRateRanges; Crm.Services; Crm.SetOffLogs; Crm.Simulations; Crm.SmsGroups; Crm.SmsLogs; Crm.SmsTemplates; Crm.SmsVerificationCodes; Crm.SustainabilityFeatureValues; Crm.SustainabilityReports; Crm.TicketHistories; Crm.Tickets; Crm.UnauthorizedProcessLogs; Crm.UserHistories; Crm.UserPortfolios; Crm.UserResponsibleBranches; Crm.UserRoles; Crm.UserTargets; Crm.Users; Crm.VariableIndexGroups; Crm.VariableIndexs; Crm.VirtualPosCommisions; Crm.VirtualPosLogs,
katilim.crm,Crm,Users,SamAccountName,nvarchar(50),Evet,,Hayir,,Crm.Activities; Crm.ActivityRecords; Crm.ActivityTypes; Crm.AdForms; Crm.Advices; Crm.Announcement; Crm.AppointmentAssignments; Crm.Areas; Crm.AssignedBidApprovers; Crm.Authorities; Crm.BankDetails; Crm.BankLogs; Crm.Banks; Crm.BidInstallments; Crm.BranchCategories; Crm.CampaignBranches; Crm.CampaignItems; Crm.CampaignSources; Crm.Campaigns; Crm.CashPriceIntervalRates; Crm.ComplaintNotes; Crm.Complaints; Crm.ContractLeavingLogs; Crm.ContractLeavings; Crm.ContractProductDeliveryRange; Crm.ContractProducts; Crm.ContractRevisions; Crm.ContractTemplate; Crm.ContractTemplateVariables; Crm.CostForms; Crm.CostItems; Crm.CostTypes; Crm.Costs; Crm.CustomerLoginFaileds; Crm.CustomerLoginSmsFaileds; Crm.CustomerLogins; Crm.CustomerSources; Crm.Customers; Crm.DailyServicePricePaidLogs; Crm.DataAnalysisLogs; Crm.Debits; Crm.Deliveries; Crm.DeliveryCallHistories; Crm.DeliveryCallNotes; Crm.DeliveryCalls; Crm.DeliveryEmployees; Crm.DeliveryFiles; Crm.DeliveryPayments; Crm.DeliveryRanges; Crm.DeliveryWorkAdvances; Crm.Distraints; Crm.Documents; Crm.DrawCodes; Crm.Draws; Crm.ETesisTerkinContractIbans; Crm.ETesisTerkinIntegrations; Crm.FileTypeCategories; Crm.FileTypes; Crm.Files; Crm.Firms; Crm.GroupProducts; Crm.Groups; Crm.Guarantors; Crm.IntegrationApiLogs; Crm.IntegrationApiLogs250919; Crm.InternetSubeLogs; Crm.Inventories; Crm.InventoryDebits; Crm.InventoryTypes; Crm.InvoiceLogoLogs; Crm.IssueHistories; Crm.Issues; Crm.LeadForms; Crm.LoginFaileds; Crm.Logins; Crm.LogoLogs; Crm.LogoPayments; Crm.LogoServiceLogs; Crm.ManuelLeadForCallCenterQueues; Crm.MobileApplicationConfigurations; Crm.MobileConfigurationSettings; Crm.MobilePhoneNumbers; Crm.ModuleAuths; Crm.Modules; Crm.MortgageCosts; Crm.MortgageInsurances; Crm.MortgageLogs; Crm.MortgagePledgeVehicleBrandModels; Crm.MortgageTypes; Crm.Mortgages; Crm.Nationalities; Crm.NotaryLists; Crm.NotaryResults; Crm.NotificationGroupSubscriber; Crm.NotificationGroups; Crm.NotificationLogs; Crm.NotificationVariables; Crm.Occupations; Crm.OffsetLogs; Crm.OnlineUsers; Crm.Opportunities; Crm.OrganizationAreas; Crm.OrganizationHistories; Crm.OrganizationMonthlyTargets; Crm.Organizations; Crm.Performances; Crm.PlannedPeriodicDeliveryAmounts; Crm.Portfolios; Crm.PosPayments; Crm.PostVirmanQueues; Crm.PremiumBranchRates; Crm.PremiumContracts; Crm.PremiumItems; Crm.PremiumTimingGroups; Crm.PremiumTimings; Crm.PremiumUserTypeRates; Crm.Premiums; Crm.Products; Crm.QualityAnswers; Crm.QualityForms; Crm.QualityNotes; Crm.QualityQuestions; Crm.RepContracts; Crm.RepGifts; Crm.RepIbans; Crm.RepPaymentDetails; Crm.RepPaymentGroups; Crm.RepPayments; Crm.RepPointLogs; Crm.RepPoints; Crm.Reps; Crm.RestDays; Crm.RiskTrackingCosts; Crm.RiskTrackingLawyers; Crm.RiskTrackings; Crm.RoleTargets; Crm.Roles; Crm.ServiceConfigurations; Crm.ServiceRateRanges; Crm.Services; Crm.SetOffLogs; Crm.Simulations; Crm.SmsGroups; Crm.SmsLogs; Crm.SmsTemplates; Crm.SmsVerificationCodes; Crm.SustainabilityFeatureValues; Crm.SustainabilityReports; Crm.TicketHistories; Crm.Tickets; Crm.UnauthorizedProcessLogs; Crm.UserHistories; Crm.UserPortfolios; Crm.UserResponsibleBranches; Crm.UserRoles; Crm.UserTargets; Crm.Users; Crm.VariableIndexGroups; Crm.VariableIndexs; Crm.VirtualPosCommisions; Crm.VirtualPosLogs,
katilim.crm,Crm,Users,ResetLdapPassword,bit,Evet,,Hayir,,Crm.Activities; Crm.ActivityRecords; Crm.ActivityTypes; Crm.AdForms; Crm.Advices; Crm.Announcement; Crm.AppointmentAssignments; Crm.Areas; Crm.AssignedBidApprovers; Crm.Authorities; Crm.BankDetails; Crm.BankLogs; Crm.Banks; Crm.BidInstallments; Crm.BranchCategories; Crm.CampaignBranches; Crm.CampaignItems; Crm.CampaignSources; Crm.Campaigns; Crm.CashPriceIntervalRates; Crm.ComplaintNotes; Crm.Complaints; Crm.ContractLeavingLogs; Crm.ContractLeavings; Crm.ContractProductDeliveryRange; Crm.ContractProducts; Crm.ContractRevisions; Crm.ContractTemplate; Crm.ContractTemplateVariables; Crm.CostForms; Crm.CostItems; Crm.CostTypes; Crm.Costs; Crm.CustomerLoginFaileds; Crm.CustomerLoginSmsFaileds; Crm.CustomerLogins; Crm.CustomerSources; Crm.Customers; Crm.DailyServicePricePaidLogs; Crm.DataAnalysisLogs; Crm.Debits; Crm.Deliveries; Crm.DeliveryCallHistories; Crm.DeliveryCallNotes; Crm.DeliveryCalls; Crm.DeliveryEmployees; Crm.DeliveryFiles; Crm.DeliveryPayments; Crm.DeliveryRanges; Crm.DeliveryWorkAdvances; Crm.Distraints; Crm.Documents; Crm.DrawCodes; Crm.Draws; Crm.ETesisTerkinContractIbans; Crm.ETesisTerkinIntegrations; Crm.FileTypeCategories; Crm.FileTypes; Crm.Files; Crm.Firms; Crm.GroupProducts; Crm.Groups; Crm.Guarantors; Crm.IntegrationApiLogs; Crm.IntegrationApiLogs250919; Crm.InternetSubeLogs; Crm.Inventories; Crm.InventoryDebits; Crm.InventoryTypes; Crm.InvoiceLogoLogs; Crm.IssueHistories; Crm.Issues; Crm.LeadForms; Crm.LoginFaileds; Crm.Logins; Crm.LogoLogs; Crm.LogoPayments; Crm.LogoServiceLogs; Crm.ManuelLeadForCallCenterQueues; Crm.MobileApplicationConfigurations; Crm.MobileConfigurationSettings; Crm.MobilePhoneNumbers; Crm.ModuleAuths; Crm.Modules; Crm.MortgageCosts; Crm.MortgageInsurances; Crm.MortgageLogs; Crm.MortgagePledgeVehicleBrandModels; Crm.MortgageTypes; Crm.Mortgages; Crm.Nationalities; Crm.NotaryLists; Crm.NotaryResults; Crm.NotificationGroupSubscriber; Crm.NotificationGroups; Crm.NotificationLogs; Crm.NotificationVariables; Crm.Occupations; Crm.OffsetLogs; Crm.OnlineUsers; Crm.Opportunities; Crm.OrganizationAreas; Crm.OrganizationHistories; Crm.OrganizationMonthlyTargets; Crm.Organizations; Crm.Performances; Crm.PlannedPeriodicDeliveryAmounts; Crm.Portfolios; Crm.PosPayments; Crm.PostVirmanQueues; Crm.PremiumBranchRates; Crm.PremiumContracts; Crm.PremiumItems; Crm.PremiumTimingGroups; Crm.PremiumTimings; Crm.PremiumUserTypeRates; Crm.Premiums; Crm.Products; Crm.QualityAnswers; Crm.QualityForms; Crm.QualityNotes; Crm.QualityQuestions; Crm.RepContracts; Crm.RepGifts; Crm.RepIbans; Crm.RepPaymentDetails; Crm.RepPaymentGroups; Crm.RepPayments; Crm.RepPointLogs; Crm.RepPoints; Crm.Reps; Crm.RestDays; Crm.RiskTrackingCosts; Crm.RiskTrackingLawyers; Crm.RiskTrackings; Crm.RoleTargets; Crm.Roles; Crm.ServiceConfigurations; Crm.ServiceRateRanges; Crm.Services; Crm.SetOffLogs; Crm.Simulations; Crm.SmsGroups; Crm.SmsLogs; Crm.SmsTemplates; Crm.SmsVerificationCodes; Crm.SustainabilityFeatureValues; Crm.SustainabilityReports; Crm.TicketHistories; Crm.Tickets; Crm.UnauthorizedProcessLogs; Crm.UserHistories; Crm.UserPortfolios; Crm.UserResponsibleBranches; Crm.UserRoles; Crm.UserTargets; Crm.Users; Crm.VariableIndexGroups; Crm.VariableIndexs; Crm.VirtualPosCommisions; Crm.VirtualPosLogs,
katilim.crm,Crm,Users,ResetPassword,bit,Evet,,Hayir,,Crm.Activities; Crm.ActivityRecords; Crm.ActivityTypes; Crm.AdForms; Crm.Advices; Crm.Announcement; Crm.AppointmentAssignments; Crm.Areas; Crm.AssignedBidApprovers; Crm.Authorities; Crm.BankDetails; Crm.BankLogs; Crm.Banks; Crm.BidInstallments; Crm.BranchCategories; Crm.CampaignBranches; Crm.CampaignItems; Crm.CampaignSources; Crm.Campaigns; Crm.CashPriceIntervalRates; Crm.ComplaintNotes; Crm.Complaints; Crm.ContractLeavingLogs; Crm.ContractLeavings; Crm.ContractProductDeliveryRange; Crm.ContractProducts; Crm.ContractRevisions; Crm.ContractTemplate; Crm.ContractTemplateVariables; Crm.CostForms; Crm.CostItems; Crm.CostTypes; Crm.Costs; Crm.CustomerLoginFaileds; Crm.CustomerLoginSmsFaileds; Crm.CustomerLogins; Crm.CustomerSources; Crm.Customers; Crm.DailyServicePricePaidLogs; Crm.DataAnalysisLogs; Crm.Debits; Crm.Deliveries; Crm.DeliveryCallHistories; Crm.DeliveryCallNotes; Crm.DeliveryCalls; Crm.DeliveryEmployees; Crm.DeliveryFiles; Crm.DeliveryPayments; Crm.DeliveryRanges; Crm.DeliveryWorkAdvances; Crm.Distraints; Crm.Documents; Crm.DrawCodes; Crm.Draws; Crm.ETesisTerkinContractIbans; Crm.ETesisTerkinIntegrations; Crm.FileTypeCategories; Crm.FileTypes; Crm.Files; Crm.Firms; Crm.GroupProducts; Crm.Groups; Crm.Guarantors; Crm.IntegrationApiLogs; Crm.IntegrationApiLogs250919; Crm.InternetSubeLogs; Crm.Inventories; Crm.InventoryDebits; Crm.InventoryTypes; Crm.InvoiceLogoLogs; Crm.IssueHistories; Crm.Issues; Crm.LeadForms; Crm.LoginFaileds; Crm.Logins; Crm.LogoLogs; Crm.LogoPayments; Crm.LogoServiceLogs; Crm.ManuelLeadForCallCenterQueues; Crm.MobileApplicationConfigurations; Crm.MobileConfigurationSettings; Crm.MobilePhoneNumbers; Crm.ModuleAuths; Crm.Modules; Crm.MortgageCosts; Crm.MortgageInsurances; Crm.MortgageLogs; Crm.MortgagePledgeVehicleBrandModels; Crm.MortgageTypes; Crm.Mortgages; Crm.Nationalities; Crm.NotaryLists; Crm.NotaryResults; Crm.NotificationGroupSubscriber; Crm.NotificationGroups; Crm.NotificationLogs; Crm.NotificationVariables; Crm.Occupations; Crm.OffsetLogs; Crm.OnlineUsers; Crm.Opportunities; Crm.OrganizationAreas; Crm.OrganizationHistories; Crm.OrganizationMonthlyTargets; Crm.Organizations; Crm.Performances; Crm.PlannedPeriodicDeliveryAmounts; Crm.Portfolios; Crm.PosPayments; Crm.PostVirmanQueues; Crm.PremiumBranchRates; Crm.PremiumContracts; Crm.PremiumItems; Crm.PremiumTimingGroups; Crm.PremiumTimings; Crm.PremiumUserTypeRates; Crm.Premiums; Crm.Products; Crm.QualityAnswers; Crm.QualityForms; Crm.QualityNotes; Crm.QualityQuestions; Crm.RepContracts; Crm.RepGifts; Crm.RepIbans; Crm.RepPaymentDetails; Crm.RepPaymentGroups; Crm.RepPayments; Crm.RepPointLogs; Crm.RepPoints; Crm.Reps; Crm.RestDays; Crm.RiskTrackingCosts; Crm.RiskTrackingLawyers; Crm.RiskTrackings; Crm.RoleTargets; Crm.Roles; Crm.ServiceConfigurations; Crm.ServiceRateRanges; Crm.Services; Crm.SetOffLogs; Crm.Simulations; Crm.SmsGroups; Crm.SmsLogs; Crm.SmsTemplates; Crm.SmsVerificationCodes; Crm.SustainabilityFeatureValues; Crm.SustainabilityReports; Crm.TicketHistories; Crm.Tickets; Crm.UnauthorizedProcessLogs; Crm.UserHistories; Crm.UserPortfolios; Crm.UserResponsibleBranches; Crm.UserRoles; Crm.UserTargets; Crm.Users; Crm.VariableIndexGroups; Crm.VariableIndexs; Crm.VirtualPosCommisions; Crm.VirtualPosLogs,
katilim.crm,Crm,Users,FirstName,nvarchar(100),Evet,,Hayir,,Crm.Activities; Crm.ActivityRecords; Crm.ActivityTypes; Crm.AdForms; Crm.Advices; Crm.Announcement; Crm.AppointmentAssignments; Crm.Areas; Crm.AssignedBidApprovers; Crm.Authorities; Crm.BankDetails; Crm.BankLogs; Crm.Banks; Crm.BidInstallments; Crm.BranchCategories; Crm.CampaignBranches; Crm.CampaignItems; Crm.CampaignSources; Crm.Campaigns; Crm.CashPriceIntervalRates; Crm.ComplaintNotes; Crm.Complaints; Crm.ContractLeavingLogs; Crm.ContractLeavings; Crm.ContractProductDeliveryRange; Crm.ContractProducts; Crm.ContractRevisions; Crm.ContractTemplate; Crm.ContractTemplateVariables; Crm.CostForms; Crm.CostItems; Crm.CostTypes; Crm.Costs; Crm.CustomerLoginFaileds; Crm.CustomerLoginSmsFaileds; Crm.CustomerLogins; Crm.CustomerSources; Crm.Customers; Crm.DailyServicePricePaidLogs; Crm.DataAnalysisLogs; Crm.Debits; Crm.Deliveries; Crm.DeliveryCallHistories; Crm.DeliveryCallNotes; Crm.DeliveryCalls; Crm.DeliveryEmployees; Crm.DeliveryFiles; Crm.DeliveryPayments; Crm.DeliveryRanges; Crm.DeliveryWorkAdvances; Crm.Distraints; Crm.Documents; Crm.DrawCodes; Crm.Draws; Crm.ETesisTerkinContractIbans; Crm.ETesisTerkinIntegrations; Crm.FileTypeCategories; Crm.FileTypes; Crm.Files; Crm.Firms; Crm.GroupProducts; Crm.Groups; Crm.Guarantors; Crm.IntegrationApiLogs; Crm.IntegrationApiLogs250919; Crm.InternetSubeLogs; Crm.Inventories; Crm.InventoryDebits; Crm.InventoryTypes; Crm.InvoiceLogoLogs; Crm.IssueHistories; Crm.Issues; Crm.LeadForms; Crm.LoginFaileds; Crm.Logins; Crm.LogoLogs; Crm.LogoPayments; Crm.LogoServiceLogs; Crm.ManuelLeadForCallCenterQueues; Crm.MobileApplicationConfigurations; Crm.MobileConfigurationSettings; Crm.MobilePhoneNumbers; Crm.ModuleAuths; Crm.Modules; Crm.MortgageCosts; Crm.MortgageInsurances; Crm.MortgageLogs; Crm.MortgagePledgeVehicleBrandModels; Crm.MortgageTypes; Crm.Mortgages; Crm.Nationalities; Crm.NotaryLists; Crm.NotaryResults; Crm.NotificationGroupSubscriber; Crm.NotificationGroups; Crm.NotificationLogs; Crm.NotificationVariables; Crm.Occupations; Crm.OffsetLogs; Crm.OnlineUsers; Crm.Opportunities; Crm.OrganizationAreas; Crm.OrganizationHistories; Crm.OrganizationMonthlyTargets; Crm.Organizations; Crm.Performances; Crm.PlannedPeriodicDeliveryAmounts; Crm.Portfolios; Crm.PosPayments; Crm.PostVirmanQueues; Crm.PremiumBranchRates; Crm.PremiumContracts; Crm.PremiumItems; Crm.PremiumTimingGroups; Crm.PremiumTimings; Crm.PremiumUserTypeRates; Crm.Premiums; Crm.Products; Crm.QualityAnswers; Crm.QualityForms; Crm.QualityNotes; Crm.QualityQuestions; Crm.RepContracts; Crm.RepGifts; Crm.RepIbans; Crm.RepPaymentDetails; Crm.RepPaymentGroups; Crm.RepPayments; Crm.RepPointLogs; Crm.RepPoints; Crm.Reps; Crm.RestDays; Crm.RiskTrackingCosts; Crm.RiskTrackingLawyers; Crm.RiskTrackings; Crm.RoleTargets; Crm.Roles; Crm.ServiceConfigurations; Crm.ServiceRateRanges; Crm.Services; Crm.SetOffLogs; Crm.Simulations; Crm.SmsGroups; Crm.SmsLogs; Crm.SmsTemplates; Crm.SmsVerificationCodes; Crm.SustainabilityFeatureValues; Crm.SustainabilityReports; Crm.TicketHistories; Crm.Tickets; Crm.UnauthorizedProcessLogs; Crm.UserHistories; Crm.UserPortfolios; Crm.UserResponsibleBranches; Crm.UserRoles; Crm.UserTargets; Crm.Users; Crm.VariableIndexGroups; Crm.VariableIndexs; Crm.VirtualPosCommisions; Crm.VirtualPosLogs,
katilim.crm,Crm,Users,Surname,nvarchar(100),Evet,,Hayir,,Crm.Activities; Crm.ActivityRecords; Crm.ActivityTypes; Crm.AdForms; Crm.Advices; Crm.Announcement; Crm.AppointmentAssignments; Crm.Areas; Crm.AssignedBidApprovers; Crm.Authorities; Crm.BankDetails; Crm.BankLogs; Crm.Banks; Crm.BidInstallments; Crm.BranchCategories; Crm.CampaignBranches; Crm.CampaignItems; Crm.CampaignSources; Crm.Campaigns; Crm.CashPriceIntervalRates; Crm.ComplaintNotes; Crm.Complaints; Crm.ContractLeavingLogs; Crm.ContractLeavings; Crm.ContractProductDeliveryRange; Crm.ContractProducts; Crm.ContractRevisions; Crm.ContractTemplate; Crm.ContractTemplateVariables; Crm.CostForms; Crm.CostItems; Crm.CostTypes; Crm.Costs; Crm.CustomerLoginFaileds; Crm.CustomerLoginSmsFaileds; Crm.CustomerLogins; Crm.CustomerSources; Crm.Customers; Crm.DailyServicePricePaidLogs; Crm.DataAnalysisLogs; Crm.Debits; Crm.Deliveries; Crm.DeliveryCallHistories; Crm.DeliveryCallNotes; Crm.DeliveryCalls; Crm.DeliveryEmployees; Crm.DeliveryFiles; Crm.DeliveryPayments; Crm.DeliveryRanges; Crm.DeliveryWorkAdvances; Crm.Distraints; Crm.Documents; Crm.DrawCodes; Crm.Draws; Crm.ETesisTerkinContractIbans; Crm.ETesisTerkinIntegrations; Crm.FileTypeCategories; Crm.FileTypes; Crm.Files; Crm.Firms; Crm.GroupProducts; Crm.Groups; Crm.Guarantors; Crm.IntegrationApiLogs; Crm.IntegrationApiLogs250919; Crm.InternetSubeLogs; Crm.Inventories; Crm.InventoryDebits; Crm.InventoryTypes; Crm.InvoiceLogoLogs; Crm.IssueHistories; Crm.Issues; Crm.LeadForms; Crm.LoginFaileds; Crm.Logins; Crm.LogoLogs; Crm.LogoPayments; Crm.LogoServiceLogs; Crm.ManuelLeadForCallCenterQueues; Crm.MobileApplicationConfigurations; Crm.MobileConfigurationSettings; Crm.MobilePhoneNumbers; Crm.ModuleAuths; Crm.Modules; Crm.MortgageCosts; Crm.MortgageInsurances; Crm.MortgageLogs; Crm.MortgagePledgeVehicleBrandModels; Crm.MortgageTypes; Crm.Mortgages; Crm.Nationalities; Crm.NotaryLists; Crm.NotaryResults; Crm.NotificationGroupSubscriber; Crm.NotificationGroups; Crm.NotificationLogs; Crm.NotificationVariables; Crm.Occupations; Crm.OffsetLogs; Crm.OnlineUsers; Crm.Opportunities; Crm.OrganizationAreas; Crm.OrganizationHistories; Crm.OrganizationMonthlyTargets; Crm.Organizations; Crm.Performances; Crm.PlannedPeriodicDeliveryAmounts; Crm.Portfolios; Crm.PosPayments; Crm.PostVirmanQueues; Crm.PremiumBranchRates; Crm.PremiumContracts; Crm.PremiumItems; Crm.PremiumTimingGroups; Crm.PremiumTimings; Crm.PremiumUserTypeRates; Crm.Premiums; Crm.Products; Crm.QualityAnswers; Crm.QualityForms; Crm.QualityNotes; Crm.QualityQuestions; Crm.RepContracts; Crm.RepGifts; Crm.RepIbans; Crm.RepPaymentDetails; Crm.RepPaymentGroups; Crm.RepPayments; Crm.RepPointLogs; Crm.RepPoints; Crm.Reps; Crm.RestDays; Crm.RiskTrackingCosts; Crm.RiskTrackingLawyers; Crm.RiskTrackings; Crm.RoleTargets; Crm.Roles; Crm.ServiceConfigurations; Crm.ServiceRateRanges; Crm.Services; Crm.SetOffLogs; Crm.Simulations; Crm.SmsGroups; Crm.SmsLogs; Crm.SmsTemplates; Crm.SmsVerificationCodes; Crm.SustainabilityFeatureValues; Crm.SustainabilityReports; Crm.TicketHistories; Crm.Tickets; Crm.UnauthorizedProcessLogs; Crm.UserHistories; Crm.UserPortfolios; Crm.UserResponsibleBranches; Crm.UserRoles; Crm.UserTargets; Crm.Users; Crm.VariableIndexGroups; Crm.VariableIndexs; Crm.VirtualPosCommisions; Crm.VirtualPosLogs,
katilim.crm,Crm,Users,LoginFailedCount,smallint,Hayir,((0)),Hayir,,Crm.Activities; Crm.ActivityRecords; Crm.ActivityTypes; Crm.AdForms; Crm.Advices; Crm.Announcement; Crm.AppointmentAssignments; Crm.Areas; Crm.AssignedBidApprovers; Crm.Authorities; Crm.BankDetails; Crm.BankLogs; Crm.Banks; Crm.BidInstallments; Crm.BranchCategories; Crm.CampaignBranches; Crm.CampaignItems; Crm.CampaignSources; Crm.Campaigns; Crm.CashPriceIntervalRates; Crm.ComplaintNotes; Crm.Complaints; Crm.ContractLeavingLogs; Crm.ContractLeavings; Crm.ContractProductDeliveryRange; Crm.ContractProducts; Crm.ContractRevisions; Crm.ContractTemplate; Crm.ContractTemplateVariables; Crm.CostForms; Crm.CostItems; Crm.CostTypes; Crm.Costs; Crm.CustomerLoginFaileds; Crm.CustomerLoginSmsFaileds; Crm.CustomerLogins; Crm.CustomerSources; Crm.Customers; Crm.DailyServicePricePaidLogs; Crm.DataAnalysisLogs; Crm.Debits; Crm.Deliveries; Crm.DeliveryCallHistories; Crm.DeliveryCallNotes; Crm.DeliveryCalls; Crm.DeliveryEmployees; Crm.DeliveryFiles; Crm.DeliveryPayments; Crm.DeliveryRanges; Crm.DeliveryWorkAdvances; Crm.Distraints; Crm.Documents; Crm.DrawCodes; Crm.Draws; Crm.ETesisTerkinContractIbans; Crm.ETesisTerkinIntegrations; Crm.FileTypeCategories; Crm.FileTypes; Crm.Files; Crm.Firms; Crm.GroupProducts; Crm.Groups; Crm.Guarantors; Crm.IntegrationApiLogs; Crm.IntegrationApiLogs250919; Crm.InternetSubeLogs; Crm.Inventories; Crm.InventoryDebits; Crm.InventoryTypes; Crm.InvoiceLogoLogs; Crm.IssueHistories; Crm.Issues; Crm.LeadForms; Crm.LoginFaileds; Crm.Logins; Crm.LogoLogs; Crm.LogoPayments; Crm.LogoServiceLogs; Crm.ManuelLeadForCallCenterQueues; Crm.MobileApplicationConfigurations; Crm.MobileConfigurationSettings; Crm.MobilePhoneNumbers; Crm.ModuleAuths; Crm.Modules; Crm.MortgageCosts; Crm.MortgageInsurances; Crm.MortgageLogs; Crm.MortgagePledgeVehicleBrandModels; Crm.MortgageTypes; Crm.Mortgages; Crm.Nationalities; Crm.NotaryLists; Crm.NotaryResults; Crm.NotificationGroupSubscriber; Crm.NotificationGroups; Crm.NotificationLogs; Crm.NotificationVariables; Crm.Occupations; Crm.OffsetLogs; Crm.OnlineUsers; Crm.Opportunities; Crm.OrganizationAreas; Crm.OrganizationHistories; Crm.OrganizationMonthlyTargets; Crm.Organizations; Crm.Performances; Crm.PlannedPeriodicDeliveryAmounts; Crm.Portfolios; Crm.PosPayments; Crm.PostVirmanQueues; Crm.PremiumBranchRates; Crm.PremiumContracts; Crm.PremiumItems; Crm.PremiumTimingGroups; Crm.PremiumTimings; Crm.PremiumUserTypeRates; Crm.Premiums; Crm.Products; Crm.QualityAnswers; Crm.QualityForms; Crm.QualityNotes; Crm.QualityQuestions; Crm.RepContracts; Crm.RepGifts; Crm.RepIbans; Crm.RepPaymentDetails; Crm.RepPaymentGroups; Crm.RepPayments; Crm.RepPointLogs; Crm.RepPoints; Crm.Reps; Crm.RestDays; Crm.RiskTrackingCosts; Crm.RiskTrackingLawyers; Crm.RiskTrackings; Crm.RoleTargets; Crm.Roles; Crm.ServiceConfigurations; Crm.ServiceRateRanges; Crm.Services; Crm.SetOffLogs; Crm.Simulations; Crm.SmsGroups; Crm.SmsLogs; Crm.SmsTemplates; Crm.SmsVerificationCodes; Crm.SustainabilityFeatureValues; Crm.SustainabilityReports; Crm.TicketHistories; Crm.Tickets; Crm.UnauthorizedProcessLogs; Crm.UserHistories; Crm.UserPortfolios; Crm.UserResponsibleBranches; Crm.UserRoles; Crm.UserTargets; Crm.Users; Crm.VariableIndexGroups; Crm.VariableIndexs; Crm.VirtualPosCommisions; Crm.VirtualPosLogs,
katilim.crm,Crm,Users,SecondCurrentCode,nvarchar(100),Evet,,Hayir,,Crm.Activities; Crm.ActivityRecords; Crm.ActivityTypes; Crm.AdForms; Crm.Advices; Crm.Announcement; Crm.AppointmentAssignments; Crm.Areas; Crm.AssignedBidApprovers; Crm.Authorities; Crm.BankDetails; Crm.BankLogs; Crm.Banks; Crm.BidInstallments; Crm.BranchCategories; Crm.CampaignBranches; Crm.CampaignItems; Crm.CampaignSources; Crm.Campaigns; Crm.CashPriceIntervalRates; Crm.ComplaintNotes; Crm.Complaints; Crm.ContractLeavingLogs; Crm.ContractLeavings; Crm.ContractProductDeliveryRange; Crm.ContractProducts; Crm.ContractRevisions; Crm.ContractTemplate; Crm.ContractTemplateVariables; Crm.CostForms; Crm.CostItems; Crm.CostTypes; Crm.Costs; Crm.CustomerLoginFaileds; Crm.CustomerLoginSmsFaileds; Crm.CustomerLogins; Crm.CustomerSources; Crm.Customers; Crm.DailyServicePricePaidLogs; Crm.DataAnalysisLogs; Crm.Debits; Crm.Deliveries; Crm.DeliveryCallHistories; Crm.DeliveryCallNotes; Crm.DeliveryCalls; Crm.DeliveryEmployees; Crm.DeliveryFiles; Crm.DeliveryPayments; Crm.DeliveryRanges; Crm.DeliveryWorkAdvances; Crm.Distraints; Crm.Documents; Crm.DrawCodes; Crm.Draws; Crm.ETesisTerkinContractIbans; Crm.ETesisTerkinIntegrations; Crm.FileTypeCategories; Crm.FileTypes; Crm.Files; Crm.Firms; Crm.GroupProducts; Crm.Groups; Crm.Guarantors; Crm.IntegrationApiLogs; Crm.IntegrationApiLogs250919; Crm.InternetSubeLogs; Crm.Inventories; Crm.InventoryDebits; Crm.InventoryTypes; Crm.InvoiceLogoLogs; Crm.IssueHistories; Crm.Issues; Crm.LeadForms; Crm.LoginFaileds; Crm.Logins; Crm.LogoLogs; Crm.LogoPayments; Crm.LogoServiceLogs; Crm.ManuelLeadForCallCenterQueues; Crm.MobileApplicationConfigurations; Crm.MobileConfigurationSettings; Crm.MobilePhoneNumbers; Crm.ModuleAuths; Crm.Modules; Crm.MortgageCosts; Crm.MortgageInsurances; Crm.MortgageLogs; Crm.MortgagePledgeVehicleBrandModels; Crm.MortgageTypes; Crm.Mortgages; Crm.Nationalities; Crm.NotaryLists; Crm.NotaryResults; Crm.NotificationGroupSubscriber; Crm.NotificationGroups; Crm.NotificationLogs; Crm.NotificationVariables; Crm.Occupations; Crm.OffsetLogs; Crm.OnlineUsers; Crm.Opportunities; Crm.OrganizationAreas; Crm.OrganizationHistories; Crm.OrganizationMonthlyTargets; Crm.Organizations; Crm.Performances; Crm.PlannedPeriodicDeliveryAmounts; Crm.Portfolios; Crm.PosPayments; Crm.PostVirmanQueues; Crm.PremiumBranchRates; Crm.PremiumContracts; Crm.PremiumItems; Crm.PremiumTimingGroups; Crm.PremiumTimings; Crm.PremiumUserTypeRates; Crm.Premiums; Crm.Products; Crm.QualityAnswers; Crm.QualityForms; Crm.QualityNotes; Crm.QualityQuestions; Crm.RepContracts; Crm.RepGifts; Crm.RepIbans; Crm.RepPaymentDetails; Crm.RepPaymentGroups; Crm.RepPayments; Crm.RepPointLogs; Crm.RepPoints; Crm.Reps; Crm.RestDays; Crm.RiskTrackingCosts; Crm.RiskTrackingLawyers; Crm.RiskTrackings; Crm.RoleTargets; Crm.Roles; Crm.ServiceConfigurations; Crm.ServiceRateRanges; Crm.Services; Crm.SetOffLogs; Crm.Simulations; Crm.SmsGroups; Crm.SmsLogs; Crm.SmsTemplates; Crm.SmsVerificationCodes; Crm.SustainabilityFeatureValues; Crm.SustainabilityReports; Crm.TicketHistories; Crm.Tickets; Crm.UnauthorizedProcessLogs; Crm.UserHistories; Crm.UserPortfolios; Crm.UserResponsibleBranches; Crm.UserRoles; Crm.UserTargets; Crm.Users; Crm.VariableIndexGroups; Crm.VariableIndexs; Crm.VirtualPosCommisions; Crm.VirtualPosLogs,
katilim.crm,Crm,Users,UType,int,Hayir,((1)),Hayir,,Crm.Activities; Crm.ActivityRecords; Crm.ActivityTypes; Crm.AdForms; Crm.Advices; Crm.Announcement; Crm.AppointmentAssignments; Crm.Areas; Crm.AssignedBidApprovers; Crm.Authorities; Crm.BankDetails; Crm.BankLogs; Crm.Banks; Crm.BidInstallments; Crm.BranchCategories; Crm.CampaignBranches; Crm.CampaignItems; Crm.CampaignSources; Crm.Campaigns; Crm.CashPriceIntervalRates; Crm.ComplaintNotes; Crm.Complaints; Crm.ContractLeavingLogs; Crm.ContractLeavings; Crm.ContractProductDeliveryRange; Crm.ContractProducts; Crm.ContractRevisions; Crm.ContractTemplate; Crm.ContractTemplateVariables; Crm.CostForms; Crm.CostItems; Crm.CostTypes; Crm.Costs; Crm.CustomerLoginFaileds; Crm.CustomerLoginSmsFaileds; Crm.CustomerLogins; Crm.CustomerSources; Crm.Customers; Crm.DailyServicePricePaidLogs; Crm.DataAnalysisLogs; Crm.Debits; Crm.Deliveries; Crm.DeliveryCallHistories; Crm.DeliveryCallNotes; Crm.DeliveryCalls; Crm.DeliveryEmployees; Crm.DeliveryFiles; Crm.DeliveryPayments; Crm.DeliveryRanges; Crm.DeliveryWorkAdvances; Crm.Distraints; Crm.Documents; Crm.DrawCodes; Crm.Draws; Crm.ETesisTerkinContractIbans; Crm.ETesisTerkinIntegrations; Crm.FileTypeCategories; Crm.FileTypes; Crm.Files; Crm.Firms; Crm.GroupProducts; Crm.Groups; Crm.Guarantors; Crm.IntegrationApiLogs; Crm.IntegrationApiLogs250919; Crm.InternetSubeLogs; Crm.Inventories; Crm.InventoryDebits; Crm.InventoryTypes; Crm.InvoiceLogoLogs; Crm.IssueHistories; Crm.Issues; Crm.LeadForms; Crm.LoginFaileds; Crm.Logins; Crm.LogoLogs; Crm.LogoPayments; Crm.LogoServiceLogs; Crm.ManuelLeadForCallCenterQueues; Crm.MobileApplicationConfigurations; Crm.MobileConfigurationSettings; Crm.MobilePhoneNumbers; Crm.ModuleAuths; Crm.Modules; Crm.MortgageCosts; Crm.MortgageInsurances; Crm.MortgageLogs; Crm.MortgagePledgeVehicleBrandModels; Crm.MortgageTypes; Crm.Mortgages; Crm.Nationalities; Crm.NotaryLists; Crm.NotaryResults; Crm.NotificationGroupSubscriber; Crm.NotificationGroups; Crm.NotificationLogs; Crm.NotificationVariables; Crm.Occupations; Crm.OffsetLogs; Crm.OnlineUsers; Crm.Opportunities; Crm.OrganizationAreas; Crm.OrganizationHistories; Crm.OrganizationMonthlyTargets; Crm.Organizations; Crm.Performances; Crm.PlannedPeriodicDeliveryAmounts; Crm.Portfolios; Crm.PosPayments; Crm.PostVirmanQueues; Crm.PremiumBranchRates; Crm.PremiumContracts; Crm.PremiumItems; Crm.PremiumTimingGroups; Crm.PremiumTimings; Crm.PremiumUserTypeRates; Crm.Premiums; Crm.Products; Crm.QualityAnswers; Crm.QualityForms; Crm.QualityNotes; Crm.QualityQuestions; Crm.RepContracts; Crm.RepGifts; Crm.RepIbans; Crm.RepPaymentDetails; Crm.RepPaymentGroups; Crm.RepPayments; Crm.RepPointLogs; Crm.RepPoints; Crm.Reps; Crm.RestDays; Crm.RiskTrackingCosts; Crm.RiskTrackingLawyers; Crm.RiskTrackings; Crm.RoleTargets; Crm.Roles; Crm.ServiceConfigurations; Crm.ServiceRateRanges; Crm.Services; Crm.SetOffLogs; Crm.Simulations; Crm.SmsGroups; Crm.SmsLogs; Crm.SmsTemplates; Crm.SmsVerificationCodes; Crm.SustainabilityFeatureValues; Crm.SustainabilityReports; Crm.TicketHistories; Crm.Tickets; Crm.UnauthorizedProcessLogs; Crm.UserHistories; Crm.UserPortfolios; Crm.UserResponsibleBranches; Crm.UserRoles; Crm.UserTargets; Crm.Users; Crm.VariableIndexGroups; Crm.VariableIndexs; Crm.VirtualPosCommisions; Crm.VirtualPosLogs,
katilim.crm,Crm,Users,PathStatus,smallint,Hayir,((1)),Hayir,,Crm.Activities; Crm.ActivityRecords; Crm.ActivityTypes; Crm.AdForms; Crm.Advices; Crm.Announcement; Crm.AppointmentAssignments; Crm.Areas; Crm.AssignedBidApprovers; Crm.Authorities; Crm.BankDetails; Crm.BankLogs; Crm.Banks; Crm.BidInstallments; Crm.BranchCategories; Crm.CampaignBranches; Crm.CampaignItems; Crm.CampaignSources; Crm.Campaigns; Crm.CashPriceIntervalRates; Crm.ComplaintNotes; Crm.Complaints; Crm.ContractLeavingLogs; Crm.ContractLeavings; Crm.ContractProductDeliveryRange; Crm.ContractProducts; Crm.ContractRevisions; Crm.ContractTemplate; Crm.ContractTemplateVariables; Crm.CostForms; Crm.CostItems; Crm.CostTypes; Crm.Costs; Crm.CustomerLoginFaileds; Crm.CustomerLoginSmsFaileds; Crm.CustomerLogins; Crm.CustomerSources; Crm.Customers; Crm.DailyServicePricePaidLogs; Crm.DataAnalysisLogs; Crm.Debits; Crm.Deliveries; Crm.DeliveryCallHistories; Crm.DeliveryCallNotes; Crm.DeliveryCalls; Crm.DeliveryEmployees; Crm.DeliveryFiles; Crm.DeliveryPayments; Crm.DeliveryRanges; Crm.DeliveryWorkAdvances; Crm.Distraints; Crm.Documents; Crm.DrawCodes; Crm.Draws; Crm.ETesisTerkinContractIbans; Crm.ETesisTerkinIntegrations; Crm.FileTypeCategories; Crm.FileTypes; Crm.Files; Crm.Firms; Crm.GroupProducts; Crm.Groups; Crm.Guarantors; Crm.IntegrationApiLogs; Crm.IntegrationApiLogs250919; Crm.InternetSubeLogs; Crm.Inventories; Crm.InventoryDebits; Crm.InventoryTypes; Crm.InvoiceLogoLogs; Crm.IssueHistories; Crm.Issues; Crm.LeadForms; Crm.LoginFaileds; Crm.Logins; Crm.LogoLogs; Crm.LogoPayments; Crm.LogoServiceLogs; Crm.ManuelLeadForCallCenterQueues; Crm.MobileApplicationConfigurations; Crm.MobileConfigurationSettings; Crm.MobilePhoneNumbers; Crm.ModuleAuths; Crm.Modules; Crm.MortgageCosts; Crm.MortgageInsurances; Crm.MortgageLogs; Crm.MortgagePledgeVehicleBrandModels; Crm.MortgageTypes; Crm.Mortgages; Crm.Nationalities; Crm.NotaryLists; Crm.NotaryResults; Crm.NotificationGroupSubscriber; Crm.NotificationGroups; Crm.NotificationLogs; Crm.NotificationVariables; Crm.Occupations; Crm.OffsetLogs; Crm.OnlineUsers; Crm.Opportunities; Crm.OrganizationAreas; Crm.OrganizationHistories; Crm.OrganizationMonthlyTargets; Crm.Organizations; Crm.Performances; Crm.PlannedPeriodicDeliveryAmounts; Crm.Portfolios; Crm.PosPayments; Crm.PostVirmanQueues; Crm.PremiumBranchRates; Crm.PremiumContracts; Crm.PremiumItems; Crm.PremiumTimingGroups; Crm.PremiumTimings; Crm.PremiumUserTypeRates; Crm.Premiums; Crm.Products; Crm.QualityAnswers; Crm.QualityForms; Crm.QualityNotes; Crm.QualityQuestions; Crm.RepContracts; Crm.RepGifts; Crm.RepIbans; Crm.RepPaymentDetails; Crm.RepPaymentGroups; Crm.RepPayments; Crm.RepPointLogs; Crm.RepPoints; Crm.Reps; Crm.RestDays; Crm.RiskTrackingCosts; Crm.RiskTrackingLawyers; Crm.RiskTrackings; Crm.RoleTargets; Crm.Roles; Crm.ServiceConfigurations; Crm.ServiceRateRanges; Crm.Services; Crm.SetOffLogs; Crm.Simulations; Crm.SmsGroups; Crm.SmsLogs; Crm.SmsTemplates; Crm.SmsVerificationCodes; Crm.SustainabilityFeatureValues; Crm.SustainabilityReports; Crm.TicketHistories; Crm.Tickets; Crm.UnauthorizedProcessLogs; Crm.UserHistories; Crm.UserPortfolios; Crm.UserResponsibleBranches; Crm.UserRoles; Crm.UserTargets; Crm.Users; Crm.VariableIndexGroups; Crm.VariableIndexs; Crm.VirtualPosCommisions; Crm.VirtualPosLogs,
katilim.crm,Crm,Users,TransferDescription,nvarchar(500),Evet,,Hayir,,Crm.Activities; Crm.ActivityRecords; Crm.ActivityTypes; Crm.AdForms; Crm.Advices; Crm.Announcement; Crm.AppointmentAssignments; Crm.Areas; Crm.AssignedBidApprovers; Crm.Authorities; Crm.BankDetails; Crm.BankLogs; Crm.Banks; Crm.BidInstallments; Crm.BranchCategories; Crm.CampaignBranches; Crm.CampaignItems; Crm.CampaignSources; Crm.Campaigns; Crm.CashPriceIntervalRates; Crm.ComplaintNotes; Crm.Complaints; Crm.ContractLeavingLogs; Crm.ContractLeavings; Crm.ContractProductDeliveryRange; Crm.ContractProducts; Crm.ContractRevisions; Crm.ContractTemplate; Crm.ContractTemplateVariables; Crm.CostForms; Crm.CostItems; Crm.CostTypes; Crm.Costs; Crm.CustomerLoginFaileds; Crm.CustomerLoginSmsFaileds; Crm.CustomerLogins; Crm.CustomerSources; Crm.Customers; Crm.DailyServicePricePaidLogs; Crm.DataAnalysisLogs; Crm.Debits; Crm.Deliveries; Crm.DeliveryCallHistories; Crm.DeliveryCallNotes; Crm.DeliveryCalls; Crm.DeliveryEmployees; Crm.DeliveryFiles; Crm.DeliveryPayments; Crm.DeliveryRanges; Crm.DeliveryWorkAdvances; Crm.Distraints; Crm.Documents; Crm.DrawCodes; Crm.Draws; Crm.ETesisTerkinContractIbans; Crm.ETesisTerkinIntegrations; Crm.FileTypeCategories; Crm.FileTypes; Crm.Files; Crm.Firms; Crm.GroupProducts; Crm.Groups; Crm.Guarantors; Crm.IntegrationApiLogs; Crm.IntegrationApiLogs250919; Crm.InternetSubeLogs; Crm.Inventories; Crm.InventoryDebits; Crm.InventoryTypes; Crm.InvoiceLogoLogs; Crm.IssueHistories; Crm.Issues; Crm.LeadForms; Crm.LoginFaileds; Crm.Logins; Crm.LogoLogs; Crm.LogoPayments; Crm.LogoServiceLogs; Crm.ManuelLeadForCallCenterQueues; Crm.MobileApplicationConfigurations; Crm.MobileConfigurationSettings; Crm.MobilePhoneNumbers; Crm.ModuleAuths; Crm.Modules; Crm.MortgageCosts; Crm.MortgageInsurances; Crm.MortgageLogs; Crm.MortgagePledgeVehicleBrandModels; Crm.MortgageTypes; Crm.Mortgages; Crm.Nationalities; Crm.NotaryLists; Crm.NotaryResults; Crm.NotificationGroupSubscriber; Crm.NotificationGroups; Crm.NotificationLogs; Crm.NotificationVariables; Crm.Occupations; Crm.OffsetLogs; Crm.OnlineUsers; Crm.Opportunities; Crm.OrganizationAreas; Crm.OrganizationHistories; Crm.OrganizationMonthlyTargets; Crm.Organizations; Crm.Performances; Crm.PlannedPeriodicDeliveryAmounts; Crm.Portfolios; Crm.PosPayments; Crm.PostVirmanQueues; Crm.PremiumBranchRates; Crm.PremiumContracts; Crm.PremiumItems; Crm.PremiumTimingGroups; Crm.PremiumTimings; Crm.PremiumUserTypeRates; Crm.Premiums; Crm.Products; Crm.QualityAnswers; Crm.QualityForms; Crm.QualityNotes; Crm.QualityQuestions; Crm.RepContracts; Crm.RepGifts; Crm.RepIbans; Crm.RepPaymentDetails; Crm.RepPaymentGroups; Crm.RepPayments; Crm.RepPointLogs; Crm.RepPoints; Crm.Reps; Crm.RestDays; Crm.RiskTrackingCosts; Crm.RiskTrackingLawyers; Crm.RiskTrackings; Crm.RoleTargets; Crm.Roles; Crm.ServiceConfigurations; Crm.ServiceRateRanges; Crm.Services; Crm.SetOffLogs; Crm.Simulations; Crm.SmsGroups; Crm.SmsLogs; Crm.SmsTemplates; Crm.SmsVerificationCodes; Crm.SustainabilityFeatureValues; Crm.SustainabilityReports; Crm.TicketHistories; Crm.Tickets; Crm.UnauthorizedProcessLogs; Crm.UserHistories; Crm.UserPortfolios; Crm.UserResponsibleBranches; Crm.UserRoles; Crm.UserTargets; Crm.Users; Crm.VariableIndexGroups; Crm.VariableIndexs; Crm.VirtualPosCommisions; Crm.VirtualPosLogs,
katilim.crm,Crm,Users,IsVisibleMobilePhone,bit,Hayir,((1)),Hayir,,Crm.Activities; Crm.ActivityRecords; Crm.ActivityTypes; Crm.AdForms; Crm.Advices; Crm.Announcement; Crm.AppointmentAssignments; Crm.Areas; Crm.AssignedBidApprovers; Crm.Authorities; Crm.BankDetails; Crm.BankLogs; Crm.Banks; Crm.BidInstallments; Crm.BranchCategories; Crm.CampaignBranches; Crm.CampaignItems; Crm.CampaignSources; Crm.Campaigns; Crm.CashPriceIntervalRates; Crm.ComplaintNotes; Crm.Complaints; Crm.ContractLeavingLogs; Crm.ContractLeavings; Crm.ContractProductDeliveryRange; Crm.ContractProducts; Crm.ContractRevisions; Crm.ContractTemplate; Crm.ContractTemplateVariables; Crm.CostForms; Crm.CostItems; Crm.CostTypes; Crm.Costs; Crm.CustomerLoginFaileds; Crm.CustomerLoginSmsFaileds; Crm.CustomerLogins; Crm.CustomerSources; Crm.Customers; Crm.DailyServicePricePaidLogs; Crm.DataAnalysisLogs; Crm.Debits; Crm.Deliveries; Crm.DeliveryCallHistories; Crm.DeliveryCallNotes; Crm.DeliveryCalls; Crm.DeliveryEmployees; Crm.DeliveryFiles; Crm.DeliveryPayments; Crm.DeliveryRanges; Crm.DeliveryWorkAdvances; Crm.Distraints; Crm.Documents; Crm.DrawCodes; Crm.Draws; Crm.ETesisTerkinContractIbans; Crm.ETesisTerkinIntegrations; Crm.FileTypeCategories; Crm.FileTypes; Crm.Files; Crm.Firms; Crm.GroupProducts; Crm.Groups; Crm.Guarantors; Crm.IntegrationApiLogs; Crm.IntegrationApiLogs250919; Crm.InternetSubeLogs; Crm.Inventories; Crm.InventoryDebits; Crm.InventoryTypes; Crm.InvoiceLogoLogs; Crm.IssueHistories; Crm.Issues; Crm.LeadForms; Crm.LoginFaileds; Crm.Logins; Crm.LogoLogs; Crm.LogoPayments; Crm.LogoServiceLogs; Crm.ManuelLeadForCallCenterQueues; Crm.MobileApplicationConfigurations; Crm.MobileConfigurationSettings; Crm.MobilePhoneNumbers; Crm.ModuleAuths; Crm.Modules; Crm.MortgageCosts; Crm.MortgageInsurances; Crm.MortgageLogs; Crm.MortgagePledgeVehicleBrandModels; Crm.MortgageTypes; Crm.Mortgages; Crm.Nationalities; Crm.NotaryLists; Crm.NotaryResults; Crm.NotificationGroupSubscriber; Crm.NotificationGroups; Crm.NotificationLogs; Crm.NotificationVariables; Crm.Occupations; Crm.OffsetLogs; Crm.OnlineUsers; Crm.Opportunities; Crm.OrganizationAreas; Crm.OrganizationHistories; Crm.OrganizationMonthlyTargets; Crm.Organizations; Crm.Performances; Crm.PlannedPeriodicDeliveryAmounts; Crm.Portfolios; Crm.PosPayments; Crm.PostVirmanQueues; Crm.PremiumBranchRates; Crm.PremiumContracts; Crm.PremiumItems; Crm.PremiumTimingGroups; Crm.PremiumTimings; Crm.PremiumUserTypeRates; Crm.Premiums; Crm.Products; Crm.QualityAnswers; Crm.QualityForms; Crm.QualityNotes; Crm.QualityQuestions; Crm.RepContracts; Crm.RepGifts; Crm.RepIbans; Crm.RepPaymentDetails; Crm.RepPaymentGroups; Crm.RepPayments; Crm.RepPointLogs; Crm.RepPoints; Crm.Reps; Crm.RestDays; Crm.RiskTrackingCosts; Crm.RiskTrackingLawyers; Crm.RiskTrackings; Crm.RoleTargets; Crm.Roles; Crm.ServiceConfigurations; Crm.ServiceRateRanges; Crm.Services; Crm.SetOffLogs; Crm.Simulations; Crm.SmsGroups; Crm.SmsLogs; Crm.SmsTemplates; Crm.SmsVerificationCodes; Crm.SustainabilityFeatureValues; Crm.SustainabilityReports; Crm.TicketHistories; Crm.Tickets; Crm.UnauthorizedProcessLogs; Crm.UserHistories; Crm.UserPortfolios; Crm.UserResponsibleBranches; Crm.UserRoles; Crm.UserTargets; Crm.Users; Crm.VariableIndexGroups; Crm.VariableIndexs; Crm.VirtualPosCommisions; Crm.VirtualPosLogs,
katilim.crm,Crm,Users,PrivatePhone,nvarchar(50),Evet,,Hayir,,Crm.Activities; Crm.ActivityRecords; Crm.ActivityTypes; Crm.AdForms; Crm.Advices; Crm.Announcement; Crm.AppointmentAssignments; Crm.Areas; Crm.AssignedBidApprovers; Crm.Authorities; Crm.BankDetails; Crm.BankLogs; Crm.Banks; Crm.BidInstallments; Crm.BranchCategories; Crm.CampaignBranches; Crm.CampaignItems; Crm.CampaignSources; Crm.Campaigns; Crm.CashPriceIntervalRates; Crm.ComplaintNotes; Crm.Complaints; Crm.ContractLeavingLogs; Crm.ContractLeavings; Crm.ContractProductDeliveryRange; Crm.ContractProducts; Crm.ContractRevisions; Crm.ContractTemplate; Crm.ContractTemplateVariables; Crm.CostForms; Crm.CostItems; Crm.CostTypes; Crm.Costs; Crm.CustomerLoginFaileds; Crm.CustomerLoginSmsFaileds; Crm.CustomerLogins; Crm.CustomerSources; Crm.Customers; Crm.DailyServicePricePaidLogs; Crm.DataAnalysisLogs; Crm.Debits; Crm.Deliveries; Crm.DeliveryCallHistories; Crm.DeliveryCallNotes; Crm.DeliveryCalls; Crm.DeliveryEmployees; Crm.DeliveryFiles; Crm.DeliveryPayments; Crm.DeliveryRanges; Crm.DeliveryWorkAdvances; Crm.Distraints; Crm.Documents; Crm.DrawCodes; Crm.Draws; Crm.ETesisTerkinContractIbans; Crm.ETesisTerkinIntegrations; Crm.FileTypeCategories; Crm.FileTypes; Crm.Files; Crm.Firms; Crm.GroupProducts; Crm.Groups; Crm.Guarantors; Crm.IntegrationApiLogs; Crm.IntegrationApiLogs250919; Crm.InternetSubeLogs; Crm.Inventories; Crm.InventoryDebits; Crm.InventoryTypes; Crm.InvoiceLogoLogs; Crm.IssueHistories; Crm.Issues; Crm.LeadForms; Crm.LoginFaileds; Crm.Logins; Crm.LogoLogs; Crm.LogoPayments; Crm.LogoServiceLogs; Crm.ManuelLeadForCallCenterQueues; Crm.MobileApplicationConfigurations; Crm.MobileConfigurationSettings; Crm.MobilePhoneNumbers; Crm.ModuleAuths; Crm.Modules; Crm.MortgageCosts; Crm.MortgageInsurances; Crm.MortgageLogs; Crm.MortgagePledgeVehicleBrandModels; Crm.MortgageTypes; Crm.Mortgages; Crm.Nationalities; Crm.NotaryLists; Crm.NotaryResults; Crm.NotificationGroupSubscriber; Crm.NotificationGroups; Crm.NotificationLogs; Crm.NotificationVariables; Crm.Occupations; Crm.OffsetLogs; Crm.OnlineUsers; Crm.Opportunities; Crm.OrganizationAreas; Crm.OrganizationHistories; Crm.OrganizationMonthlyTargets; Crm.Organizations; Crm.Performances; Crm.PlannedPeriodicDeliveryAmounts; Crm.Portfolios; Crm.PosPayments; Crm.PostVirmanQueues; Crm.PremiumBranchRates; Crm.PremiumContracts; Crm.PremiumItems; Crm.PremiumTimingGroups; Crm.PremiumTimings; Crm.PremiumUserTypeRates; Crm.Premiums; Crm.Products; Crm.QualityAnswers; Crm.QualityForms; Crm.QualityNotes; Crm.QualityQuestions; Crm.RepContracts; Crm.RepGifts; Crm.RepIbans; Crm.RepPaymentDetails; Crm.RepPaymentGroups; Crm.RepPayments; Crm.RepPointLogs; Crm.RepPoints; Crm.Reps; Crm.RestDays; Crm.RiskTrackingCosts; Crm.RiskTrackingLawyers; Crm.RiskTrackings; Crm.RoleTargets; Crm.Roles; Crm.ServiceConfigurations; Crm.ServiceRateRanges; Crm.Services; Crm.SetOffLogs; Crm.Simulations; Crm.SmsGroups; Crm.SmsLogs; Crm.SmsTemplates; Crm.SmsVerificationCodes; Crm.SustainabilityFeatureValues; Crm.SustainabilityReports; Crm.TicketHistories; Crm.Tickets; Crm.UnauthorizedProcessLogs; Crm.UserHistories; Crm.UserPortfolios; Crm.UserResponsibleBranches; Crm.UserRoles; Crm.UserTargets; Crm.Users; Crm.VariableIndexGroups; Crm.VariableIndexs; Crm.VirtualPosCommisions; Crm.VirtualPosLogs,
katilim.crm,Crm,Users,LeaveType,smallint,Evet,,Hayir,,Crm.Activities; Crm.ActivityRecords; Crm.ActivityTypes; Crm.AdForms; Crm.Advices; Crm.Announcement; Crm.AppointmentAssignments; Crm.Areas; Crm.AssignedBidApprovers; Crm.Authorities; Crm.BankDetails; Crm.BankLogs; Crm.Banks; Crm.BidInstallments; Crm.BranchCategories; Crm.CampaignBranches; Crm.CampaignItems; Crm.CampaignSources; Crm.Campaigns; Crm.CashPriceIntervalRates; Crm.ComplaintNotes; Crm.Complaints; Crm.ContractLeavingLogs; Crm.ContractLeavings; Crm.ContractProductDeliveryRange; Crm.ContractProducts; Crm.ContractRevisions; Crm.ContractTemplate; Crm.ContractTemplateVariables; Crm.CostForms; Crm.CostItems; Crm.CostTypes; Crm.Costs; Crm.CustomerLoginFaileds; Crm.CustomerLoginSmsFaileds; Crm.CustomerLogins; Crm.CustomerSources; Crm.Customers; Crm.DailyServicePricePaidLogs; Crm.DataAnalysisLogs; Crm.Debits; Crm.Deliveries; Crm.DeliveryCallHistories; Crm.DeliveryCallNotes; Crm.DeliveryCalls; Crm.DeliveryEmployees; Crm.DeliveryFiles; Crm.DeliveryPayments; Crm.DeliveryRanges; Crm.DeliveryWorkAdvances; Crm.Distraints; Crm.Documents; Crm.DrawCodes; Crm.Draws; Crm.ETesisTerkinContractIbans; Crm.ETesisTerkinIntegrations; Crm.FileTypeCategories; Crm.FileTypes; Crm.Files; Crm.Firms; Crm.GroupProducts; Crm.Groups; Crm.Guarantors; Crm.IntegrationApiLogs; Crm.IntegrationApiLogs250919; Crm.InternetSubeLogs; Crm.Inventories; Crm.InventoryDebits; Crm.InventoryTypes; Crm.InvoiceLogoLogs; Crm.IssueHistories; Crm.Issues; Crm.LeadForms; Crm.LoginFaileds; Crm.Logins; Crm.LogoLogs; Crm.LogoPayments; Crm.LogoServiceLogs; Crm.ManuelLeadForCallCenterQueues; Crm.MobileApplicationConfigurations; Crm.MobileConfigurationSettings; Crm.MobilePhoneNumbers; Crm.ModuleAuths; Crm.Modules; Crm.MortgageCosts; Crm.MortgageInsurances; Crm.MortgageLogs; Crm.MortgagePledgeVehicleBrandModels; Crm.MortgageTypes; Crm.Mortgages; Crm.Nationalities; Crm.NotaryLists; Crm.NotaryResults; Crm.NotificationGroupSubscriber; Crm.NotificationGroups; Crm.NotificationLogs; Crm.NotificationVariables; Crm.Occupations; Crm.OffsetLogs; Crm.OnlineUsers; Crm.Opportunities; Crm.OrganizationAreas; Crm.OrganizationHistories; Crm.OrganizationMonthlyTargets; Crm.Organizations; Crm.Performances; Crm.PlannedPeriodicDeliveryAmounts; Crm.Portfolios; Crm.PosPayments; Crm.PostVirmanQueues; Crm.PremiumBranchRates; Crm.PremiumContracts; Crm.PremiumItems; Crm.PremiumTimingGroups; Crm.PremiumTimings; Crm.PremiumUserTypeRates; Crm.Premiums; Crm.Products; Crm.QualityAnswers; Crm.QualityForms; Crm.QualityNotes; Crm.QualityQuestions; Crm.RepContracts; Crm.RepGifts; Crm.RepIbans; Crm.RepPaymentDetails; Crm.RepPaymentGroups; Crm.RepPayments; Crm.RepPointLogs; Crm.RepPoints; Crm.Reps; Crm.RestDays; Crm.RiskTrackingCosts; Crm.RiskTrackingLawyers; Crm.RiskTrackings; Crm.RoleTargets; Crm.Roles; Crm.ServiceConfigurations; Crm.ServiceRateRanges; Crm.Services; Crm.SetOffLogs; Crm.Simulations; Crm.SmsGroups; Crm.SmsLogs; Crm.SmsTemplates; Crm.SmsVerificationCodes; Crm.SustainabilityFeatureValues; Crm.SustainabilityReports; Crm.TicketHistories; Crm.Tickets; Crm.UnauthorizedProcessLogs; Crm.UserHistories; Crm.UserPortfolios; Crm.UserResponsibleBranches; Crm.UserRoles; Crm.UserTargets; Crm.Users; Crm.VariableIndexGroups; Crm.VariableIndexs; Crm.VirtualPosCommisions; Crm.VirtualPosLogs,
katilim.crm,Crm,Users,LeaveSubType,int,Evet,,Hayir,,Crm.Activities; Crm.ActivityRecords; Crm.ActivityTypes; Crm.AdForms; Crm.Advices; Crm.Announcement; Crm.AppointmentAssignments; Crm.Areas; Crm.AssignedBidApprovers; Crm.Authorities; Crm.BankDetails; Crm.BankLogs; Crm.Banks; Crm.BidInstallments; Crm.BranchCategories; Crm.CampaignBranches; Crm.CampaignItems; Crm.CampaignSources; Crm.Campaigns; Crm.CashPriceIntervalRates; Crm.ComplaintNotes; Crm.Complaints; Crm.ContractLeavingLogs; Crm.ContractLeavings; Crm.ContractProductDeliveryRange; Crm.ContractProducts; Crm.ContractRevisions; Crm.ContractTemplate; Crm.ContractTemplateVariables; Crm.CostForms; Crm.CostItems; Crm.CostTypes; Crm.Costs; Crm.CustomerLoginFaileds; Crm.CustomerLoginSmsFaileds; Crm.CustomerLogins; Crm.CustomerSources; Crm.Customers; Crm.DailyServicePricePaidLogs; Crm.DataAnalysisLogs; Crm.Debits; Crm.Deliveries; Crm.DeliveryCallHistories; Crm.DeliveryCallNotes; Crm.DeliveryCalls; Crm.DeliveryEmployees; Crm.DeliveryFiles; Crm.DeliveryPayments; Crm.DeliveryRanges; Crm.DeliveryWorkAdvances; Crm.Distraints; Crm.Documents; Crm.DrawCodes; Crm.Draws; Crm.ETesisTerkinContractIbans; Crm.ETesisTerkinIntegrations; Crm.FileTypeCategories; Crm.FileTypes; Crm.Files; Crm.Firms; Crm.GroupProducts; Crm.Groups; Crm.Guarantors; Crm.IntegrationApiLogs; Crm.IntegrationApiLogs250919; Crm.InternetSubeLogs; Crm.Inventories; Crm.InventoryDebits; Crm.InventoryTypes; Crm.InvoiceLogoLogs; Crm.IssueHistories; Crm.Issues; Crm.LeadForms; Crm.LoginFaileds; Crm.Logins; Crm.LogoLogs; Crm.LogoPayments; Crm.LogoServiceLogs; Crm.ManuelLeadForCallCenterQueues; Crm.MobileApplicationConfigurations; Crm.MobileConfigurationSettings; Crm.MobilePhoneNumbers; Crm.ModuleAuths; Crm.Modules; Crm.MortgageCosts; Crm.MortgageInsurances; Crm.MortgageLogs; Crm.MortgagePledgeVehicleBrandModels; Crm.MortgageTypes; Crm.Mortgages; Crm.Nationalities; Crm.NotaryLists; Crm.NotaryResults; Crm.NotificationGroupSubscriber; Crm.NotificationGroups; Crm.NotificationLogs; Crm.NotificationVariables; Crm.Occupations; Crm.OffsetLogs; Crm.OnlineUsers; Crm.Opportunities; Crm.OrganizationAreas; Crm.OrganizationHistories; Crm.OrganizationMonthlyTargets; Crm.Organizations; Crm.Performances; Crm.PlannedPeriodicDeliveryAmounts; Crm.Portfolios; Crm.PosPayments; Crm.PostVirmanQueues; Crm.PremiumBranchRates; Crm.PremiumContracts; Crm.PremiumItems; Crm.PremiumTimingGroups; Crm.PremiumTimings; Crm.PremiumUserTypeRates; Crm.Premiums; Crm.Products; Crm.QualityAnswers; Crm.QualityForms; Crm.QualityNotes; Crm.QualityQuestions; Crm.RepContracts; Crm.RepGifts; Crm.RepIbans; Crm.RepPaymentDetails; Crm.RepPaymentGroups; Crm.RepPayments; Crm.RepPointLogs; Crm.RepPoints; Crm.Reps; Crm.RestDays; Crm.RiskTrackingCosts; Crm.RiskTrackingLawyers; Crm.RiskTrackings; Crm.RoleTargets; Crm.Roles; Crm.ServiceConfigurations; Crm.ServiceRateRanges; Crm.Services; Crm.SetOffLogs; Crm.Simulations; Crm.SmsGroups; Crm.SmsLogs; Crm.SmsTemplates; Crm.SmsVerificationCodes; Crm.SustainabilityFeatureValues; Crm.SustainabilityReports; Crm.TicketHistories; Crm.Tickets; Crm.UnauthorizedProcessLogs; Crm.UserHistories; Crm.UserPortfolios; Crm.UserResponsibleBranches; Crm.UserRoles; Crm.UserTargets; Crm.Users; Crm.VariableIndexGroups; Crm.VariableIndexs; Crm.VirtualPosCommisions; Crm.VirtualPosLogs,
katilim.crm,Crm,Users,IsNewHash,bit,Evet,,Hayir,,Crm.Activities; Crm.ActivityRecords; Crm.ActivityTypes; Crm.AdForms; Crm.Advices; Crm.Announcement; Crm.AppointmentAssignments; Crm.Areas; Crm.AssignedBidApprovers; Crm.Authorities; Crm.BankDetails; Crm.BankLogs; Crm.Banks; Crm.BidInstallments; Crm.BranchCategories; Crm.CampaignBranches; Crm.CampaignItems; Crm.CampaignSources; Crm.Campaigns; Crm.CashPriceIntervalRates; Crm.ComplaintNotes; Crm.Complaints; Crm.ContractLeavingLogs; Crm.ContractLeavings; Crm.ContractProductDeliveryRange; Crm.ContractProducts; Crm.ContractRevisions; Crm.ContractTemplate; Crm.ContractTemplateVariables; Crm.CostForms; Crm.CostItems; Crm.CostTypes; Crm.Costs; Crm.CustomerLoginFaileds; Crm.CustomerLoginSmsFaileds; Crm.CustomerLogins; Crm.CustomerSources; Crm.Customers; Crm.DailyServicePricePaidLogs; Crm.DataAnalysisLogs; Crm.Debits; Crm.Deliveries; Crm.DeliveryCallHistories; Crm.DeliveryCallNotes; Crm.DeliveryCalls; Crm.DeliveryEmployees; Crm.DeliveryFiles; Crm.DeliveryPayments; Crm.DeliveryRanges; Crm.DeliveryWorkAdvances; Crm.Distraints; Crm.Documents; Crm.DrawCodes; Crm.Draws; Crm.ETesisTerkinContractIbans; Crm.ETesisTerkinIntegrations; Crm.FileTypeCategories; Crm.FileTypes; Crm.Files; Crm.Firms; Crm.GroupProducts; Crm.Groups; Crm.Guarantors; Crm.IntegrationApiLogs; Crm.IntegrationApiLogs250919; Crm.InternetSubeLogs; Crm.Inventories; Crm.InventoryDebits; Crm.InventoryTypes; Crm.InvoiceLogoLogs; Crm.IssueHistories; Crm.Issues; Crm.LeadForms; Crm.LoginFaileds; Crm.Logins; Crm.LogoLogs; Crm.LogoPayments; Crm.LogoServiceLogs; Crm.ManuelLeadForCallCenterQueues; Crm.MobileApplicationConfigurations; Crm.MobileConfigurationSettings; Crm.MobilePhoneNumbers; Crm.ModuleAuths; Crm.Modules; Crm.MortgageCosts; Crm.MortgageInsurances; Crm.MortgageLogs; Crm.MortgagePledgeVehicleBrandModels; Crm.MortgageTypes; Crm.Mortgages; Crm.Nationalities; Crm.NotaryLists; Crm.NotaryResults; Crm.NotificationGroupSubscriber; Crm.NotificationGroups; Crm.NotificationLogs; Crm.NotificationVariables; Crm.Occupations; Crm.OffsetLogs; Crm.OnlineUsers; Crm.Opportunities; Crm.OrganizationAreas; Crm.OrganizationHistories; Crm.OrganizationMonthlyTargets; Crm.Organizations; Crm.Performances; Crm.PlannedPeriodicDeliveryAmounts; Crm.Portfolios; Crm.PosPayments; Crm.PostVirmanQueues; Crm.PremiumBranchRates; Crm.PremiumContracts; Crm.PremiumItems; Crm.PremiumTimingGroups; Crm.PremiumTimings; Crm.PremiumUserTypeRates; Crm.Premiums; Crm.Products; Crm.QualityAnswers; Crm.QualityForms; Crm.QualityNotes; Crm.QualityQuestions; Crm.RepContracts; Crm.RepGifts; Crm.RepIbans; Crm.RepPaymentDetails; Crm.RepPaymentGroups; Crm.RepPayments; Crm.RepPointLogs; Crm.RepPoints; Crm.Reps; Crm.RestDays; Crm.RiskTrackingCosts; Crm.RiskTrackingLawyers; Crm.RiskTrackings; Crm.RoleTargets; Crm.Roles; Crm.ServiceConfigurations; Crm.ServiceRateRanges; Crm.Services; Crm.SetOffLogs; Crm.Simulations; Crm.SmsGroups; Crm.SmsLogs; Crm.SmsTemplates; Crm.SmsVerificationCodes; Crm.SustainabilityFeatureValues; Crm.SustainabilityReports; Crm.TicketHistories; Crm.Tickets; Crm.UnauthorizedProcessLogs; Crm.UserHistories; Crm.UserPortfolios; Crm.UserResponsibleBranches; Crm.UserRoles; Crm.UserTargets; Crm.Users; Crm.VariableIndexGroups; Crm.VariableIndexs; Crm.VirtualPosCommisions; Crm.VirtualPosLogs,
katilim.crm,Crm,Users,OutSourceEmail,nvarchar(50),Evet,,Hayir,,Crm.Activities; Crm.ActivityRecords; Crm.ActivityTypes; Crm.AdForms; Crm.Advices; Crm.Announcement; Crm.AppointmentAssignments; Crm.Areas; Crm.AssignedBidApprovers; Crm.Authorities; Crm.BankDetails; Crm.BankLogs; Crm.Banks; Crm.BidInstallments; Crm.BranchCategories; Crm.CampaignBranches; Crm.CampaignItems; Crm.CampaignSources; Crm.Campaigns; Crm.CashPriceIntervalRates; Crm.ComplaintNotes; Crm.Complaints; Crm.ContractLeavingLogs; Crm.ContractLeavings; Crm.ContractProductDeliveryRange; Crm.ContractProducts; Crm.ContractRevisions; Crm.ContractTemplate; Crm.ContractTemplateVariables; Crm.CostForms; Crm.CostItems; Crm.CostTypes; Crm.Costs; Crm.CustomerLoginFaileds; Crm.CustomerLoginSmsFaileds; Crm.CustomerLogins; Crm.CustomerSources; Crm.Customers; Crm.DailyServicePricePaidLogs; Crm.DataAnalysisLogs; Crm.Debits; Crm.Deliveries; Crm.DeliveryCallHistories; Crm.DeliveryCallNotes; Crm.DeliveryCalls; Crm.DeliveryEmployees; Crm.DeliveryFiles; Crm.DeliveryPayments; Crm.DeliveryRanges; Crm.DeliveryWorkAdvances; Crm.Distraints; Crm.Documents; Crm.DrawCodes; Crm.Draws; Crm.ETesisTerkinContractIbans; Crm.ETesisTerkinIntegrations; Crm.FileTypeCategories; Crm.FileTypes; Crm.Files; Crm.Firms; Crm.GroupProducts; Crm.Groups; Crm.Guarantors; Crm.IntegrationApiLogs; Crm.IntegrationApiLogs250919; Crm.InternetSubeLogs; Crm.Inventories; Crm.InventoryDebits; Crm.InventoryTypes; Crm.InvoiceLogoLogs; Crm.IssueHistories; Crm.Issues; Crm.LeadForms; Crm.LoginFaileds; Crm.Logins; Crm.LogoLogs; Crm.LogoPayments; Crm.LogoServiceLogs; Crm.ManuelLeadForCallCenterQueues; Crm.MobileApplicationConfigurations; Crm.MobileConfigurationSettings; Crm.MobilePhoneNumbers; Crm.ModuleAuths; Crm.Modules; Crm.MortgageCosts; Crm.MortgageInsurances; Crm.MortgageLogs; Crm.MortgagePledgeVehicleBrandModels; Crm.MortgageTypes; Crm.Mortgages; Crm.Nationalities; Crm.NotaryLists; Crm.NotaryResults; Crm.NotificationGroupSubscriber; Crm.NotificationGroups; Crm.NotificationLogs; Crm.NotificationVariables; Crm.Occupations; Crm.OffsetLogs; Crm.OnlineUsers; Crm.Opportunities; Crm.OrganizationAreas; Crm.OrganizationHistories; Crm.OrganizationMonthlyTargets; Crm.Organizations; Crm.Performances; Crm.PlannedPeriodicDeliveryAmounts; Crm.Portfolios; Crm.PosPayments; Crm.PostVirmanQueues; Crm.PremiumBranchRates; Crm.PremiumContracts; Crm.PremiumItems; Crm.PremiumTimingGroups; Crm.PremiumTimings; Crm.PremiumUserTypeRates; Crm.Premiums; Crm.Products; Crm.QualityAnswers; Crm.QualityForms; Crm.QualityNotes; Crm.QualityQuestions; Crm.RepContracts; Crm.RepGifts; Crm.RepIbans; Crm.RepPaymentDetails; Crm.RepPaymentGroups; Crm.RepPayments; Crm.RepPointLogs; Crm.RepPoints; Crm.Reps; Crm.RestDays; Crm.RiskTrackingCosts; Crm.RiskTrackingLawyers; Crm.RiskTrackings; Crm.RoleTargets; Crm.Roles; Crm.ServiceConfigurations; Crm.ServiceRateRanges; Crm.Services; Crm.SetOffLogs; Crm.Simulations; Crm.SmsGroups; Crm.SmsLogs; Crm.SmsTemplates; Crm.SmsVerificationCodes; Crm.SustainabilityFeatureValues; Crm.SustainabilityReports; Crm.TicketHistories; Crm.Tickets; Crm.UnauthorizedProcessLogs; Crm.UserHistories; Crm.UserPortfolios; Crm.UserResponsibleBranches; Crm.UserRoles; Crm.UserTargets; Crm.Users; Crm.VariableIndexGroups; Crm.VariableIndexs; Crm.VirtualPosCommisions; Crm.VirtualPosLogs,
katilim.crm,Crm,UserTargets,Uid,uniqueidentifier,Hayir,,Evet,,Crm.Users,
katilim.crm,Crm,UserTargets,UpdatedAt,datetime2(7),Evet,,Hayir,,Crm.Users,
katilim.crm,Crm,UserTargets,DeletedAt,datetime2(7),Evet,,Hayir,,Crm.Users,
katilim.crm,Crm,UserTargets,CreatedAt,datetime2(7),Hayir,,Hayir,,Crm.Users,
katilim.crm,Crm,UserTargets,CreatedBy,uniqueidentifier,Evet,,Hayir,Crm.Users.Uid,Crm.Users,
katilim.crm,Crm,UserTargets,UpdatedBy,uniqueidentifier,Evet,,Hayir,Crm.Users.Uid,Crm.Users,
katilim.crm,Crm,UserTargets,DeletedBy,uniqueidentifier,Evet,,Hayir,Crm.Users.Uid,Crm.Users,
katilim.crm,Crm,UserTargets,Deleted,bit,Hayir,,Hayir,,Crm.Users,
katilim.crm,Crm,UserTargets,UserUid,uniqueidentifier,Hayir,,Hayir,Crm.Users.Uid,Crm.Users,
katilim.crm,Crm,UserTargets,ReferanceTarget,int,Hayir,,Hayir,,Crm.Users,
katilim.crm,Crm,UserTargets,AppointmentTarget,int,Hayir,,Hayir,,Crm.Users,
katilim.crm,Crm,UserTargets,ContractTarget,int,Hayir,,Hayir,,Crm.Users,
katilim.crm,Crm,UserTargets,Month,int,Hayir,,Hayir,,Crm.Users,
katilim.crm,Crm,UserTargets,Year,int,Hayir,,Hayir,,Crm.Users,
katilim.crm,Crm,UserTargets,GiroTarget,"decimal(18,2)",Hayir,,Hayir,,Crm.Users,
katilim.crm,Crm,UserTargets,MaxReferanceScore,int,Hayir,,Hayir,,Crm.Users,
katilim.crm,Crm,UserTargets,MaxAppointmentScore,int,Hayir,,Hayir,,Crm.Users,
katilim.crm,Crm,UserTargets,MaxContractScore,int,Hayir,,Hayir,,Crm.Users,
katilim.crm,Crm,UserTargets,MaxGiroScore,int,Hayir,,Hayir,,Crm.Users,
katilim.crm,Crm,UserTargets,MaxReferanceScorePlus,int,Hayir,,Hayir,,Crm.Users,
katilim.crm,Crm,UserTargets,MaxAppointmentScorePlus,int,Hayir,,Hayir,,Crm.Users,
katilim.crm,Crm,UserTargets,MaxContractScorePlus,int,Hayir,,Hayir,,Crm.Users,
katilim.crm,Crm,UserTargets,MaxGiroScorePlus,int,Hayir,,Hayir,,Crm.Users,
katilim.crm,Crm,UserTargets,PerformanceTarget,int,Evet,,Hayir,,Crm.Users,
katilim.crm,Crm,UserTargets,MaxPerformanceScore,int,Evet,,Hayir,,Crm.Users,
katilim.crm,Crm,UserTargets,MaxPerformanceScorePlus,int,Evet,,Hayir,,Crm.Users,
katilim.crm,Crm,VariableIndexGroups,Uid,uniqueidentifier,Hayir,,Evet,,Crm.Products; Crm.Users; Crm.VariableIndexs,
katilim.crm,Crm,VariableIndexGroups,UpdatedAt,datetime2(7),Evet,,Hayir,,Crm.Products; Crm.Users; Crm.VariableIndexs,
katilim.crm,Crm,VariableIndexGroups,DeletedAt,datetime2(7),Evet,,Hayir,,Crm.Products; Crm.Users; Crm.VariableIndexs,
katilim.crm,Crm,VariableIndexGroups,CreatedAt,datetime2(7),Hayir,,Hayir,,Crm.Products; Crm.Users; Crm.VariableIndexs,
katilim.crm,Crm,VariableIndexGroups,CreatedBy,uniqueidentifier,Evet,,Hayir,Crm.Users.Uid,Crm.Products; Crm.Users; Crm.VariableIndexs,
katilim.crm,Crm,VariableIndexGroups,UpdatedBy,uniqueidentifier,Evet,,Hayir,Crm.Users.Uid,Crm.Products; Crm.Users; Crm.VariableIndexs,
katilim.crm,Crm,VariableIndexGroups,DeletedBy,uniqueidentifier,Evet,,Hayir,Crm.Users.Uid,Crm.Products; Crm.Users; Crm.VariableIndexs,
katilim.crm,Crm,VariableIndexGroups,Deleted,bit,Hayir,,Hayir,,Crm.Products; Crm.Users; Crm.VariableIndexs,
katilim.crm,Crm,VariableIndexGroups,Name,nvarchar(100),Evet,,Hayir,,Crm.Products; Crm.Users; Crm.VariableIndexs,
katilim.crm,Crm,VariableIndexGroups,ShortName,nvarchar(100),Evet,,Hayir,,Crm.Products; Crm.Users; Crm.VariableIndexs,
katilim.crm,Crm,VariableIndexGroups,IsRate,bit,Hayir,,Hayir,,Crm.Products; Crm.Users; Crm.VariableIndexs,
katilim.crm,Crm,VariableIndexs,Uid,uniqueidentifier,Hayir,,Evet,,Crm.Users; Crm.VariableIndexGroups,
katilim.crm,Crm,VariableIndexs,UpdatedAt,datetime2(7),Evet,,Hayir,,Crm.Users; Crm.VariableIndexGroups,
katilim.crm,Crm,VariableIndexs,DeletedAt,datetime2(7),Evet,,Hayir,,Crm.Users; Crm.VariableIndexGroups,
katilim.crm,Crm,VariableIndexs,CreatedAt,datetime2(7),Hayir,,Hayir,,Crm.Users; Crm.VariableIndexGroups,
katilim.crm,Crm,VariableIndexs,CreatedBy,uniqueidentifier,Evet,,Hayir,Crm.Users.Uid,Crm.Users; Crm.VariableIndexGroups,
katilim.crm,Crm,VariableIndexs,UpdatedBy,uniqueidentifier,Evet,,Hayir,Crm.Users.Uid,Crm.Users; Crm.VariableIndexGroups,
katilim.crm,Crm,VariableIndexs,DeletedBy,uniqueidentifier,Evet,,Hayir,Crm.Users.Uid,Crm.Users; Crm.VariableIndexGroups,
katilim.crm,Crm,VariableIndexs,Deleted,bit,Hayir,,Hayir,,Crm.Users; Crm.VariableIndexGroups,
katilim.crm,Crm,VariableIndexs,Rate,"decimal(18,2)",Hayir,,Hayir,,Crm.Users; Crm.VariableIndexGroups,
katilim.crm,Crm,VariableIndexs,Value,"decimal(18,2)",Hayir,,Hayir,,Crm.Users; Crm.VariableIndexGroups,
katilim.crm,Crm,VariableIndexs,Date,datetime2(7),Hayir,,Hayir,,Crm.Users; Crm.VariableIndexGroups,
katilim.crm,Crm,VariableIndexs,VariableIndexGroupUid,uniqueidentifier,Evet,,Hayir,Crm.VariableIndexGroups.Uid,Crm.Users; Crm.VariableIndexGroups,
katilim.crm,Crm,VirtualPosCommisions,Uid,uniqueidentifier,Hayir,,Evet,,Crm.Users,
katilim.crm,Crm,VirtualPosCommisions,UpdatedAt,datetime2(7),Evet,,Hayir,,Crm.Users,
katilim.crm,Crm,VirtualPosCommisions,DeletedAt,datetime2(7),Evet,,Hayir,,Crm.Users,
katilim.crm,Crm,VirtualPosCommisions,CreatedAt,datetime2(7),Hayir,,Hayir,,Crm.Users,
katilim.crm,Crm,VirtualPosCommisions,CreatedBy,uniqueidentifier,Evet,,Hayir,Crm.Users.Uid,Crm.Users,
katilim.crm,Crm,VirtualPosCommisions,UpdatedBy,uniqueidentifier,Evet,,Hayir,Crm.Users.Uid,Crm.Users,
katilim.crm,Crm,VirtualPosCommisions,DeletedBy,uniqueidentifier,Evet,,Hayir,Crm.Users.Uid,Crm.Users,
katilim.crm,Crm,VirtualPosCommisions,Deleted,bit,Hayir,,Hayir,,Crm.Users,
katilim.crm,Crm,VirtualPosCommisions,BanklogUid,uniqueidentifier,Evet,,Hayir,,Crm.Users,
katilim.crm,Crm,VirtualPosCommisions,OrderId,nvarchar(100),Evet,,Hayir,,Crm.Users,
katilim.crm,Crm,VirtualPosCommisions,ContractUid,uniqueidentifier,Evet,,Hayir,,Crm.Users,
katilim.crm,Crm,VirtualPosCommisions,TotalAmount,"decimal(18,2)",Hayir,,Hayir,,Crm.Users,
katilim.crm,Crm,VirtualPosCommisions,CommisionAmount,"decimal(18,2)",Hayir,,Hayir,,Crm.Users,
katilim.crm,Crm,VirtualPosCommisions,CommisionRate,"decimal(18,2)",Hayir,,Hayir,,Crm.Users,
katilim.crm,Crm,VirtualPosCommisions,CashCommisionRate,"decimal(18,2)",Evet,,Hayir,,Crm.Users,
katilim.crm,Crm,VirtualPosCommisions,CashCommisionAmount,"decimal(18,2)",Evet,,Hayir,,Crm.Users,
katilim.crm,Crm,VirtualPosLogs,Uid,uniqueidentifier,Hayir,,Evet,,Crm.Users,
katilim.crm,Crm,VirtualPosLogs,UpdatedAt,datetime2(7),Evet,,Hayir,,Crm.Users,
katilim.crm,Crm,VirtualPosLogs,DeletedAt,datetime2(7),Evet,,Hayir,,Crm.Users,
katilim.crm,Crm,VirtualPosLogs,CreatedAt,datetime2(7),Hayir,,Hayir,,Crm.Users,
katilim.crm,Crm,VirtualPosLogs,CreatedBy,uniqueidentifier,Evet,,Hayir,Crm.Users.Uid,Crm.Users,
katilim.crm,Crm,VirtualPosLogs,UpdatedBy,uniqueidentifier,Evet,,Hayir,Crm.Users.Uid,Crm.Users,
katilim.crm,Crm,VirtualPosLogs,DeletedBy,uniqueidentifier,Evet,,Hayir,Crm.Users.Uid,Crm.Users,
katilim.crm,Crm,VirtualPosLogs,Deleted,bit,Hayir,,Hayir,,Crm.Users,
katilim.crm,Crm,VirtualPosLogs,ContractUid,uniqueidentifier,Evet,,Hayir,,Crm.Users,
katilim.crm,Crm,VirtualPosLogs,OrderId,nvarchar(100),Evet,,Hayir,,Crm.Users,
katilim.crm,Crm,VirtualPosLogs,MerchantID,nvarchar(100),Evet,,Hayir,,Crm.Users,
katilim.crm,Crm,VirtualPosLogs,Amount,"decimal(18,2)",Hayir,,Hayir,,Crm.Users,
katilim.crm,Crm,VirtualPosLogs,MD,nvarchar(500),Evet,,Hayir,,Crm.Users,
katilim.crm,Crm,VirtualPosLogs,HashData,nvarchar(200),Evet,,Hayir,,Crm.Users,
katilim.crm,Crm,VirtualPosLogs,Response,nvarchar(100),Evet,,Hayir,,Crm.Users,
katilim.crm,Crm,VirtualPosLogs,ProvisionNumber,nvarchar(200),Evet,,Hayir,,Crm.Users,
katilim.crm,Crm,VirtualPosLogs,RRN,nvarchar(200),Evet,,Hayir,,Crm.Users,
katilim.crm,Crm,VirtualPosLogs,Stan,nvarchar(200),Evet,,Hayir,,Crm.Users,
katilim.crm,Crm,VirtualPosLogs,ResponseMessage,nvarchar(200),Evet,,Hayir,,Crm.Users,
katilim.crm,Crm,VirtualPosLogs,ResponseCode,nvarchar(200),Evet,,Hayir,,Crm.Users,
katilim.crm,Crm,VirtualPosLogs,MerchantOrderId,nvarchar(200),Evet,,Hayir,,Crm.Users,
katilim.crm,Crm,VirtualPosLogs,BankCode,nvarchar(200),Evet,,Hayir,,Crm.Users,
katilim.crm,Crm,VirtualPosLogs,Status,smallint,Hayir,,Hayir,,Crm.Users,
katilim.crm,Crm,VirtualPosLogs,Message,nvarchar(max),Evet,,Hayir,,Crm.Users,
katilim.crm,Crm,VirtualPosLogs,BankLogUid,uniqueidentifier,Evet,,Hayir,,Crm.Users,
katilim.crm,Crm,VirtualPosLogs,InQueue,bit,Hayir,((0)),Hayir,,Crm.Users,
katilim.crm,Crm,VirtualPosLogs,CommisionAmount,"decimal(18,2)",Hayir,((0)),Hayir,,Crm.Users,
katilim.crm,Crm,VirtualPosLogs,CommisionRate,"decimal(18,2)",Hayir,((0)),Hayir,,Crm.Users,
katilim.crm,Crm,VirtualPosLogs,InstallmentCount,int,Evet,((1)),Hayir,,Crm.Users,
katilim.crm,Crm,VirtualPosLogs,PaymentDate,datetime2(7),Evet,,Hayir,,Crm.Users,
katilim.crm,Crm,VirtualPosLogs,CashCommisionRate,"decimal(18,2)",Evet,,Hayir,,Crm.Users,
katilim.crm,Crm,VirtualPosLogs,CashCommisionAmount,"decimal(18,2)",Evet,,Hayir,,Crm.Users,
katilim.crm,Crm,VirtualPosLogs,CanPayServicePriceInstbyVP,bit,Evet,,Hayir,,Crm.Users,
katilim.crm,Crm,VirtualPosLogs,LogoStatus,smallint,Evet,,Hayir,,Crm.Users,
katilim.crm,Crm,VirtualPosLogs,PosId,int,Evet,,Hayir,,Crm.Users,
